solid OpenSCAD_Model
  facet normal 1 0 0
    outer loop
      vertex 30 8 16
      vertex 30 6.03806 8.37988
      vertex 30 8 4
    endloop
  endfacet
  facet normal 1 0 0
    outer loop
      vertex 30 8 16
      vertex 30 5.94284 9.13366
      vertex 30 6.03806 8.37988
    endloop
  endfacet
  facet normal 1 0 0
    outer loop
      vertex 30 8 16
      vertex 30 5.75389 9.86955
      vertex 30 5.94284 9.13366
    endloop
  endfacet
  facet normal 1 0 0
    outer loop
      vertex 30 8 16
      vertex 30 5.4742 10.576
      vertex 30 5.75389 9.86955
    endloop
  endfacet
  facet normal 1 0 0
    outer loop
      vertex 30 8 16
      vertex 30 5.10818 11.2418
      vertex 30 5.4742 10.576
    endloop
  endfacet
  facet normal 1 0 0
    outer loop
      vertex 30 8 16
      vertex 30 4.6616 11.8564
      vertex 30 5.10818 11.2418
    endloop
  endfacet
  facet normal 1 0 0
    outer loop
      vertex 30 8 16
      vertex 30 4.14151 12.4103
      vertex 30 4.6616 11.8564
    endloop
  endfacet
  facet normal 1 0 0
    outer loop
      vertex 30 8 16
      vertex 30 3.5561 12.8946
      vertex 30 4.14151 12.4103
    endloop
  endfacet
  facet normal 1 0 0
    outer loop
      vertex 30 8 16
      vertex 30 2.91461 13.3017
      vertex 30 3.5561 12.8946
    endloop
  endfacet
  facet normal 1 0 0
    outer loop
      vertex 30 8 16
      vertex 30 2.22715 13.6251
      vertex 30 2.91461 13.3017
    endloop
  endfacet
  facet normal 1 0 0
    outer loop
      vertex 30 8 16
      vertex 30 1.50457 13.8599
      vertex 30 2.22715 13.6251
    endloop
  endfacet
  facet normal 1 0 0
    outer loop
      vertex 30 8 16
      vertex 30 0.758265 14.0023
      vertex 30 1.50457 13.8599
    endloop
  endfacet
  facet normal 1 0 0
    outer loop
      vertex 30 8 16
      vertex 30 0 14.05
      vertex 30 0.758265 14.0023
    endloop
  endfacet
  facet normal 1 -0 0
    outer loop
      vertex 30 -8 16
      vertex 30 0 14.05
      vertex 30 8 16
    endloop
  endfacet
  facet normal 1 0 0
    outer loop
      vertex 30 0 14.05
      vertex 30 -8 16
      vertex 30 -0.758265 14.0023
    endloop
  endfacet
  facet normal 1 0 0
    outer loop
      vertex 30 -6.03806 8.37988
      vertex 30 -8 16
      vertex 30 -6.03806 7.62012
    endloop
  endfacet
  facet normal 1 0 0
    outer loop
      vertex 30 -5.94284 9.13366
      vertex 30 -8 16
      vertex 30 -6.03806 8.37988
    endloop
  endfacet
  facet normal 1 0 0
    outer loop
      vertex 30 -5.75389 9.86955
      vertex 30 -8 16
      vertex 30 -5.94284 9.13366
    endloop
  endfacet
  facet normal 1 0 0
    outer loop
      vertex 30 -5.4742 10.576
      vertex 30 -8 16
      vertex 30 -5.75389 9.86955
    endloop
  endfacet
  facet normal 1 0 0
    outer loop
      vertex 30 -5.10818 11.2418
      vertex 30 -8 16
      vertex 30 -5.4742 10.576
    endloop
  endfacet
  facet normal 1 0 0
    outer loop
      vertex 30 -4.6616 11.8564
      vertex 30 -8 16
      vertex 30 -5.10818 11.2418
    endloop
  endfacet
  facet normal 1 0 0
    outer loop
      vertex 30 -4.14151 12.4103
      vertex 30 -8 16
      vertex 30 -4.6616 11.8564
    endloop
  endfacet
  facet normal 1 0 0
    outer loop
      vertex 30 -3.5561 12.8946
      vertex 30 -8 16
      vertex 30 -4.14151 12.4103
    endloop
  endfacet
  facet normal 1 0 0
    outer loop
      vertex 30 -2.91461 13.3017
      vertex 30 -8 16
      vertex 30 -3.5561 12.8946
    endloop
  endfacet
  facet normal 1 0 0
    outer loop
      vertex 30 -2.22715 13.6251
      vertex 30 -8 16
      vertex 30 -2.91461 13.3017
    endloop
  endfacet
  facet normal 1 0 0
    outer loop
      vertex 30 -1.50457 13.8599
      vertex 30 -8 16
      vertex 30 -2.22715 13.6251
    endloop
  endfacet
  facet normal 1 0 0
    outer loop
      vertex 30 -0.758265 14.0023
      vertex 30 -8 16
      vertex 30 -1.50457 13.8599
    endloop
  endfacet
  facet normal 1 -0 0
    outer loop
      vertex 30 8 4
      vertex 30 47 0
      vertex 30 47 4
    endloop
  endfacet
  facet normal 1 -0 0
    outer loop
      vertex 30 6.03806 7.62012
      vertex 30 8 4
      vertex 30 6.03806 8.37988
    endloop
  endfacet
  facet normal 1 -0 0
    outer loop
      vertex 30 5.94284 6.86634
      vertex 30 8 4
      vertex 30 6.03806 7.62012
    endloop
  endfacet
  facet normal 1 -0 0
    outer loop
      vertex 30 5.75389 6.13045
      vertex 30 8 4
      vertex 30 5.94284 6.86634
    endloop
  endfacet
  facet normal 1 -0 0
    outer loop
      vertex 30 5.4742 5.42404
      vertex 30 8 4
      vertex 30 5.75389 6.13045
    endloop
  endfacet
  facet normal 1 -0 0
    outer loop
      vertex 30 5.10818 4.75825
      vertex 30 8 4
      vertex 30 5.4742 5.42404
    endloop
  endfacet
  facet normal 1 -0 0
    outer loop
      vertex 30 4.6616 4.14359
      vertex 30 8 4
      vertex 30 5.10818 4.75825
    endloop
  endfacet
  facet normal 1 0 0
    outer loop
      vertex 30 4.14151 3.58974
      vertex 30 8 4
      vertex 30 4.6616 4.14359
    endloop
  endfacet
  facet normal 1 0 0
    outer loop
      vertex 30 3.5561 3.10545
      vertex 30 8 4
      vertex 30 4.14151 3.58974
    endloop
  endfacet
  facet normal 1 0 0
    outer loop
      vertex 30 2.91461 2.69835
      vertex 30 8 4
      vertex 30 3.5561 3.10545
    endloop
  endfacet
  facet normal 1 0 0
    outer loop
      vertex 30 2.22715 2.37485
      vertex 30 8 4
      vertex 30 2.91461 2.69835
    endloop
  endfacet
  facet normal 1 0 0
    outer loop
      vertex 30 8 4
      vertex 30 2.22715 2.37485
      vertex 30 47 0
    endloop
  endfacet
  facet normal 1 -0 0
    outer loop
      vertex 30 1.50457 2.14007
      vertex 30 47 0
      vertex 30 2.22715 2.37485
    endloop
  endfacet
  facet normal 1 -0 0
    outer loop
      vertex 30 0.758265 1.99771
      vertex 30 47 0
      vertex 30 1.50457 2.14007
    endloop
  endfacet
  facet normal 1 0 0
    outer loop
      vertex 30 -8 0
      vertex 30 0.758265 1.99771
      vertex 30 0 1.95
    endloop
  endfacet
  facet normal 1 0 0
    outer loop
      vertex 30 -8 0
      vertex 30 -6.03806 7.62012
      vertex 30 -8 16
    endloop
  endfacet
  facet normal 1 0 0
    outer loop
      vertex 30 0.758265 1.99771
      vertex 30 -8 0
      vertex 30 47 0
    endloop
  endfacet
  facet normal 1 0 0
    outer loop
      vertex 30 -0.758265 1.99771
      vertex 30 -8 0
      vertex 30 0 1.95
    endloop
  endfacet
  facet normal 1 0 0
    outer loop
      vertex 30 -1.50457 2.14007
      vertex 30 -8 0
      vertex 30 -0.758265 1.99771
    endloop
  endfacet
  facet normal 1 0 0
    outer loop
      vertex 30 -2.22715 2.37485
      vertex 30 -8 0
      vertex 30 -1.50457 2.14007
    endloop
  endfacet
  facet normal 1 0 0
    outer loop
      vertex 30 -2.91461 2.69835
      vertex 30 -8 0
      vertex 30 -2.22715 2.37485
    endloop
  endfacet
  facet normal 1 0 0
    outer loop
      vertex 30 -3.5561 3.10545
      vertex 30 -8 0
      vertex 30 -2.91461 2.69835
    endloop
  endfacet
  facet normal 1 0 0
    outer loop
      vertex 30 -4.14151 3.58974
      vertex 30 -8 0
      vertex 30 -3.5561 3.10545
    endloop
  endfacet
  facet normal 1 0 0
    outer loop
      vertex 30 -4.6616 4.14359
      vertex 30 -8 0
      vertex 30 -4.14151 3.58974
    endloop
  endfacet
  facet normal 1 0 0
    outer loop
      vertex 30 -5.10818 4.75825
      vertex 30 -8 0
      vertex 30 -4.6616 4.14359
    endloop
  endfacet
  facet normal 1 0 0
    outer loop
      vertex 30 -5.4742 5.42404
      vertex 30 -8 0
      vertex 30 -5.10818 4.75825
    endloop
  endfacet
  facet normal 1 0 0
    outer loop
      vertex 30 -5.75389 6.13045
      vertex 30 -8 0
      vertex 30 -5.4742 5.42404
    endloop
  endfacet
  facet normal 1 0 0
    outer loop
      vertex 30 -5.94284 6.86634
      vertex 30 -8 0
      vertex 30 -5.75389 6.13045
    endloop
  endfacet
  facet normal 1 0 0
    outer loop
      vertex 30 -6.03806 7.62012
      vertex 30 -8 0
      vertex 30 -5.94284 6.86634
    endloop
  endfacet
  facet normal 1 0 0
    outer loop
      vertex 30 4.86232 8.92754
      vertex 30 4.94023 7.68919
      vertex 30 4.94023 8.31081
    endloop
  endfacet
  facet normal 1 0 0
    outer loop
      vertex 30 4.86232 8.92754
      vertex 30 4.86232 7.07246
      vertex 30 4.94023 7.68919
    endloop
  endfacet
  facet normal 1 0 0
    outer loop
      vertex 30 4.70773 9.52963
      vertex 30 4.86232 7.07246
      vertex 30 4.86232 8.92754
    endloop
  endfacet
  facet normal 1 0 0
    outer loop
      vertex 30 4.70773 9.52963
      vertex 30 4.70773 6.47037
      vertex 30 4.86232 7.07246
    endloop
  endfacet
  facet normal 1 0 0
    outer loop
      vertex 30 4.47889 10.1076
      vertex 30 4.70773 6.47037
      vertex 30 4.70773 9.52963
    endloop
  endfacet
  facet normal 1 0 0
    outer loop
      vertex 30 4.47889 10.1076
      vertex 30 4.47889 5.89239
      vertex 30 4.70773 6.47037
    endloop
  endfacet
  facet normal 1 0 0
    outer loop
      vertex 30 4.17942 10.6523
      vertex 30 4.47889 5.89239
      vertex 30 4.47889 10.1076
    endloop
  endfacet
  facet normal 1 0 0
    outer loop
      vertex 30 4.17942 10.6523
      vertex 30 4.17942 5.34766
      vertex 30 4.47889 5.89239
    endloop
  endfacet
  facet normal 1 0 0
    outer loop
      vertex 30 3.81404 11.1552
      vertex 30 4.17942 5.34766
      vertex 30 4.17942 10.6523
    endloop
  endfacet
  facet normal 1 0 0
    outer loop
      vertex 30 3.81404 11.1552
      vertex 30 3.81404 4.84475
      vertex 30 4.17942 5.34766
    endloop
  endfacet
  facet normal 1 0 0
    outer loop
      vertex 30 3.38851 11.6084
      vertex 30 3.81404 4.84475
      vertex 30 3.81404 11.1552
    endloop
  endfacet
  facet normal 1 0 0
    outer loop
      vertex 30 3.38851 11.6084
      vertex 30 3.38851 4.39161
      vertex 30 3.81404 4.84475
    endloop
  endfacet
  facet normal 1 0 0
    outer loop
      vertex 30 2.90954 12.0046
      vertex 30 3.38851 4.39161
      vertex 30 3.38851 11.6084
    endloop
  endfacet
  facet normal 1 0 0
    outer loop
      vertex 30 2.90954 12.0046
      vertex 30 2.90954 3.99537
      vertex 30 3.38851 4.39161
    endloop
  endfacet
  facet normal 1 0 0
    outer loop
      vertex 30 2.38468 12.3377
      vertex 30 2.90954 3.99537
      vertex 30 2.90954 12.0046
    endloop
  endfacet
  facet normal 1 0 0
    outer loop
      vertex 30 2.38468 12.3377
      vertex 30 2.38468 3.66228
      vertex 30 2.90954 3.99537
    endloop
  endfacet
  facet normal 1 0 0
    outer loop
      vertex 30 1.82222 12.6024
      vertex 30 2.38468 3.66228
      vertex 30 2.38468 12.3377
    endloop
  endfacet
  facet normal 1 0 0
    outer loop
      vertex 30 1.82222 12.6024
      vertex 30 1.82222 3.39761
      vertex 30 2.38468 3.66228
    endloop
  endfacet
  facet normal 1 0 0
    outer loop
      vertex 30 1.23101 12.7945
      vertex 30 1.82222 3.39761
      vertex 30 1.82222 12.6024
    endloop
  endfacet
  facet normal 1 0 0
    outer loop
      vertex 30 1.23101 12.7945
      vertex 30 1.23101 3.20551
      vertex 30 1.82222 3.39761
    endloop
  endfacet
  facet normal 1 0 0
    outer loop
      vertex 30 0.620399 12.911
      vertex 30 1.23101 3.20551
      vertex 30 1.23101 12.7945
    endloop
  endfacet
  facet normal 1 0 0
    outer loop
      vertex 30 0.620399 12.911
      vertex 30 0.620399 3.08903
      vertex 30 1.23101 3.20551
    endloop
  endfacet
  facet normal 1 0 0
    outer loop
      vertex 30 0 12.95
      vertex 30 0.620399 3.08903
      vertex 30 0.620399 12.911
    endloop
  endfacet
  facet normal 1 0 0
    outer loop
      vertex 30 0 12.95
      vertex 30 0 3.05
      vertex 30 0.620399 3.08903
    endloop
  endfacet
  facet normal 1 -0 0
    outer loop
      vertex 30 -0.620399 12.911
      vertex 30 0 3.05
      vertex 30 0 12.95
    endloop
  endfacet
  facet normal 1 0 0
    outer loop
      vertex 30 -0.620399 12.911
      vertex 30 -0.620399 3.08903
      vertex 30 0 3.05
    endloop
  endfacet
  facet normal 1 -0 0
    outer loop
      vertex 30 -1.23101 12.7945
      vertex 30 -0.620399 3.08903
      vertex 30 -0.620399 12.911
    endloop
  endfacet
  facet normal 1 0 0
    outer loop
      vertex 30 -1.23101 12.7945
      vertex 30 -1.23101 3.20551
      vertex 30 -0.620399 3.08903
    endloop
  endfacet
  facet normal 1 -0 0
    outer loop
      vertex 30 -1.82222 12.6024
      vertex 30 -1.23101 3.20551
      vertex 30 -1.23101 12.7945
    endloop
  endfacet
  facet normal 1 0 0
    outer loop
      vertex 30 -1.82222 12.6024
      vertex 30 -1.82222 3.39761
      vertex 30 -1.23101 3.20551
    endloop
  endfacet
  facet normal 1 -0 0
    outer loop
      vertex 30 -2.38468 12.3377
      vertex 30 -1.82222 3.39761
      vertex 30 -1.82222 12.6024
    endloop
  endfacet
  facet normal 1 0 0
    outer loop
      vertex 30 -2.38468 12.3377
      vertex 30 -2.38468 3.66228
      vertex 30 -1.82222 3.39761
    endloop
  endfacet
  facet normal 1 -0 0
    outer loop
      vertex 30 -2.90954 12.0046
      vertex 30 -2.38468 3.66228
      vertex 30 -2.38468 12.3377
    endloop
  endfacet
  facet normal 1 0 0
    outer loop
      vertex 30 -2.90954 12.0046
      vertex 30 -2.90954 3.99537
      vertex 30 -2.38468 3.66228
    endloop
  endfacet
  facet normal 1 -0 0
    outer loop
      vertex 30 -3.38851 11.6084
      vertex 30 -2.90954 3.99537
      vertex 30 -2.90954 12.0046
    endloop
  endfacet
  facet normal 1 0 0
    outer loop
      vertex 30 -3.38851 11.6084
      vertex 30 -3.38851 4.39161
      vertex 30 -2.90954 3.99537
    endloop
  endfacet
  facet normal 1 -0 0
    outer loop
      vertex 30 -3.81404 11.1552
      vertex 30 -3.38851 4.39161
      vertex 30 -3.38851 11.6084
    endloop
  endfacet
  facet normal 1 0 0
    outer loop
      vertex 30 -3.81404 11.1552
      vertex 30 -3.81404 4.84475
      vertex 30 -3.38851 4.39161
    endloop
  endfacet
  facet normal 1 -0 0
    outer loop
      vertex 30 -4.17942 10.6523
      vertex 30 -3.81404 4.84475
      vertex 30 -3.81404 11.1552
    endloop
  endfacet
  facet normal 1 0 0
    outer loop
      vertex 30 -4.17942 10.6523
      vertex 30 -4.17942 5.34766
      vertex 30 -3.81404 4.84475
    endloop
  endfacet
  facet normal 1 -0 0
    outer loop
      vertex 30 -4.47889 10.1076
      vertex 30 -4.17942 5.34766
      vertex 30 -4.17942 10.6523
    endloop
  endfacet
  facet normal 1 0 0
    outer loop
      vertex 30 -4.47889 10.1076
      vertex 30 -4.47889 5.89239
      vertex 30 -4.17942 5.34766
    endloop
  endfacet
  facet normal 1 -0 0
    outer loop
      vertex 30 -4.70773 9.52963
      vertex 30 -4.47889 5.89239
      vertex 30 -4.47889 10.1076
    endloop
  endfacet
  facet normal 1 0 0
    outer loop
      vertex 30 -4.70773 9.52963
      vertex 30 -4.70773 6.47037
      vertex 30 -4.47889 5.89239
    endloop
  endfacet
  facet normal 1 -0 0
    outer loop
      vertex 30 -4.86232 8.92754
      vertex 30 -4.70773 6.47037
      vertex 30 -4.70773 9.52963
    endloop
  endfacet
  facet normal 1 0 0
    outer loop
      vertex 30 -4.86232 8.92754
      vertex 30 -4.86232 7.07246
      vertex 30 -4.70773 6.47037
    endloop
  endfacet
  facet normal 1 -0 0
    outer loop
      vertex 30 -4.94023 8.31081
      vertex 30 -4.86232 7.07246
      vertex 30 -4.86232 8.92754
    endloop
  endfacet
  facet normal 1 0 0
    outer loop
      vertex 30 -4.86232 7.07246
      vertex 30 -4.94023 8.31081
      vertex 30 -4.94023 7.68919
    endloop
  endfacet
  facet normal -0 0 1
    outer loop
      vertex -30 8 16
      vertex -12.2958 7.4462 16
      vertex -11.9444 8 16
    endloop
  endfacet
  facet normal 0 0 1
    outer loop
      vertex -30 8 16
      vertex -13.5751 4.72771 16
      vertex -13.3888 5.30099 16
    endloop
  endfacet
  facet normal 0 0 1
    outer loop
      vertex -30 8 16
      vertex -14.3243 1.2032 16
      vertex -14.2865 1.8048 16
    endloop
  endfacet
  facet normal 0 0 1
    outer loop
      vertex -14.3243 1.2032 16
      vertex -30 8 16
      vertex -14.4 0 16
    endloop
  endfacet
  facet normal 0 0 1
    outer loop
      vertex -14.1735 2.39691 16
      vertex -30 8 16
      vertex -14.2865 1.8048 16
    endloop
  endfacet
  facet normal 0 0 1
    outer loop
      vertex -13.9476 3.58113 16
      vertex -30 8 16
      vertex -14.1735 2.39691 16
    endloop
  endfacet
  facet normal 0 0 1
    outer loop
      vertex -13.5751 4.72771 16
      vertex -30 8 16
      vertex -13.9476 3.58113 16
    endloop
  endfacet
  facet normal 0 0 1
    outer loop
      vertex -12.8755 6.39183 16
      vertex -30 8 16
      vertex -13.3888 5.30099 16
    endloop
  endfacet
  facet normal 0 0 1
    outer loop
      vertex -12.6188 6.93725 16
      vertex -30 8 16
      vertex -12.8755 6.39183 16
    endloop
  endfacet
  facet normal 0 0 1
    outer loop
      vertex -12.2958 7.4462 16
      vertex -30 8 16
      vertex -12.6188 6.93725 16
    endloop
  endfacet
  facet normal 0 0 1
    outer loop
      vertex -30 -8 16
      vertex -12.2958 -7.4462 16
      vertex -12.6188 -6.93725 16
    endloop
  endfacet
  facet normal 0 0 1
    outer loop
      vertex -30 -8 16
      vertex -13.5751 -4.72771 16
      vertex -13.9476 -3.58113 16
    endloop
  endfacet
  facet normal 0 0 1
    outer loop
      vertex -30 -8 16
      vertex -14.3243 -1.2032 16
      vertex -14.4 0 16
    endloop
  endfacet
  facet normal 0 0 1
    outer loop
      vertex -30 -8 16
      vertex -14.4 0 16
      vertex -30 8 16
    endloop
  endfacet
  facet normal 0 0 1
    outer loop
      vertex -14.3243 -1.2032 16
      vertex -30 -8 16
      vertex -14.2865 -1.8048 16
    endloop
  endfacet
  facet normal 0 0 1
    outer loop
      vertex -14.2865 -1.8048 16
      vertex -30 -8 16
      vertex -14.1735 -2.39691 16
    endloop
  endfacet
  facet normal 0 0 1
    outer loop
      vertex -14.1735 -2.39691 16
      vertex -30 -8 16
      vertex -13.9476 -3.58113 16
    endloop
  endfacet
  facet normal 0 0 1
    outer loop
      vertex -13.5751 -4.72771 16
      vertex -30 -8 16
      vertex -13.3888 -5.30099 16
    endloop
  endfacet
  facet normal 0 0 1
    outer loop
      vertex -13.3888 -5.30099 16
      vertex -30 -8 16
      vertex -12.8755 -6.39183 16
    endloop
  endfacet
  facet normal 0 0 1
    outer loop
      vertex -12.8755 -6.39183 16
      vertex -30 -8 16
      vertex -12.6188 -6.93725 16
    endloop
  endfacet
  facet normal 0 0 1
    outer loop
      vertex -12.2958 -7.4462 16
      vertex -30 -8 16
      vertex -11.9444 -8 16
    endloop
  endfacet
  facet normal 0 0 1
    outer loop
      vertex 30 8 16
      vertex 14.4 0 16
      vertex 30 -8 16
    endloop
  endfacet
  facet normal 0 0 1
    outer loop
      vertex 30 8 16
      vertex 14.3243 1.2032 16
      vertex 14.4 0 16
    endloop
  endfacet
  facet normal 0 0 1
    outer loop
      vertex 30 8 16
      vertex 14.2865 1.8048 16
      vertex 14.3243 1.2032 16
    endloop
  endfacet
  facet normal 0 0 1
    outer loop
      vertex 30 8 16
      vertex 14.1735 2.39691 16
      vertex 14.2865 1.8048 16
    endloop
  endfacet
  facet normal 0 0 1
    outer loop
      vertex 30 8 16
      vertex 13.9476 3.58113 16
      vertex 14.1735 2.39691 16
    endloop
  endfacet
  facet normal 0 0 1
    outer loop
      vertex 30 8 16
      vertex 13.5751 4.72771 16
      vertex 13.9476 3.58113 16
    endloop
  endfacet
  facet normal 0 0 1
    outer loop
      vertex 30 8 16
      vertex 13.3888 5.30099 16
      vertex 13.5751 4.72771 16
    endloop
  endfacet
  facet normal 0 0 1
    outer loop
      vertex 30 8 16
      vertex 12.8755 6.39183 16
      vertex 13.3888 5.30099 16
    endloop
  endfacet
  facet normal 0 0 1
    outer loop
      vertex 30 8 16
      vertex 12.6188 6.93725 16
      vertex 12.8755 6.39183 16
    endloop
  endfacet
  facet normal 0 0 1
    outer loop
      vertex 30 8 16
      vertex 12.2958 7.4462 16
      vertex 12.6188 6.93725 16
    endloop
  endfacet
  facet normal 0 -0 1
    outer loop
      vertex 12.2958 7.4462 16
      vertex 30 8 16
      vertex 11.9444 8 16
    endloop
  endfacet
  facet normal -0 0 1
    outer loop
      vertex 14.3243 -1.2032 16
      vertex 30 -8 16
      vertex 14.4 0 16
    endloop
  endfacet
  facet normal -0 0 1
    outer loop
      vertex 14.2865 -1.8048 16
      vertex 30 -8 16
      vertex 14.3243 -1.2032 16
    endloop
  endfacet
  facet normal -0 0 1
    outer loop
      vertex 14.1735 -2.39691 16
      vertex 30 -8 16
      vertex 14.2865 -1.8048 16
    endloop
  endfacet
  facet normal -0 0 1
    outer loop
      vertex 13.9476 -3.58113 16
      vertex 30 -8 16
      vertex 14.1735 -2.39691 16
    endloop
  endfacet
  facet normal -0 0 1
    outer loop
      vertex 13.5751 -4.72771 16
      vertex 30 -8 16
      vertex 13.9476 -3.58113 16
    endloop
  endfacet
  facet normal -0 0 1
    outer loop
      vertex 13.3888 -5.30099 16
      vertex 30 -8 16
      vertex 13.5751 -4.72771 16
    endloop
  endfacet
  facet normal -0 0 1
    outer loop
      vertex 12.8755 -6.39183 16
      vertex 30 -8 16
      vertex 13.3888 -5.30099 16
    endloop
  endfacet
  facet normal -0 0 1
    outer loop
      vertex 12.6188 -6.93725 16
      vertex 30 -8 16
      vertex 12.8755 -6.39183 16
    endloop
  endfacet
  facet normal -0 0 1
    outer loop
      vertex 12.2958 -7.4462 16
      vertex 30 -8 16
      vertex 12.6188 -6.93725 16
    endloop
  endfacet
  facet normal 0 0 1
    outer loop
      vertex 30 -8 16
      vertex 12.2958 -7.4462 16
      vertex 11.9444 -8 16
    endloop
  endfacet
  facet normal 0 0 -1
    outer loop
      vertex 9.6 2.77128 0
      vertex 1.54973 14.9979 0
      vertex 30 47 0
    endloop
  endfacet
  facet normal 0 0 -1
    outer loop
      vertex 30 47 0
      vertex 1.58738 40.1995 0
      vertex 1.6 40.4 0
    endloop
  endfacet
  facet normal 0 0 -1
    outer loop
      vertex 1.48764 15.189 0
      vertex 30 47 0
      vertex 1.54973 14.9979 0
    endloop
  endfacet
  facet normal 0 0 -1
    outer loop
      vertex 30 47 0
      vertex 1.54973 40.0021 0
      vertex 1.58738 40.1995 0
    endloop
  endfacet
  facet normal 0 0 -1
    outer loop
      vertex 1.40209 15.3708 0
      vertex 30 47 0
      vertex 1.48764 15.189 0
    endloop
  endfacet
  facet normal 0 0 -1
    outer loop
      vertex 30 47 0
      vertex 1.48764 39.811 0
      vertex 1.54973 40.0021 0
    endloop
  endfacet
  facet normal 0 0 -1
    outer loop
      vertex 1.29443 15.5405 0
      vertex 30 47 0
      vertex 1.40209 15.3708 0
    endloop
  endfacet
  facet normal 0 0 -1
    outer loop
      vertex 30 47 0
      vertex 1.40209 39.6292 0
      vertex 1.48764 39.811 0
    endloop
  endfacet
  facet normal 0 0 -1
    outer loop
      vertex 1.29443 39.4595 0
      vertex 30 47 0
      vertex 1.29443 15.5405 0
    endloop
  endfacet
  facet normal 0 0 -1
    outer loop
      vertex 30 47 0
      vertex 1.29443 39.4595 0
      vertex 1.40209 39.6292 0
    endloop
  endfacet
  facet normal 0 0 -1
    outer loop
      vertex 1.16635 15.6953 0
      vertex 1.29443 39.4595 0
      vertex 1.29443 15.5405 0
    endloop
  endfacet
  facet normal 0 0 -1
    outer loop
      vertex 1.16635 15.6953 0
      vertex 1.16635 39.3047 0
      vertex 1.29443 39.4595 0
    endloop
  endfacet
  facet normal 0 0 -1
    outer loop
      vertex 1.01988 15.8328 0
      vertex 1.16635 39.3047 0
      vertex 1.16635 15.6953 0
    endloop
  endfacet
  facet normal 0 0 -1
    outer loop
      vertex 1.01988 15.8328 0
      vertex 1.01988 39.1672 0
      vertex 1.16635 39.3047 0
    endloop
  endfacet
  facet normal 0 0 -1
    outer loop
      vertex 0.857323 15.9509 0
      vertex 1.01988 39.1672 0
      vertex 1.01988 15.8328 0
    endloop
  endfacet
  facet normal 0 0 -1
    outer loop
      vertex 0.857323 15.9509 0
      vertex 0.857323 39.0491 0
      vertex 1.01988 39.1672 0
    endloop
  endfacet
  facet normal 0 0 -1
    outer loop
      vertex 0.681247 16.0477 0
      vertex 0.857323 39.0491 0
      vertex 0.857323 15.9509 0
    endloop
  endfacet
  facet normal 0 0 -1
    outer loop
      vertex 0.681247 16.0477 0
      vertex 0.681247 38.9523 0
      vertex 0.857323 39.0491 0
    endloop
  endfacet
  facet normal 0 0 -1
    outer loop
      vertex 0.494427 16.1217 0
      vertex 0.681247 38.9523 0
      vertex 0.681247 16.0477 0
    endloop
  endfacet
  facet normal 0 0 -1
    outer loop
      vertex 0.494427 16.1217 0
      vertex 0.494427 38.8783 0
      vertex 0.681247 38.9523 0
    endloop
  endfacet
  facet normal 0 0 -1
    outer loop
      vertex 0.299809 16.1717 0
      vertex 0.494427 38.8783 0
      vertex 0.494427 16.1217 0
    endloop
  endfacet
  facet normal 0 0 -1
    outer loop
      vertex 0.299809 16.1717 0
      vertex 0.299809 38.8283 0
      vertex 0.494427 38.8783 0
    endloop
  endfacet
  facet normal 0 0 -1
    outer loop
      vertex 0.100465 16.1968 0
      vertex 0.299809 38.8283 0
      vertex 0.299809 16.1717 0
    endloop
  endfacet
  facet normal 0 0 -1
    outer loop
      vertex 0.100465 16.1968 0
      vertex 0.100465 38.8032 0
      vertex 0.299809 38.8283 0
    endloop
  endfacet
  facet normal 0 0 -1
    outer loop
      vertex -0.100465 16.1968 0
      vertex 0.100465 38.8032 0
      vertex 0.100465 16.1968 0
    endloop
  endfacet
  facet normal 0 0 -1
    outer loop
      vertex -0.100465 16.1968 0
      vertex -0.100465 38.8032 0
      vertex 0.100465 38.8032 0
    endloop
  endfacet
  facet normal 0 0 -1
    outer loop
      vertex -0.299809 16.1717 0
      vertex -0.100465 38.8032 0
      vertex -0.100465 16.1968 0
    endloop
  endfacet
  facet normal 0 0 -1
    outer loop
      vertex -0.299809 16.1717 0
      vertex -0.299809 38.8283 0
      vertex -0.100465 38.8032 0
    endloop
  endfacet
  facet normal 0 0 -1
    outer loop
      vertex -0.494427 16.1217 0
      vertex -0.299809 38.8283 0
      vertex -0.299809 16.1717 0
    endloop
  endfacet
  facet normal 0 0 -1
    outer loop
      vertex -0.494427 16.1217 0
      vertex -0.494427 38.8783 0
      vertex -0.299809 38.8283 0
    endloop
  endfacet
  facet normal 0 0 -1
    outer loop
      vertex -0.681247 16.0477 0
      vertex -0.494427 38.8783 0
      vertex -0.494427 16.1217 0
    endloop
  endfacet
  facet normal 0 0 -1
    outer loop
      vertex -0.681247 16.0477 0
      vertex -0.681247 38.9523 0
      vertex -0.494427 38.8783 0
    endloop
  endfacet
  facet normal 0 0 -1
    outer loop
      vertex -0.857323 15.9509 0
      vertex -0.681247 38.9523 0
      vertex -0.681247 16.0477 0
    endloop
  endfacet
  facet normal 0 0 -1
    outer loop
      vertex -0.857323 15.9509 0
      vertex -0.857323 39.0491 0
      vertex -0.681247 38.9523 0
    endloop
  endfacet
  facet normal 0 0 -1
    outer loop
      vertex -1.01988 15.8328 0
      vertex -0.857323 39.0491 0
      vertex -0.857323 15.9509 0
    endloop
  endfacet
  facet normal 0 0 -1
    outer loop
      vertex -1.01988 15.8328 0
      vertex -1.01988 39.1672 0
      vertex -0.857323 39.0491 0
    endloop
  endfacet
  facet normal 0 0 -1
    outer loop
      vertex -1.16635 15.6953 0
      vertex -1.01988 39.1672 0
      vertex -1.01988 15.8328 0
    endloop
  endfacet
  facet normal 0 0 -1
    outer loop
      vertex -1.16635 15.6953 0
      vertex -1.16635 39.3047 0
      vertex -1.01988 39.1672 0
    endloop
  endfacet
  facet normal 0 0 -1
    outer loop
      vertex -1.29443 15.5405 0
      vertex -1.16635 39.3047 0
      vertex -1.16635 15.6953 0
    endloop
  endfacet
  facet normal 0 0 -1
    outer loop
      vertex -1.29443 15.5405 0
      vertex -1.29443 39.4595 0
      vertex -1.16635 39.3047 0
    endloop
  endfacet
  facet normal 0 0 -1
    outer loop
      vertex -30 47 0
      vertex -1.29443 15.5405 0
      vertex -1.40209 15.3708 0
    endloop
  endfacet
  facet normal 0 0 -1
    outer loop
      vertex -1.29443 15.5405 0
      vertex -30 47 0
      vertex -1.29443 39.4595 0
    endloop
  endfacet
  facet normal 0 0 -1
    outer loop
      vertex -30 47 0
      vertex -1.40209 15.3708 0
      vertex -1.48764 15.189 0
    endloop
  endfacet
  facet normal 0 0 -1
    outer loop
      vertex -1.29443 39.4595 0
      vertex -30 47 0
      vertex -1.40209 39.6292 0
    endloop
  endfacet
  facet normal 0 0 -1
    outer loop
      vertex -30 47 0
      vertex -1.48764 15.189 0
      vertex -1.54973 14.9979 0
    endloop
  endfacet
  facet normal 0 0 -1
    outer loop
      vertex -1.40209 39.6292 0
      vertex -30 47 0
      vertex -1.48764 39.811 0
    endloop
  endfacet
  facet normal 0 0 -1
    outer loop
      vertex -9.6 2.77128 0
      vertex -1.54973 14.9979 0
      vertex -1.58738 14.8005 0
    endloop
  endfacet
  facet normal 0 0 -1
    outer loop
      vertex -1.48764 39.811 0
      vertex -30 47 0
      vertex -1.54973 40.0021 0
    endloop
  endfacet
  facet normal 0 0 -1
    outer loop
      vertex -9.6 2.77128 0
      vertex -1.58738 14.8005 0
      vertex -1.6 14.6 0
    endloop
  endfacet
  facet normal 0 0 -1
    outer loop
      vertex -1.54973 40.0021 0
      vertex -30 47 0
      vertex -1.58738 40.1995 0
    endloop
  endfacet
  facet normal 0 0 -1
    outer loop
      vertex 1.48764 0.588999 0
      vertex 4.8 0 0
      vertex 1.54973 0.397903 0
    endloop
  endfacet
  facet normal 0 0 -1
    outer loop
      vertex 6.4 2.77128 0
      vertex 1.58738 14.3995 0
      vertex 1.6 14.6 0
    endloop
  endfacet
  facet normal 0 0 -1
    outer loop
      vertex 1.40209 0.770805 0
      vertex 4.8 0 0
      vertex 1.48764 0.588999 0
    endloop
  endfacet
  facet normal 0 0 -1
    outer loop
      vertex 6.4 2.77128 0
      vertex 1.54973 14.2021 0
      vertex 1.58738 14.3995 0
    endloop
  endfacet
  facet normal 0 0 -1
    outer loop
      vertex 1.29443 0.940456 0
      vertex 4.8 0 0
      vertex 1.40209 0.770805 0
    endloop
  endfacet
  facet normal 0 0 -1
    outer loop
      vertex 6.4 2.77128 0
      vertex 1.48764 14.011 0
      vertex 1.54973 14.2021 0
    endloop
  endfacet
  facet normal 0 0 -1
    outer loop
      vertex 4.8 0 0
      vertex 1.29443 0.940456 0
      vertex 6.4 2.77128 0
    endloop
  endfacet
  facet normal 0 0 -1
    outer loop
      vertex 6.4 2.77128 0
      vertex 1.40209 13.8292 0
      vertex 1.48764 14.011 0
    endloop
  endfacet
  facet normal 0 0 -1
    outer loop
      vertex 1.16635 1.09527 0
      vertex 6.4 2.77128 0
      vertex 1.29443 0.940456 0
    endloop
  endfacet
  facet normal 0 0 -1
    outer loop
      vertex 6.4 2.77128 0
      vertex 1.29443 13.6595 0
      vertex 1.40209 13.8292 0
    endloop
  endfacet
  facet normal 0 0 -1
    outer loop
      vertex 1.01988 1.23282 0
      vertex 6.4 2.77128 0
      vertex 1.16635 1.09527 0
    endloop
  endfacet
  facet normal 0 0 -1
    outer loop
      vertex 6.4 2.77128 0
      vertex 1.16635 13.5047 0
      vertex 1.29443 13.6595 0
    endloop
  endfacet
  facet normal 0 0 -1
    outer loop
      vertex 0.857323 1.35092 0
      vertex 6.4 2.77128 0
      vertex 1.01988 1.23282 0
    endloop
  endfacet
  facet normal 0 0 -1
    outer loop
      vertex 6.4 2.77128 0
      vertex 1.01988 13.3672 0
      vertex 1.16635 13.5047 0
    endloop
  endfacet
  facet normal 0 0 -1
    outer loop
      vertex 0.681247 1.44772 0
      vertex 6.4 2.77128 0
      vertex 0.857323 1.35092 0
    endloop
  endfacet
  facet normal 0 0 -1
    outer loop
      vertex 6.4 2.77128 0
      vertex 0.857323 13.2491 0
      vertex 1.01988 13.3672 0
    endloop
  endfacet
  facet normal 0 0 -1
    outer loop
      vertex 0.494427 1.52169 0
      vertex 6.4 2.77128 0
      vertex 0.681247 1.44772 0
    endloop
  endfacet
  facet normal 0 0 -1
    outer loop
      vertex 6.4 2.77128 0
      vertex 0.681247 13.1523 0
      vertex 0.857323 13.2491 0
    endloop
  endfacet
  facet normal 0 0 -1
    outer loop
      vertex 0.494427 13.0783 0
      vertex 6.4 2.77128 0
      vertex 0.494427 1.52169 0
    endloop
  endfacet
  facet normal 0 0 -1
    outer loop
      vertex 6.4 2.77128 0
      vertex 0.494427 13.0783 0
      vertex 0.681247 13.1523 0
    endloop
  endfacet
  facet normal 0 0 -1
    outer loop
      vertex 0.299809 1.57166 0
      vertex 0.494427 13.0783 0
      vertex 0.494427 1.52169 0
    endloop
  endfacet
  facet normal 0 0 -1
    outer loop
      vertex 0.299809 1.57166 0
      vertex 0.299809 13.0283 0
      vertex 0.494427 13.0783 0
    endloop
  endfacet
  facet normal 0 0 -1
    outer loop
      vertex 0.100465 1.59684 0
      vertex 0.299809 13.0283 0
      vertex 0.299809 1.57166 0
    endloop
  endfacet
  facet normal 0 0 -1
    outer loop
      vertex 0.100465 1.59684 0
      vertex 0.100465 13.0032 0
      vertex 0.299809 13.0283 0
    endloop
  endfacet
  facet normal 0 0 -1
    outer loop
      vertex -0.100465 1.59684 0
      vertex 0.100465 13.0032 0
      vertex 0.100465 1.59684 0
    endloop
  endfacet
  facet normal 0 0 -1
    outer loop
      vertex -0.100465 1.59684 0
      vertex -0.100465 13.0032 0
      vertex 0.100465 13.0032 0
    endloop
  endfacet
  facet normal 0 0 -1
    outer loop
      vertex -0.299809 1.57166 0
      vertex -0.100465 13.0032 0
      vertex -0.100465 1.59684 0
    endloop
  endfacet
  facet normal 0 0 -1
    outer loop
      vertex -0.299809 1.57166 0
      vertex -0.299809 13.0283 0
      vertex -0.100465 13.0032 0
    endloop
  endfacet
  facet normal 0 0 -1
    outer loop
      vertex -0.494427 1.52169 0
      vertex -0.299809 13.0283 0
      vertex -0.299809 1.57166 0
    endloop
  endfacet
  facet normal 0 0 -1
    outer loop
      vertex -0.494427 1.52169 0
      vertex -0.494427 13.0783 0
      vertex -0.299809 13.0283 0
    endloop
  endfacet
  facet normal 0 0 -1
    outer loop
      vertex -6.4 2.77128 0
      vertex -0.494427 1.52169 0
      vertex -0.681247 1.44772 0
    endloop
  endfacet
  facet normal 0 0 -1
    outer loop
      vertex -0.494427 1.52169 0
      vertex -6.4 2.77128 0
      vertex -0.494427 13.0783 0
    endloop
  endfacet
  facet normal 0 0 -1
    outer loop
      vertex -6.4 2.77128 0
      vertex -0.681247 1.44772 0
      vertex -0.857323 1.35092 0
    endloop
  endfacet
  facet normal -0 0 -1
    outer loop
      vertex -0.494427 13.0783 0
      vertex -6.4 2.77128 0
      vertex -0.681247 13.1523 0
    endloop
  endfacet
  facet normal 0 0 -1
    outer loop
      vertex -6.4 2.77128 0
      vertex -0.857323 1.35092 0
      vertex -1.01988 1.23282 0
    endloop
  endfacet
  facet normal -0 0 -1
    outer loop
      vertex -0.681247 13.1523 0
      vertex -6.4 2.77128 0
      vertex -0.857323 13.2491 0
    endloop
  endfacet
  facet normal 0 0 -1
    outer loop
      vertex -6.4 2.77128 0
      vertex -1.01988 1.23282 0
      vertex -1.16635 1.09527 0
    endloop
  endfacet
  facet normal -0 0 -1
    outer loop
      vertex -0.857323 13.2491 0
      vertex -6.4 2.77128 0
      vertex -1.01988 13.3672 0
    endloop
  endfacet
  facet normal 0 0 -1
    outer loop
      vertex -6.4 2.77128 0
      vertex -1.16635 1.09527 0
      vertex -1.29443 0.940456 0
    endloop
  endfacet
  facet normal -0 0 -1
    outer loop
      vertex -1.01988 13.3672 0
      vertex -6.4 2.77128 0
      vertex -1.16635 13.5047 0
    endloop
  endfacet
  facet normal 0 0 -1
    outer loop
      vertex -4.8 0 0
      vertex -1.29443 0.940456 0
      vertex -1.40209 0.770805 0
    endloop
  endfacet
  facet normal -0 0 -1
    outer loop
      vertex -1.16635 13.5047 0
      vertex -6.4 2.77128 0
      vertex -1.29443 13.6595 0
    endloop
  endfacet
  facet normal 0 0 -1
    outer loop
      vertex -4.8 0 0
      vertex -1.40209 0.770805 0
      vertex -1.48764 0.588999 0
    endloop
  endfacet
  facet normal -0 0 -1
    outer loop
      vertex -1.29443 13.6595 0
      vertex -6.4 2.77128 0
      vertex -1.40209 13.8292 0
    endloop
  endfacet
  facet normal 0 0 -1
    outer loop
      vertex -4.8 0 0
      vertex -1.48764 0.588999 0
      vertex -1.54973 0.397903 0
    endloop
  endfacet
  facet normal 0 0 -1
    outer loop
      vertex -9.6 2.77128 0
      vertex -1.40209 13.8292 0
      vertex -6.4 2.77128 0
    endloop
  endfacet
  facet normal 0 0 -1
    outer loop
      vertex -4.8 0 0
      vertex -1.54973 0.397903 0
      vertex -1.58738 0.200533 0
    endloop
  endfacet
  facet normal -0 0 -1
    outer loop
      vertex -1.40209 13.8292 0
      vertex -9.6 2.77128 0
      vertex -1.48764 14.011 0
    endloop
  endfacet
  facet normal 0 0 -1
    outer loop
      vertex -4.8 0 0
      vertex -1.58738 0.200533 0
      vertex -1.6 0 0
    endloop
  endfacet
  facet normal -0 0 -1
    outer loop
      vertex -1.48764 14.011 0
      vertex -9.6 2.77128 0
      vertex -1.54973 14.2021 0
    endloop
  endfacet
  facet normal 0 0 -1
    outer loop
      vertex 9.6 2.77128 0
      vertex 30 -8 0
      vertex 11.2 0 0
    endloop
  endfacet
  facet normal 0 0 -1
    outer loop
      vertex 30 -8 0
      vertex 9.6 -2.77128 0
      vertex 11.2 0 0
    endloop
  endfacet
  facet normal 0 0 -1
    outer loop
      vertex 30 -8 0
      vertex 6.4 -2.77128 0
      vertex 9.6 -2.77128 0
    endloop
  endfacet
  facet normal 0 0 -1
    outer loop
      vertex 1.29443 -0.940456 0
      vertex 4.8 0 0
      vertex 6.4 -2.77128 0
    endloop
  endfacet
  facet normal -0 0 -1
    outer loop
      vertex 4.8 0 0
      vertex 1.58738 -0.200533 0
      vertex 1.6 0 0
    endloop
  endfacet
  facet normal 0 0 -1
    outer loop
      vertex 4.8 0 0
      vertex 1.54973 -0.397903 0
      vertex 1.58738 -0.200533 0
    endloop
  endfacet
  facet normal 0 0 -1
    outer loop
      vertex 4.8 0 0
      vertex 1.48764 -0.588999 0
      vertex 1.54973 -0.397903 0
    endloop
  endfacet
  facet normal 0 0 -1
    outer loop
      vertex 4.8 0 0
      vertex 1.40209 -0.770805 0
      vertex 1.48764 -0.588999 0
    endloop
  endfacet
  facet normal 0 0 -1
    outer loop
      vertex 4.8 0 0
      vertex 1.29443 -0.940456 0
      vertex 1.40209 -0.770805 0
    endloop
  endfacet
  facet normal 0 0 -1
    outer loop
      vertex 6.4 -2.77128 0
      vertex 1.16635 -1.09527 0
      vertex 1.29443 -0.940456 0
    endloop
  endfacet
  facet normal 0 0 -1
    outer loop
      vertex 6.4 -2.77128 0
      vertex 1.01988 -1.23282 0
      vertex 1.16635 -1.09527 0
    endloop
  endfacet
  facet normal 0 0 -1
    outer loop
      vertex 6.4 -2.77128 0
      vertex 0.857323 -1.35092 0
      vertex 1.01988 -1.23282 0
    endloop
  endfacet
  facet normal 0 0 -1
    outer loop
      vertex 6.4 -2.77128 0
      vertex 0.681247 -1.44772 0
      vertex 0.857323 -1.35092 0
    endloop
  endfacet
  facet normal 0 0 -1
    outer loop
      vertex 6.4 -2.77128 0
      vertex 0.494427 -1.52169 0
      vertex 0.681247 -1.44772 0
    endloop
  endfacet
  facet normal 0 0 -1
    outer loop
      vertex -6.4 -2.77128 0
      vertex 6.4 -2.77128 0
      vertex 30 -8 0
    endloop
  endfacet
  facet normal 0 0 -1
    outer loop
      vertex 6.4 -2.77128 0
      vertex 0.299809 -1.57166 0
      vertex 0.494427 -1.52169 0
    endloop
  endfacet
  facet normal 0 0 -1
    outer loop
      vertex 6.4 -2.77128 0
      vertex 0.100465 -1.59684 0
      vertex 0.299809 -1.57166 0
    endloop
  endfacet
  facet normal 0 0 -1
    outer loop
      vertex 6.4 -2.77128 0
      vertex -6.4 -2.77128 0
      vertex 0.100465 -1.59684 0
    endloop
  endfacet
  facet normal -0 0 -1
    outer loop
      vertex 0.100465 -1.59684 0
      vertex -6.4 -2.77128 0
      vertex -0.100465 -1.59684 0
    endloop
  endfacet
  facet normal -0 0 -1
    outer loop
      vertex -1.54973 14.2021 0
      vertex -9.6 2.77128 0
      vertex -1.58738 14.3995 0
    endloop
  endfacet
  facet normal -0 0 -1
    outer loop
      vertex -1.29443 0.940456 0
      vertex -4.8 0 0
      vertex -6.4 2.77128 0
    endloop
  endfacet
  facet normal 0 0 -1
    outer loop
      vertex -1.58738 -0.200533 0
      vertex -4.8 0 0
      vertex -1.6 0 0
    endloop
  endfacet
  facet normal 0 0 -1
    outer loop
      vertex -1.54973 -0.397903 0
      vertex -4.8 0 0
      vertex -1.58738 -0.200533 0
    endloop
  endfacet
  facet normal 0 0 -1
    outer loop
      vertex -1.48764 -0.588999 0
      vertex -4.8 0 0
      vertex -1.54973 -0.397903 0
    endloop
  endfacet
  facet normal 0 0 -1
    outer loop
      vertex -1.40209 -0.770805 0
      vertex -4.8 0 0
      vertex -1.48764 -0.588999 0
    endloop
  endfacet
  facet normal 0 0 -1
    outer loop
      vertex -1.29443 -0.940456 0
      vertex -4.8 0 0
      vertex -1.40209 -0.770805 0
    endloop
  endfacet
  facet normal 0 0 -1
    outer loop
      vertex -6.4 -2.77128 0
      vertex -1.29443 -0.940456 0
      vertex -1.16635 -1.09527 0
    endloop
  endfacet
  facet normal 0 0 -1
    outer loop
      vertex -6.4 -2.77128 0
      vertex -1.16635 -1.09527 0
      vertex -1.01988 -1.23282 0
    endloop
  endfacet
  facet normal 0 0 -1
    outer loop
      vertex -6.4 -2.77128 0
      vertex -1.01988 -1.23282 0
      vertex -0.857323 -1.35092 0
    endloop
  endfacet
  facet normal 0 0 -1
    outer loop
      vertex -6.4 -2.77128 0
      vertex -0.857323 -1.35092 0
      vertex -0.681247 -1.44772 0
    endloop
  endfacet
  facet normal 0 0 -1
    outer loop
      vertex -6.4 -2.77128 0
      vertex -0.681247 -1.44772 0
      vertex -0.494427 -1.52169 0
    endloop
  endfacet
  facet normal -0 0 -1
    outer loop
      vertex -1.29443 -0.940456 0
      vertex -6.4 -2.77128 0
      vertex -4.8 0 0
    endloop
  endfacet
  facet normal -0 0 -1
    outer loop
      vertex -0.299809 -1.57166 0
      vertex -6.4 -2.77128 0
      vertex -0.494427 -1.52169 0
    endloop
  endfacet
  facet normal -0 0 -1
    outer loop
      vertex -0.100465 -1.59684 0
      vertex -6.4 -2.77128 0
      vertex -0.299809 -1.57166 0
    endloop
  endfacet
  facet normal 0 0 -1
    outer loop
      vertex -30 -8 0
      vertex -6.4 -2.77128 0
      vertex 30 -8 0
    endloop
  endfacet
  facet normal -0 0 -1
    outer loop
      vertex -9.6 -2.77128 0
      vertex -30 -8 0
      vertex -11.2 0 0
    endloop
  endfacet
  facet normal -0 0 -1
    outer loop
      vertex -6.4 -2.77128 0
      vertex -30 -8 0
      vertex -9.6 -2.77128 0
    endloop
  endfacet
  facet normal 0 0 -1
    outer loop
      vertex 30 -8 0
      vertex 9.6 2.77128 0
      vertex 30 47 0
    endloop
  endfacet
  facet normal 0 0 -1
    outer loop
      vertex 1.6 14.6 0
      vertex 9.6 2.77128 0
      vertex 6.4 2.77128 0
    endloop
  endfacet
  facet normal 0 0 -1
    outer loop
      vertex 1.58738 0.200533 0
      vertex 4.8 0 0
      vertex 1.6 0 0
    endloop
  endfacet
  facet normal 0 0 -1
    outer loop
      vertex 1.54973 0.397903 0
      vertex 4.8 0 0
      vertex 1.58738 0.200533 0
    endloop
  endfacet
  facet normal 0 0 -1
    outer loop
      vertex 1.58738 14.8005 0
      vertex 9.6 2.77128 0
      vertex 1.6 14.6 0
    endloop
  endfacet
  facet normal 0 0 -1
    outer loop
      vertex 1.54973 14.9979 0
      vertex 9.6 2.77128 0
      vertex 1.58738 14.8005 0
    endloop
  endfacet
  facet normal 0 0 -1
    outer loop
      vertex 1.58738 40.6005 0
      vertex 30 47 0
      vertex 1.6 40.4 0
    endloop
  endfacet
  facet normal 0 0 -1
    outer loop
      vertex 1.54973 40.7979 0
      vertex 30 47 0
      vertex 1.58738 40.6005 0
    endloop
  endfacet
  facet normal 0 0 -1
    outer loop
      vertex 1.48764 40.989 0
      vertex 30 47 0
      vertex 1.54973 40.7979 0
    endloop
  endfacet
  facet normal 0 0 -1
    outer loop
      vertex 1.40209 41.1708 0
      vertex 30 47 0
      vertex 1.48764 40.989 0
    endloop
  endfacet
  facet normal 0 0 -1
    outer loop
      vertex 1.29443 41.3405 0
      vertex 30 47 0
      vertex 1.40209 41.1708 0
    endloop
  endfacet
  facet normal 0 0 -1
    outer loop
      vertex 1.16635 41.4953 0
      vertex 30 47 0
      vertex 1.29443 41.3405 0
    endloop
  endfacet
  facet normal 0 0 -1
    outer loop
      vertex 1.01988 41.6328 0
      vertex 30 47 0
      vertex 1.16635 41.4953 0
    endloop
  endfacet
  facet normal 0 0 -1
    outer loop
      vertex 0.857323 41.7509 0
      vertex 30 47 0
      vertex 1.01988 41.6328 0
    endloop
  endfacet
  facet normal 0 0 -1
    outer loop
      vertex 0.681247 41.8477 0
      vertex 30 47 0
      vertex 0.857323 41.7509 0
    endloop
  endfacet
  facet normal 0 0 -1
    outer loop
      vertex 0.494427 41.9217 0
      vertex 30 47 0
      vertex 0.681247 41.8477 0
    endloop
  endfacet
  facet normal 0 0 -1
    outer loop
      vertex 0.299809 41.9717 0
      vertex 30 47 0
      vertex 0.494427 41.9217 0
    endloop
  endfacet
  facet normal 0 0 -1
    outer loop
      vertex 0.100465 41.9968 0
      vertex 30 47 0
      vertex 0.299809 41.9717 0
    endloop
  endfacet
  facet normal 0 0 -1
    outer loop
      vertex -0.100465 41.9968 0
      vertex 30 47 0
      vertex 0.100465 41.9968 0
    endloop
  endfacet
  facet normal 0 0 -1
    outer loop
      vertex -30 47 0
      vertex -0.100465 41.9968 0
      vertex -0.299809 41.9717 0
    endloop
  endfacet
  facet normal -0 0 -1
    outer loop
      vertex -1.58738 14.3995 0
      vertex -9.6 2.77128 0
      vertex -1.6 14.6 0
    endloop
  endfacet
  facet normal -0 0 -1
    outer loop
      vertex -1.54973 14.9979 0
      vertex -9.6 2.77128 0
      vertex -30 47 0
    endloop
  endfacet
  facet normal 0 0 -1
    outer loop
      vertex -1.58738 40.1995 0
      vertex -30 47 0
      vertex -1.6 40.4 0
    endloop
  endfacet
  facet normal 0 0 -1
    outer loop
      vertex -1.6 40.4 0
      vertex -30 47 0
      vertex -1.58738 40.6005 0
    endloop
  endfacet
  facet normal 0 0 -1
    outer loop
      vertex -30 -8 0
      vertex -9.6 2.77128 0
      vertex -11.2 0 0
    endloop
  endfacet
  facet normal -0 0 -1
    outer loop
      vertex -9.6 2.77128 0
      vertex -30 -8 0
      vertex -30 47 0
    endloop
  endfacet
  facet normal 0 0 -1
    outer loop
      vertex -1.58738 40.6005 0
      vertex -30 47 0
      vertex -1.54973 40.7979 0
    endloop
  endfacet
  facet normal 0 0 -1
    outer loop
      vertex -1.54973 40.7979 0
      vertex -30 47 0
      vertex -1.48764 40.989 0
    endloop
  endfacet
  facet normal 0 0 -1
    outer loop
      vertex -0.100465 41.9968 0
      vertex -30 47 0
      vertex 30 47 0
    endloop
  endfacet
  facet normal 0 0 -1
    outer loop
      vertex -0.494427 41.9217 0
      vertex -30 47 0
      vertex -0.299809 41.9717 0
    endloop
  endfacet
  facet normal 0 0 -1
    outer loop
      vertex -0.681247 41.8477 0
      vertex -30 47 0
      vertex -0.494427 41.9217 0
    endloop
  endfacet
  facet normal 0 0 -1
    outer loop
      vertex -0.857323 41.7509 0
      vertex -30 47 0
      vertex -0.681247 41.8477 0
    endloop
  endfacet
  facet normal 0 0 -1
    outer loop
      vertex -1.01988 41.6328 0
      vertex -30 47 0
      vertex -0.857323 41.7509 0
    endloop
  endfacet
  facet normal 0 0 -1
    outer loop
      vertex -1.16635 41.4953 0
      vertex -30 47 0
      vertex -1.01988 41.6328 0
    endloop
  endfacet
  facet normal 0 0 -1
    outer loop
      vertex -1.29443 41.3405 0
      vertex -30 47 0
      vertex -1.16635 41.4953 0
    endloop
  endfacet
  facet normal 0 0 -1
    outer loop
      vertex -1.40209 41.1708 0
      vertex -30 47 0
      vertex -1.29443 41.3405 0
    endloop
  endfacet
  facet normal 0 0 -1
    outer loop
      vertex -1.48764 40.989 0
      vertex -30 47 0
      vertex -1.40209 41.1708 0
    endloop
  endfacet
  facet normal -1 0 0
    outer loop
      vertex -30 47 0
      vertex -30 8 4
      vertex -30 47 4
    endloop
  endfacet
  facet normal -1 0 0
    outer loop
      vertex -30 6.03806 8.37988
      vertex -30 8 4
      vertex -30 6.03806 7.62012
    endloop
  endfacet
  facet normal -1 0 0
    outer loop
      vertex -30 8 4
      vertex -30 5.94284 6.86634
      vertex -30 6.03806 7.62012
    endloop
  endfacet
  facet normal -1 0 0
    outer loop
      vertex -30 8 4
      vertex -30 5.75389 6.13045
      vertex -30 5.94284 6.86634
    endloop
  endfacet
  facet normal -1 0 0
    outer loop
      vertex -30 8 4
      vertex -30 5.4742 5.42404
      vertex -30 5.75389 6.13045
    endloop
  endfacet
  facet normal -1 0 0
    outer loop
      vertex -30 8 4
      vertex -30 5.10818 4.75825
      vertex -30 5.4742 5.42404
    endloop
  endfacet
  facet normal -1 0 0
    outer loop
      vertex -30 8 4
      vertex -30 4.6616 4.14359
      vertex -30 5.10818 4.75825
    endloop
  endfacet
  facet normal -1 0 0
    outer loop
      vertex -30 2.22715 2.37485
      vertex -30 8 4
      vertex -30 47 0
    endloop
  endfacet
  facet normal -1 -0 0
    outer loop
      vertex -30 8 4
      vertex -30 4.14151 3.58974
      vertex -30 4.6616 4.14359
    endloop
  endfacet
  facet normal -1 0 0
    outer loop
      vertex -30 8 4
      vertex -30 3.5561 3.10545
      vertex -30 4.14151 3.58974
    endloop
  endfacet
  facet normal -1 0 0
    outer loop
      vertex -30 8 4
      vertex -30 2.91461 2.69835
      vertex -30 3.5561 3.10545
    endloop
  endfacet
  facet normal -1 0 0
    outer loop
      vertex -30 8 4
      vertex -30 2.22715 2.37485
      vertex -30 2.91461 2.69835
    endloop
  endfacet
  facet normal -1 0 0
    outer loop
      vertex -30 47 0
      vertex -30 1.50457 2.14007
      vertex -30 2.22715 2.37485
    endloop
  endfacet
  facet normal -1 0 0
    outer loop
      vertex -30 47 0
      vertex -30 0.758265 1.99771
      vertex -30 1.50457 2.14007
    endloop
  endfacet
  facet normal -1 0 0
    outer loop
      vertex -30 -8 0
      vertex -30 0.758265 1.99771
      vertex -30 47 0
    endloop
  endfacet
  facet normal -1 -0 0
    outer loop
      vertex -30 -6.03806 7.62012
      vertex -30 -8 0
      vertex -30 -6.03806 8.37988
    endloop
  endfacet
  facet normal -1 -0 0
    outer loop
      vertex -30 -5.94284 6.86634
      vertex -30 -8 0
      vertex -30 -6.03806 7.62012
    endloop
  endfacet
  facet normal -1 -0 0
    outer loop
      vertex -30 -5.75389 6.13045
      vertex -30 -8 0
      vertex -30 -5.94284 6.86634
    endloop
  endfacet
  facet normal -1 -0 0
    outer loop
      vertex -30 -5.4742 5.42404
      vertex -30 -8 0
      vertex -30 -5.75389 6.13045
    endloop
  endfacet
  facet normal -1 -0 0
    outer loop
      vertex -30 -5.10818 4.75825
      vertex -30 -8 0
      vertex -30 -5.4742 5.42404
    endloop
  endfacet
  facet normal -1 -0 0
    outer loop
      vertex -30 -4.6616 4.14359
      vertex -30 -8 0
      vertex -30 -5.10818 4.75825
    endloop
  endfacet
  facet normal -1 -0 0
    outer loop
      vertex -30 -4.14151 3.58974
      vertex -30 -8 0
      vertex -30 -4.6616 4.14359
    endloop
  endfacet
  facet normal -1 -0 0
    outer loop
      vertex -30 -3.5561 3.10545
      vertex -30 -8 0
      vertex -30 -4.14151 3.58974
    endloop
  endfacet
  facet normal -1 -0 0
    outer loop
      vertex -30 -2.91461 2.69835
      vertex -30 -8 0
      vertex -30 -3.5561 3.10545
    endloop
  endfacet
  facet normal -1 -0 0
    outer loop
      vertex -30 -2.22715 2.37485
      vertex -30 -8 0
      vertex -30 -2.91461 2.69835
    endloop
  endfacet
  facet normal -1 -0 0
    outer loop
      vertex -30 -1.50457 2.14007
      vertex -30 -8 0
      vertex -30 -2.22715 2.37485
    endloop
  endfacet
  facet normal -1 -0 0
    outer loop
      vertex -30 -0.758265 1.99771
      vertex -30 -8 0
      vertex -30 -1.50457 2.14007
    endloop
  endfacet
  facet normal -1 -0 0
    outer loop
      vertex -30 0 1.95
      vertex -30 -8 0
      vertex -30 -0.758265 1.99771
    endloop
  endfacet
  facet normal -1 0 0
    outer loop
      vertex -30 0.758265 1.99771
      vertex -30 -8 0
      vertex -30 0 1.95
    endloop
  endfacet
  facet normal -1 0 0
    outer loop
      vertex -30 8 4
      vertex -30 6.03806 8.37988
      vertex -30 8 16
    endloop
  endfacet
  facet normal -1 0 0
    outer loop
      vertex -30 5.94284 9.13366
      vertex -30 8 16
      vertex -30 6.03806 8.37988
    endloop
  endfacet
  facet normal -1 0 0
    outer loop
      vertex -30 5.75389 9.86955
      vertex -30 8 16
      vertex -30 5.94284 9.13366
    endloop
  endfacet
  facet normal -1 0 0
    outer loop
      vertex -30 5.4742 10.576
      vertex -30 8 16
      vertex -30 5.75389 9.86955
    endloop
  endfacet
  facet normal -1 0 0
    outer loop
      vertex -30 5.10818 11.2418
      vertex -30 8 16
      vertex -30 5.4742 10.576
    endloop
  endfacet
  facet normal -1 0 0
    outer loop
      vertex -30 4.6616 11.8564
      vertex -30 8 16
      vertex -30 5.10818 11.2418
    endloop
  endfacet
  facet normal -1 0 0
    outer loop
      vertex -30 4.14151 12.4103
      vertex -30 8 16
      vertex -30 4.6616 11.8564
    endloop
  endfacet
  facet normal -1 0 0
    outer loop
      vertex -30 3.5561 12.8946
      vertex -30 8 16
      vertex -30 4.14151 12.4103
    endloop
  endfacet
  facet normal -1 0 0
    outer loop
      vertex -30 2.91461 13.3017
      vertex -30 8 16
      vertex -30 3.5561 12.8946
    endloop
  endfacet
  facet normal -1 0 0
    outer loop
      vertex -30 2.22715 13.6251
      vertex -30 8 16
      vertex -30 2.91461 13.3017
    endloop
  endfacet
  facet normal -1 0 0
    outer loop
      vertex -30 1.50457 13.8599
      vertex -30 8 16
      vertex -30 2.22715 13.6251
    endloop
  endfacet
  facet normal -1 0 0
    outer loop
      vertex -30 0.758265 14.0023
      vertex -30 8 16
      vertex -30 1.50457 13.8599
    endloop
  endfacet
  facet normal -1 0 0
    outer loop
      vertex -30 0 14.05
      vertex -30 8 16
      vertex -30 0.758265 14.0023
    endloop
  endfacet
  facet normal -1 0 0
    outer loop
      vertex -30 -8 16
      vertex -30 0 14.05
      vertex -30 -0.758265 14.0023
    endloop
  endfacet
  facet normal -1 0 0
    outer loop
      vertex -30 -8 16
      vertex -30 -0.758265 14.0023
      vertex -30 -1.50457 13.8599
    endloop
  endfacet
  facet normal -1 0 0
    outer loop
      vertex -30 -8 16
      vertex -30 -6.03806 8.37988
      vertex -30 -8 0
    endloop
  endfacet
  facet normal -1 0 0
    outer loop
      vertex -30 0 14.05
      vertex -30 -8 16
      vertex -30 8 16
    endloop
  endfacet
  facet normal -1 0 0
    outer loop
      vertex -30 -2.22715 13.6251
      vertex -30 -8 16
      vertex -30 -1.50457 13.8599
    endloop
  endfacet
  facet normal -1 0 0
    outer loop
      vertex -30 -2.91461 13.3017
      vertex -30 -8 16
      vertex -30 -2.22715 13.6251
    endloop
  endfacet
  facet normal -1 0 0
    outer loop
      vertex -30 -3.5561 12.8946
      vertex -30 -8 16
      vertex -30 -2.91461 13.3017
    endloop
  endfacet
  facet normal -1 0 0
    outer loop
      vertex -30 -4.14151 12.4103
      vertex -30 -8 16
      vertex -30 -3.5561 12.8946
    endloop
  endfacet
  facet normal -1 0 0
    outer loop
      vertex -30 -4.6616 11.8564
      vertex -30 -8 16
      vertex -30 -4.14151 12.4103
    endloop
  endfacet
  facet normal -1 0 0
    outer loop
      vertex -30 -5.10818 11.2418
      vertex -30 -8 16
      vertex -30 -4.6616 11.8564
    endloop
  endfacet
  facet normal -1 0 0
    outer loop
      vertex -30 -5.4742 10.576
      vertex -30 -8 16
      vertex -30 -5.10818 11.2418
    endloop
  endfacet
  facet normal -1 0 0
    outer loop
      vertex -30 -5.75389 9.86955
      vertex -30 -8 16
      vertex -30 -5.4742 10.576
    endloop
  endfacet
  facet normal -1 0 0
    outer loop
      vertex -30 -5.94284 9.13366
      vertex -30 -8 16
      vertex -30 -5.75389 9.86955
    endloop
  endfacet
  facet normal -1 0 0
    outer loop
      vertex -30 -6.03806 8.37988
      vertex -30 -8 16
      vertex -30 -5.94284 9.13366
    endloop
  endfacet
  facet normal -1 0 0
    outer loop
      vertex -30 4.86232 7.07246
      vertex -30 4.94023 8.31081
      vertex -30 4.94023 7.68919
    endloop
  endfacet
  facet normal -1 0 0
    outer loop
      vertex -30 4.86232 7.07246
      vertex -30 4.86232 8.92754
      vertex -30 4.94023 8.31081
    endloop
  endfacet
  facet normal -1 0 0
    outer loop
      vertex -30 4.70773 6.47037
      vertex -30 4.86232 8.92754
      vertex -30 4.86232 7.07246
    endloop
  endfacet
  facet normal -1 0 0
    outer loop
      vertex -30 4.70773 6.47037
      vertex -30 4.70773 9.52963
      vertex -30 4.86232 8.92754
    endloop
  endfacet
  facet normal -1 0 0
    outer loop
      vertex -30 4.47889 5.89239
      vertex -30 4.70773 9.52963
      vertex -30 4.70773 6.47037
    endloop
  endfacet
  facet normal -1 0 0
    outer loop
      vertex -30 4.47889 5.89239
      vertex -30 4.47889 10.1076
      vertex -30 4.70773 9.52963
    endloop
  endfacet
  facet normal -1 0 0
    outer loop
      vertex -30 4.17942 5.34766
      vertex -30 4.47889 10.1076
      vertex -30 4.47889 5.89239
    endloop
  endfacet
  facet normal -1 0 0
    outer loop
      vertex -30 4.17942 5.34766
      vertex -30 4.17942 10.6523
      vertex -30 4.47889 10.1076
    endloop
  endfacet
  facet normal -1 0 0
    outer loop
      vertex -30 3.81404 4.84475
      vertex -30 4.17942 10.6523
      vertex -30 4.17942 5.34766
    endloop
  endfacet
  facet normal -1 0 0
    outer loop
      vertex -30 3.81404 4.84475
      vertex -30 3.81404 11.1552
      vertex -30 4.17942 10.6523
    endloop
  endfacet
  facet normal -1 0 0
    outer loop
      vertex -30 3.38851 4.39161
      vertex -30 3.81404 11.1552
      vertex -30 3.81404 4.84475
    endloop
  endfacet
  facet normal -1 0 0
    outer loop
      vertex -30 3.38851 4.39161
      vertex -30 3.38851 11.6084
      vertex -30 3.81404 11.1552
    endloop
  endfacet
  facet normal -1 0 0
    outer loop
      vertex -30 2.90954 3.99537
      vertex -30 3.38851 11.6084
      vertex -30 3.38851 4.39161
    endloop
  endfacet
  facet normal -1 0 0
    outer loop
      vertex -30 2.90954 3.99537
      vertex -30 2.90954 12.0046
      vertex -30 3.38851 11.6084
    endloop
  endfacet
  facet normal -1 0 0
    outer loop
      vertex -30 2.38468 3.66228
      vertex -30 2.90954 12.0046
      vertex -30 2.90954 3.99537
    endloop
  endfacet
  facet normal -1 0 0
    outer loop
      vertex -30 2.38468 3.66228
      vertex -30 2.38468 12.3377
      vertex -30 2.90954 12.0046
    endloop
  endfacet
  facet normal -1 0 0
    outer loop
      vertex -30 1.82222 3.39761
      vertex -30 2.38468 12.3377
      vertex -30 2.38468 3.66228
    endloop
  endfacet
  facet normal -1 0 0
    outer loop
      vertex -30 1.82222 3.39761
      vertex -30 1.82222 12.6024
      vertex -30 2.38468 12.3377
    endloop
  endfacet
  facet normal -1 0 0
    outer loop
      vertex -30 1.23101 3.20551
      vertex -30 1.82222 12.6024
      vertex -30 1.82222 3.39761
    endloop
  endfacet
  facet normal -1 0 0
    outer loop
      vertex -30 1.23101 3.20551
      vertex -30 1.23101 12.7945
      vertex -30 1.82222 12.6024
    endloop
  endfacet
  facet normal -1 0 0
    outer loop
      vertex -30 0.620399 3.08903
      vertex -30 1.23101 12.7945
      vertex -30 1.23101 3.20551
    endloop
  endfacet
  facet normal -1 0 0
    outer loop
      vertex -30 0.620399 3.08903
      vertex -30 0.620399 12.911
      vertex -30 1.23101 12.7945
    endloop
  endfacet
  facet normal -1 0 0
    outer loop
      vertex -30 0 3.05
      vertex -30 0.620399 12.911
      vertex -30 0.620399 3.08903
    endloop
  endfacet
  facet normal -1 0 0
    outer loop
      vertex -30 0 3.05
      vertex -30 0 12.95
      vertex -30 0.620399 12.911
    endloop
  endfacet
  facet normal -1 0 0
    outer loop
      vertex -30 -0.620399 3.08903
      vertex -30 0 12.95
      vertex -30 0 3.05
    endloop
  endfacet
  facet normal -1 0 0
    outer loop
      vertex -30 -0.620399 3.08903
      vertex -30 -0.620399 12.911
      vertex -30 0 12.95
    endloop
  endfacet
  facet normal -1 0 0
    outer loop
      vertex -30 -1.23101 3.20551
      vertex -30 -0.620399 12.911
      vertex -30 -0.620399 3.08903
    endloop
  endfacet
  facet normal -1 0 0
    outer loop
      vertex -30 -1.23101 3.20551
      vertex -30 -1.23101 12.7945
      vertex -30 -0.620399 12.911
    endloop
  endfacet
  facet normal -1 0 0
    outer loop
      vertex -30 -1.82222 3.39761
      vertex -30 -1.23101 12.7945
      vertex -30 -1.23101 3.20551
    endloop
  endfacet
  facet normal -1 0 0
    outer loop
      vertex -30 -1.82222 3.39761
      vertex -30 -1.82222 12.6024
      vertex -30 -1.23101 12.7945
    endloop
  endfacet
  facet normal -1 0 0
    outer loop
      vertex -30 -2.38468 3.66228
      vertex -30 -1.82222 12.6024
      vertex -30 -1.82222 3.39761
    endloop
  endfacet
  facet normal -1 0 0
    outer loop
      vertex -30 -2.38468 3.66228
      vertex -30 -2.38468 12.3377
      vertex -30 -1.82222 12.6024
    endloop
  endfacet
  facet normal -1 0 0
    outer loop
      vertex -30 -2.90954 3.99537
      vertex -30 -2.38468 12.3377
      vertex -30 -2.38468 3.66228
    endloop
  endfacet
  facet normal -1 0 0
    outer loop
      vertex -30 -2.90954 3.99537
      vertex -30 -2.90954 12.0046
      vertex -30 -2.38468 12.3377
    endloop
  endfacet
  facet normal -1 0 0
    outer loop
      vertex -30 -3.38851 4.39161
      vertex -30 -2.90954 12.0046
      vertex -30 -2.90954 3.99537
    endloop
  endfacet
  facet normal -1 0 0
    outer loop
      vertex -30 -3.38851 4.39161
      vertex -30 -3.38851 11.6084
      vertex -30 -2.90954 12.0046
    endloop
  endfacet
  facet normal -1 0 0
    outer loop
      vertex -30 -3.81404 4.84475
      vertex -30 -3.38851 11.6084
      vertex -30 -3.38851 4.39161
    endloop
  endfacet
  facet normal -1 0 0
    outer loop
      vertex -30 -3.81404 4.84475
      vertex -30 -3.81404 11.1552
      vertex -30 -3.38851 11.6084
    endloop
  endfacet
  facet normal -1 0 0
    outer loop
      vertex -30 -4.17942 5.34766
      vertex -30 -3.81404 11.1552
      vertex -30 -3.81404 4.84475
    endloop
  endfacet
  facet normal -1 0 0
    outer loop
      vertex -30 -4.17942 5.34766
      vertex -30 -4.17942 10.6523
      vertex -30 -3.81404 11.1552
    endloop
  endfacet
  facet normal -1 0 0
    outer loop
      vertex -30 -4.47889 5.89239
      vertex -30 -4.17942 10.6523
      vertex -30 -4.17942 5.34766
    endloop
  endfacet
  facet normal -1 0 0
    outer loop
      vertex -30 -4.47889 5.89239
      vertex -30 -4.47889 10.1076
      vertex -30 -4.17942 10.6523
    endloop
  endfacet
  facet normal -1 0 0
    outer loop
      vertex -30 -4.70773 6.47037
      vertex -30 -4.47889 10.1076
      vertex -30 -4.47889 5.89239
    endloop
  endfacet
  facet normal -1 0 0
    outer loop
      vertex -30 -4.70773 6.47037
      vertex -30 -4.70773 9.52963
      vertex -30 -4.47889 10.1076
    endloop
  endfacet
  facet normal -1 0 0
    outer loop
      vertex -30 -4.86232 7.07246
      vertex -30 -4.70773 9.52963
      vertex -30 -4.70773 6.47037
    endloop
  endfacet
  facet normal -1 0 0
    outer loop
      vertex -30 -4.86232 7.07246
      vertex -30 -4.86232 8.92754
      vertex -30 -4.70773 9.52963
    endloop
  endfacet
  facet normal -1 0 0
    outer loop
      vertex -30 -4.94023 7.68919
      vertex -30 -4.86232 8.92754
      vertex -30 -4.86232 7.07246
    endloop
  endfacet
  facet normal -1 0 0
    outer loop
      vertex -30 -4.86232 8.92754
      vertex -30 -4.94023 7.68919
      vertex -30 -4.94023 8.31081
    endloop
  endfacet
  facet normal 0 1 -0
    outer loop
      vertex 30 8 4
      vertex 11.9444 8 16
      vertex 30 8 16
    endloop
  endfacet
  facet normal 0 1 0
    outer loop
      vertex 11.9444 8 16
      vertex 30 8 4
      vertex 11.0111 8 15.013
    endloop
  endfacet
  facet normal 0 1 0
    outer loop
      vertex 11.0111 8 15.013
      vertex 30 8 4
      vertex 10.1829 8 14.2138
    endloop
  endfacet
  facet normal 0 1 0
    outer loop
      vertex 8.92513 8 13
      vertex 30 8 4
      vertex -8.92513 8 13
    endloop
  endfacet
  facet normal 0 1 0
    outer loop
      vertex 10.1829 8 14.2138
      vertex 30 8 4
      vertex 8.92513 8 13
    endloop
  endfacet
  facet normal 0 1 0
    outer loop
      vertex -30 8 4
      vertex -11.9444 8 16
      vertex -11.0111 8 15.013
    endloop
  endfacet
  facet normal 0 1 0
    outer loop
      vertex -30 8 4
      vertex -11.0111 8 15.013
      vertex -10.1829 8 14.2138
    endloop
  endfacet
  facet normal 0 1 0
    outer loop
      vertex -30 8 4
      vertex -10.1829 8 14.2138
      vertex -8.92513 8 13
    endloop
  endfacet
  facet normal 0 1 0
    outer loop
      vertex -30 8 4
      vertex -8.92513 8 13
      vertex 30 8 4
    endloop
  endfacet
  facet normal 0 1 0
    outer loop
      vertex -11.9444 8 16
      vertex -30 8 4
      vertex -30 8 16
    endloop
  endfacet
  facet normal 0 -1 0
    outer loop
      vertex -30 -8 0
      vertex -11.9444 -8 16
      vertex -30 -8 16
    endloop
  endfacet
  facet normal 0 -1 -0
    outer loop
      vertex -11.9444 -8 16
      vertex -30 -8 0
      vertex -11.0111 -8 15.013
    endloop
  endfacet
  facet normal 0 -1 -0
    outer loop
      vertex -11.0111 -8 15.013
      vertex -30 -8 0
      vertex -10.1829 -8 14.2138
    endloop
  endfacet
  facet normal 0 -1 -0
    outer loop
      vertex -8.92513 -8 13
      vertex -30 -8 0
      vertex 8.92513 -8 13
    endloop
  endfacet
  facet normal 0 -1 -0
    outer loop
      vertex -10.1829 -8 14.2138
      vertex -30 -8 0
      vertex -8.92513 -8 13
    endloop
  endfacet
  facet normal 0 -1 0
    outer loop
      vertex 30 -8 0
      vertex 11.9444 -8 16
      vertex 11.0111 -8 15.013
    endloop
  endfacet
  facet normal 0 -1 0
    outer loop
      vertex 30 -8 0
      vertex 11.0111 -8 15.013
      vertex 10.1829 -8 14.2138
    endloop
  endfacet
  facet normal 0 -1 0
    outer loop
      vertex 30 -8 0
      vertex 10.1829 -8 14.2138
      vertex 8.92513 -8 13
    endloop
  endfacet
  facet normal 0 -1 0
    outer loop
      vertex 30 -8 0
      vertex 8.92513 -8 13
      vertex -30 -8 0
    endloop
  endfacet
  facet normal 0 -1 0
    outer loop
      vertex 11.9444 -8 16
      vertex 30 -8 0
      vertex 30 -8 16
    endloop
  endfacet
  facet normal 0 0 1
    outer loop
      vertex 1.48764 39.811 4
      vertex 30 47 4
      vertex 1.54973 40.0021 4
    endloop
  endfacet
  facet normal 0 0 1
    outer loop
      vertex 30 8 4
      vertex 1.58738 14.8005 4
      vertex 1.6 14.6 4
    endloop
  endfacet
  facet normal 0 0 1
    outer loop
      vertex 1.40209 39.6292 4
      vertex 30 47 4
      vertex 1.48764 39.811 4
    endloop
  endfacet
  facet normal 0 0 1
    outer loop
      vertex 30 8 4
      vertex 1.54973 14.9979 4
      vertex 1.58738 14.8005 4
    endloop
  endfacet
  facet normal 0 0 1
    outer loop
      vertex 1.29443 39.4595 4
      vertex 30 47 4
      vertex 1.40209 39.6292 4
    endloop
  endfacet
  facet normal 0 0 1
    outer loop
      vertex 30 8 4
      vertex 1.48764 15.189 4
      vertex 1.54973 14.9979 4
    endloop
  endfacet
  facet normal 0 0 1
    outer loop
      vertex 30 47 4
      vertex 1.29443 39.4595 4
      vertex 30 8 4
    endloop
  endfacet
  facet normal 0 0 1
    outer loop
      vertex 30 8 4
      vertex 1.40209 15.3708 4
      vertex 1.48764 15.189 4
    endloop
  endfacet
  facet normal -0 0 1
    outer loop
      vertex 1.29443 15.5405 4
      vertex 30 8 4
      vertex 1.29443 39.4595 4
    endloop
  endfacet
  facet normal 0 0 1
    outer loop
      vertex 30 8 4
      vertex 1.29443 15.5405 4
      vertex 1.40209 15.3708 4
    endloop
  endfacet
  facet normal -0 0 1
    outer loop
      vertex 1.16635 39.3047 4
      vertex 1.29443 15.5405 4
      vertex 1.29443 39.4595 4
    endloop
  endfacet
  facet normal 0 0 1
    outer loop
      vertex 1.16635 39.3047 4
      vertex 1.16635 15.6953 4
      vertex 1.29443 15.5405 4
    endloop
  endfacet
  facet normal -0 0 1
    outer loop
      vertex 1.01988 39.1672 4
      vertex 1.16635 15.6953 4
      vertex 1.16635 39.3047 4
    endloop
  endfacet
  facet normal 0 0 1
    outer loop
      vertex 1.01988 39.1672 4
      vertex 1.01988 15.8328 4
      vertex 1.16635 15.6953 4
    endloop
  endfacet
  facet normal -0 0 1
    outer loop
      vertex 0.857323 39.0491 4
      vertex 1.01988 15.8328 4
      vertex 1.01988 39.1672 4
    endloop
  endfacet
  facet normal 0 0 1
    outer loop
      vertex 0.857323 39.0491 4
      vertex 0.857323 15.9509 4
      vertex 1.01988 15.8328 4
    endloop
  endfacet
  facet normal -0 0 1
    outer loop
      vertex 0.681247 38.9523 4
      vertex 0.857323 15.9509 4
      vertex 0.857323 39.0491 4
    endloop
  endfacet
  facet normal 0 0 1
    outer loop
      vertex 0.681247 38.9523 4
      vertex 0.681247 16.0477 4
      vertex 0.857323 15.9509 4
    endloop
  endfacet
  facet normal -0 0 1
    outer loop
      vertex 0.494427 38.8783 4
      vertex 0.681247 16.0477 4
      vertex 0.681247 38.9523 4
    endloop
  endfacet
  facet normal 0 0 1
    outer loop
      vertex 0.494427 38.8783 4
      vertex 0.494427 16.1217 4
      vertex 0.681247 16.0477 4
    endloop
  endfacet
  facet normal -0 0 1
    outer loop
      vertex 0.299809 38.8283 4
      vertex 0.494427 16.1217 4
      vertex 0.494427 38.8783 4
    endloop
  endfacet
  facet normal 0 0 1
    outer loop
      vertex 0.299809 38.8283 4
      vertex 0.299809 16.1717 4
      vertex 0.494427 16.1217 4
    endloop
  endfacet
  facet normal -0 0 1
    outer loop
      vertex 0.100465 38.8032 4
      vertex 0.299809 16.1717 4
      vertex 0.299809 38.8283 4
    endloop
  endfacet
  facet normal 0 0 1
    outer loop
      vertex 0.100465 38.8032 4
      vertex 0.100465 16.1968 4
      vertex 0.299809 16.1717 4
    endloop
  endfacet
  facet normal -0 0 1
    outer loop
      vertex -0.100465 38.8032 4
      vertex 0.100465 16.1968 4
      vertex 0.100465 38.8032 4
    endloop
  endfacet
  facet normal 0 0 1
    outer loop
      vertex -0.100465 38.8032 4
      vertex -0.100465 16.1968 4
      vertex 0.100465 16.1968 4
    endloop
  endfacet
  facet normal 0 0 1
    outer loop
      vertex -0.299809 38.8283 4
      vertex -0.100465 16.1968 4
      vertex -0.100465 38.8032 4
    endloop
  endfacet
  facet normal 0 0 1
    outer loop
      vertex -0.299809 38.8283 4
      vertex -0.299809 16.1717 4
      vertex -0.100465 16.1968 4
    endloop
  endfacet
  facet normal 0 0 1
    outer loop
      vertex -0.494427 38.8783 4
      vertex -0.299809 16.1717 4
      vertex -0.299809 38.8283 4
    endloop
  endfacet
  facet normal 0 0 1
    outer loop
      vertex -0.494427 38.8783 4
      vertex -0.494427 16.1217 4
      vertex -0.299809 16.1717 4
    endloop
  endfacet
  facet normal 0 0 1
    outer loop
      vertex -0.681247 38.9523 4
      vertex -0.494427 16.1217 4
      vertex -0.494427 38.8783 4
    endloop
  endfacet
  facet normal 0 0 1
    outer loop
      vertex -0.681247 38.9523 4
      vertex -0.681247 16.0477 4
      vertex -0.494427 16.1217 4
    endloop
  endfacet
  facet normal 0 0 1
    outer loop
      vertex -0.857323 39.0491 4
      vertex -0.681247 16.0477 4
      vertex -0.681247 38.9523 4
    endloop
  endfacet
  facet normal 0 0 1
    outer loop
      vertex -0.857323 39.0491 4
      vertex -0.857323 15.9509 4
      vertex -0.681247 16.0477 4
    endloop
  endfacet
  facet normal 0 0 1
    outer loop
      vertex -1.01988 39.1672 4
      vertex -0.857323 15.9509 4
      vertex -0.857323 39.0491 4
    endloop
  endfacet
  facet normal 0 0 1
    outer loop
      vertex -1.01988 39.1672 4
      vertex -1.01988 15.8328 4
      vertex -0.857323 15.9509 4
    endloop
  endfacet
  facet normal 0 0 1
    outer loop
      vertex -1.16635 39.3047 4
      vertex -1.01988 15.8328 4
      vertex -1.01988 39.1672 4
    endloop
  endfacet
  facet normal 0 0 1
    outer loop
      vertex -1.16635 39.3047 4
      vertex -1.16635 15.6953 4
      vertex -1.01988 15.8328 4
    endloop
  endfacet
  facet normal 0 0 1
    outer loop
      vertex -1.29443 39.4595 4
      vertex -1.16635 15.6953 4
      vertex -1.16635 39.3047 4
    endloop
  endfacet
  facet normal 0 0 1
    outer loop
      vertex -1.29443 39.4595 4
      vertex -1.29443 15.5405 4
      vertex -1.16635 15.6953 4
    endloop
  endfacet
  facet normal 0 0 1
    outer loop
      vertex -30 47 4
      vertex -1.29443 39.4595 4
      vertex -1.40209 39.6292 4
    endloop
  endfacet
  facet normal 0 0 1
    outer loop
      vertex -1.29443 39.4595 4
      vertex -30 47 4
      vertex -1.29443 15.5405 4
    endloop
  endfacet
  facet normal 0 0 1
    outer loop
      vertex -30 47 4
      vertex -1.40209 39.6292 4
      vertex -1.48764 39.811 4
    endloop
  endfacet
  facet normal 0 0 1
    outer loop
      vertex -30 8 4
      vertex -1.29443 15.5405 4
      vertex -30 47 4
    endloop
  endfacet
  facet normal 0 0 1
    outer loop
      vertex -30 47 4
      vertex -1.48764 39.811 4
      vertex -1.54973 40.0021 4
    endloop
  endfacet
  facet normal 0 0 1
    outer loop
      vertex -1.29443 15.5405 4
      vertex -30 8 4
      vertex -1.40209 15.3708 4
    endloop
  endfacet
  facet normal 0 0 1
    outer loop
      vertex -30 47 4
      vertex -1.54973 40.0021 4
      vertex -1.58738 40.1995 4
    endloop
  endfacet
  facet normal 0 0 1
    outer loop
      vertex -1.40209 15.3708 4
      vertex -30 8 4
      vertex -1.48764 15.189 4
    endloop
  endfacet
  facet normal 0 0 1
    outer loop
      vertex -30 47 4
      vertex -1.58738 40.1995 4
      vertex -1.6 40.4 4
    endloop
  endfacet
  facet normal 0 0 1
    outer loop
      vertex -1.48764 15.189 4
      vertex -30 8 4
      vertex -1.54973 14.9979 4
    endloop
  endfacet
  facet normal 0 0 1
    outer loop
      vertex 1.58738 40.1995 4
      vertex 30 47 4
      vertex 1.6 40.4 4
    endloop
  endfacet
  facet normal 0 0 1
    outer loop
      vertex 30 47 4
      vertex 1.58738 40.6005 4
      vertex 1.6 40.4 4
    endloop
  endfacet
  facet normal 0 0 1
    outer loop
      vertex 30 47 4
      vertex 1.54973 40.7979 4
      vertex 1.58738 40.6005 4
    endloop
  endfacet
  facet normal 0 0 1
    outer loop
      vertex 30 47 4
      vertex 1.48764 40.989 4
      vertex 1.54973 40.7979 4
    endloop
  endfacet
  facet normal 0 0 1
    outer loop
      vertex 30 47 4
      vertex 1.40209 41.1708 4
      vertex 1.48764 40.989 4
    endloop
  endfacet
  facet normal 0 0 1
    outer loop
      vertex 30 47 4
      vertex 1.29443 41.3405 4
      vertex 1.40209 41.1708 4
    endloop
  endfacet
  facet normal 0 0 1
    outer loop
      vertex 30 47 4
      vertex 1.16635 41.4953 4
      vertex 1.29443 41.3405 4
    endloop
  endfacet
  facet normal 0 0 1
    outer loop
      vertex 30 47 4
      vertex 1.01988 41.6328 4
      vertex 1.16635 41.4953 4
    endloop
  endfacet
  facet normal 0 0 1
    outer loop
      vertex 30 47 4
      vertex 0.857323 41.7509 4
      vertex 1.01988 41.6328 4
    endloop
  endfacet
  facet normal 0 0 1
    outer loop
      vertex 30 47 4
      vertex 0.681247 41.8477 4
      vertex 0.857323 41.7509 4
    endloop
  endfacet
  facet normal 0 0 1
    outer loop
      vertex 30 47 4
      vertex 0.494427 41.9217 4
      vertex 0.681247 41.8477 4
    endloop
  endfacet
  facet normal 0 0 1
    outer loop
      vertex 30 47 4
      vertex 0.299809 41.9717 4
      vertex 0.494427 41.9217 4
    endloop
  endfacet
  facet normal 0 0 1
    outer loop
      vertex 30 47 4
      vertex 0.100465 41.9968 4
      vertex 0.299809 41.9717 4
    endloop
  endfacet
  facet normal 0 0 1
    outer loop
      vertex 30 47 4
      vertex -0.100465 41.9968 4
      vertex 0.100465 41.9968 4
    endloop
  endfacet
  facet normal -0 0 1
    outer loop
      vertex -30 47 4
      vertex -0.100465 41.9968 4
      vertex 30 47 4
    endloop
  endfacet
  facet normal 0 0 1
    outer loop
      vertex -1.54973 14.9979 4
      vertex -30 8 4
      vertex -1.58738 14.8005 4
    endloop
  endfacet
  facet normal 0 0 1
    outer loop
      vertex -1.58738 40.6005 4
      vertex -30 47 4
      vertex -1.6 40.4 4
    endloop
  endfacet
  facet normal 0 0 1
    outer loop
      vertex -1.54973 40.7979 4
      vertex -30 47 4
      vertex -1.58738 40.6005 4
    endloop
  endfacet
  facet normal 0 0 1
    outer loop
      vertex -1.48764 40.989 4
      vertex -30 47 4
      vertex -1.54973 40.7979 4
    endloop
  endfacet
  facet normal 0 0 1
    outer loop
      vertex -1.40209 41.1708 4
      vertex -30 47 4
      vertex -1.48764 40.989 4
    endloop
  endfacet
  facet normal 0 0 1
    outer loop
      vertex -1.29443 41.3405 4
      vertex -30 47 4
      vertex -1.40209 41.1708 4
    endloop
  endfacet
  facet normal 0 0 1
    outer loop
      vertex -1.16635 41.4953 4
      vertex -30 47 4
      vertex -1.29443 41.3405 4
    endloop
  endfacet
  facet normal 0 0 1
    outer loop
      vertex -1.01988 41.6328 4
      vertex -30 47 4
      vertex -1.16635 41.4953 4
    endloop
  endfacet
  facet normal 0 0 1
    outer loop
      vertex -0.857323 41.7509 4
      vertex -30 47 4
      vertex -1.01988 41.6328 4
    endloop
  endfacet
  facet normal 0 0 1
    outer loop
      vertex -0.681247 41.8477 4
      vertex -30 47 4
      vertex -0.857323 41.7509 4
    endloop
  endfacet
  facet normal 0 0 1
    outer loop
      vertex -0.494427 41.9217 4
      vertex -30 47 4
      vertex -0.681247 41.8477 4
    endloop
  endfacet
  facet normal 0 0 1
    outer loop
      vertex -0.299809 41.9717 4
      vertex -30 47 4
      vertex -0.494427 41.9217 4
    endloop
  endfacet
  facet normal 0 0 1
    outer loop
      vertex -0.100465 41.9968 4
      vertex -30 47 4
      vertex -0.299809 41.9717 4
    endloop
  endfacet
  facet normal 0 0 1
    outer loop
      vertex 1.54973 40.0021 4
      vertex 30 47 4
      vertex 1.58738 40.1995 4
    endloop
  endfacet
  facet normal -0 0 1
    outer loop
      vertex 1.58738 14.3995 4
      vertex 30 8 4
      vertex 1.6 14.6 4
    endloop
  endfacet
  facet normal -0 0 1
    outer loop
      vertex 1.54973 14.2021 4
      vertex 30 8 4
      vertex 1.58738 14.3995 4
    endloop
  endfacet
  facet normal -0 0 1
    outer loop
      vertex 1.48764 14.011 4
      vertex 30 8 4
      vertex 1.54973 14.2021 4
    endloop
  endfacet
  facet normal -0 0 1
    outer loop
      vertex 1.40209 13.8292 4
      vertex 30 8 4
      vertex 1.48764 14.011 4
    endloop
  endfacet
  facet normal -0 0 1
    outer loop
      vertex 1.29443 13.6595 4
      vertex 30 8 4
      vertex 1.40209 13.8292 4
    endloop
  endfacet
  facet normal -0 0 1
    outer loop
      vertex 1.16635 13.5047 4
      vertex 30 8 4
      vertex 1.29443 13.6595 4
    endloop
  endfacet
  facet normal -0 0 1
    outer loop
      vertex 1.01988 13.3672 4
      vertex 30 8 4
      vertex 1.16635 13.5047 4
    endloop
  endfacet
  facet normal -0 0 1
    outer loop
      vertex 0.857323 13.2491 4
      vertex 30 8 4
      vertex 1.01988 13.3672 4
    endloop
  endfacet
  facet normal -0 0 1
    outer loop
      vertex 0.681247 13.1523 4
      vertex 30 8 4
      vertex 0.857323 13.2491 4
    endloop
  endfacet
  facet normal -0 0 1
    outer loop
      vertex 0.494427 13.0783 4
      vertex 30 8 4
      vertex 0.681247 13.1523 4
    endloop
  endfacet
  facet normal -0 0 1
    outer loop
      vertex 0.299809 13.0283 4
      vertex 30 8 4
      vertex 0.494427 13.0783 4
    endloop
  endfacet
  facet normal -0 0 1
    outer loop
      vertex 0.100465 13.0032 4
      vertex 30 8 4
      vertex 0.299809 13.0283 4
    endloop
  endfacet
  facet normal -0 0 1
    outer loop
      vertex -0.100465 13.0032 4
      vertex 30 8 4
      vertex 0.100465 13.0032 4
    endloop
  endfacet
  facet normal 0 0 1
    outer loop
      vertex -30 8 4
      vertex -0.100465 13.0032 4
      vertex -0.299809 13.0283 4
    endloop
  endfacet
  facet normal 0 0 1
    outer loop
      vertex -1.58738 14.8005 4
      vertex -30 8 4
      vertex -1.6 14.6 4
    endloop
  endfacet
  facet normal 0 0 1
    outer loop
      vertex -1.6 14.6 4
      vertex -30 8 4
      vertex -1.58738 14.3995 4
    endloop
  endfacet
  facet normal 0 0 1
    outer loop
      vertex -1.58738 14.3995 4
      vertex -30 8 4
      vertex -1.54973 14.2021 4
    endloop
  endfacet
  facet normal 0 0 1
    outer loop
      vertex -1.54973 14.2021 4
      vertex -30 8 4
      vertex -1.48764 14.011 4
    endloop
  endfacet
  facet normal 0 0 1
    outer loop
      vertex -1.48764 14.011 4
      vertex -30 8 4
      vertex -1.40209 13.8292 4
    endloop
  endfacet
  facet normal 0 0 1
    outer loop
      vertex -1.40209 13.8292 4
      vertex -30 8 4
      vertex -1.29443 13.6595 4
    endloop
  endfacet
  facet normal 0 0 1
    outer loop
      vertex -0.100465 13.0032 4
      vertex -30 8 4
      vertex 30 8 4
    endloop
  endfacet
  facet normal 0 0 1
    outer loop
      vertex -0.494427 13.0783 4
      vertex -30 8 4
      vertex -0.299809 13.0283 4
    endloop
  endfacet
  facet normal 0 0 1
    outer loop
      vertex -0.681247 13.1523 4
      vertex -30 8 4
      vertex -0.494427 13.0783 4
    endloop
  endfacet
  facet normal 0 0 1
    outer loop
      vertex -0.857323 13.2491 4
      vertex -30 8 4
      vertex -0.681247 13.1523 4
    endloop
  endfacet
  facet normal 0 0 1
    outer loop
      vertex -1.01988 13.3672 4
      vertex -30 8 4
      vertex -0.857323 13.2491 4
    endloop
  endfacet
  facet normal 0 0 1
    outer loop
      vertex -1.16635 13.5047 4
      vertex -30 8 4
      vertex -1.01988 13.3672 4
    endloop
  endfacet
  facet normal 0 0 1
    outer loop
      vertex -1.29443 13.6595 4
      vertex -30 8 4
      vertex -1.16635 13.5047 4
    endloop
  endfacet
  facet normal 0 1 -0
    outer loop
      vertex 30 47 0
      vertex -30 47 4
      vertex 30 47 4
    endloop
  endfacet
  facet normal 0 1 0
    outer loop
      vertex -30 47 4
      vertex 30 47 0
      vertex -30 47 0
    endloop
  endfacet
  facet normal 0 -0.187375 0.982289
    outer loop
      vertex 5 1.50457 2.14007
      vertex 5.23778 0.758265 1.99771
      vertex 5.66866 1.50457 2.14007
    endloop
  endfacet
  facet normal 0 -0.187375 0.982289
    outer loop
      vertex 5.23778 0.758265 1.99771
      vertex 5 1.50457 2.14007
      vertex 5 0.758265 1.99771
    endloop
  endfacet
  facet normal 0 -0.187375 0.982289
    outer loop
      vertex 30 1.50457 2.14007
      vertex 10.7622 0.758265 1.99771
      vertex 30 0.758265 1.99771
    endloop
  endfacet
  facet normal 0 -0.187375 0.982289
    outer loop
      vertex 10.7622 0.758265 1.99771
      vertex 30 1.50457 2.14007
      vertex 10.3313 1.50457 2.14007
    endloop
  endfacet
  facet normal 0 -0.0628107 0.998025
    outer loop
      vertex 5.23778 0.758265 1.99771
      vertex 5 0.758265 1.99771
      vertex 5 0.346411 1.97179
    endloop
  endfacet
  facet normal 0 -0.0627958 0.998026
    outer loop
      vertex 30 0.758265 1.99771
      vertex 11.2 0 1.95
      vertex 30 0 1.95
    endloop
  endfacet
  facet normal 0 -0.0627958 0.998026
    outer loop
      vertex 11.2 0 1.95
      vertex 30 0.758265 1.99771
      vertex 10.7622 0.758265 1.99771
    endloop
  endfacet
  facet normal 0 -0.309016 0.951057
    outer loop
      vertex 5 2.22715 2.37485
      vertex 5.66866 1.50457 2.14007
      vertex 6.08585 2.22715 2.37485
    endloop
  endfacet
  facet normal 0 -0.309016 0.951057
    outer loop
      vertex 5.66866 1.50457 2.14007
      vertex 5 2.22715 2.37485
      vertex 5 1.50457 2.14007
    endloop
  endfacet
  facet normal 0 -0.309016 0.951057
    outer loop
      vertex 30 2.22715 2.37485
      vertex 10.3313 1.50457 2.14007
      vertex 30 1.50457 2.14007
    endloop
  endfacet
  facet normal 0 -0.309016 0.951057
    outer loop
      vertex 10.3313 1.50457 2.14007
      vertex 30 2.22715 2.37485
      vertex 9.91415 2.22715 2.37485
    endloop
  endfacet
  facet normal 0 0.187425 -0.982279
    outer loop
      vertex 30 -1.50457 13.8599
      vertex 12.7541 -0.758265 14.0023
      vertex 30 -0.758265 14.0023
    endloop
  endfacet
  facet normal 0 0.187425 -0.982279
    outer loop
      vertex 12.7541 -0.758265 14.0023
      vertex 30 -1.50457 13.8599
      vertex 12.5933 -1.50457 13.8599
    endloop
  endfacet
  facet normal 0 -0.535825 0.844329
    outer loop
      vertex 5 3.5561 3.10545
      vertex 30 2.91461 2.69835
      vertex 30 3.5561 3.10545
    endloop
  endfacet
  facet normal 0 -0.535825 0.844329
    outer loop
      vertex 30 2.91461 2.69835
      vertex 5 3.5561 3.10545
      vertex 5 2.91461 2.69835
    endloop
  endfacet
  facet normal -0 0.535825 0.844329
    outer loop
      vertex 5 -2.91461 2.69835
      vertex 30 -3.5561 3.10545
      vertex 30 -2.91461 2.69835
    endloop
  endfacet
  facet normal 0 0.535825 0.844329
    outer loop
      vertex 30 -3.5561 3.10545
      vertex 5 -2.91461 2.69835
      vertex 5 -3.5561 3.10545
    endloop
  endfacet
  facet normal 0 -0.968581 -0.248697
    outer loop
      vertex 5 5.94284 9.13366
      vertex 30 5.75389 9.86955
      vertex 5 5.75389 9.86955
    endloop
  endfacet
  facet normal 0 -0.968581 -0.248697
    outer loop
      vertex 30 5.75389 9.86955
      vertex 5 5.94284 9.13366
      vertex 30 5.94284 9.13366
    endloop
  endfacet
  facet normal 0 0.968581 0.248697
    outer loop
      vertex 30 -5.75389 6.13045
      vertex 5 -5.94284 6.86634
      vertex 30 -5.94284 6.86634
    endloop
  endfacet
  facet normal 0 0.968581 0.248697
    outer loop
      vertex 5 -5.94284 6.86634
      vertex 30 -5.75389 6.13045
      vertex 5 -5.75389 6.13045
    endloop
  endfacet
  facet normal 0 -0.968581 0.248697
    outer loop
      vertex 5 5.75389 6.13045
      vertex 30 5.94284 6.86634
      vertex 5 5.94284 6.86634
    endloop
  endfacet
  facet normal 0 -0.968581 0.248697
    outer loop
      vertex 30 5.94284 6.86634
      vertex 5 5.75389 6.13045
      vertex 30 5.75389 6.13045
    endloop
  endfacet
  facet normal 0 0.0628107 0.998025
    outer loop
      vertex 5.23778 -0.758265 1.99771
      vertex 5 -0.346411 1.97179
      vertex 5 -0.758265 1.99771
    endloop
  endfacet
  facet normal -0 0.0627958 0.998026
    outer loop
      vertex 11.2 0 1.95
      vertex 30 -0.758265 1.99771
      vertex 30 0 1.95
    endloop
  endfacet
  facet normal 0 0.0627958 0.998026
    outer loop
      vertex 30 -0.758265 1.99771
      vertex 11.2 0 1.95
      vertex 10.7622 -0.758265 1.99771
    endloop
  endfacet
  facet normal 0 -0.87631 -0.481747
    outer loop
      vertex 5 5.4742 10.576
      vertex 30 5.10818 11.2418
      vertex 5 5.10818 11.2418
    endloop
  endfacet
  facet normal 0 -0.87631 -0.481747
    outer loop
      vertex 30 5.10818 11.2418
      vertex 5 5.4742 10.576
      vertex 30 5.4742 10.576
    endloop
  endfacet
  facet normal 0 -0.992115 0.125327
    outer loop
      vertex 5 5.94284 6.86634
      vertex 30 6.03806 7.62012
      vertex 5 6.03806 7.62012
    endloop
  endfacet
  facet normal 0 -0.992115 0.125327
    outer loop
      vertex 30 6.03806 7.62012
      vertex 5 5.94284 6.86634
      vertex 30 5.94284 6.86634
    endloop
  endfacet
  facet normal 0 -0.425786 0.904824
    outer loop
      vertex 30 2.91461 2.69835
      vertex 9.91415 2.22715 2.37485
      vertex 30 2.22715 2.37485
    endloop
  endfacet
  facet normal -9.15587e-08 -0.425783 0.904825
    outer loop
      vertex 30 2.91461 2.69835
      vertex 9.82195 2.38685 2.45
      vertex 9.91415 2.22715 2.37485
    endloop
  endfacet
  facet normal 0 -0.425786 0.904824
    outer loop
      vertex 5 2.91461 2.69835
      vertex 9.82195 2.38685 2.45
      vertex 30 2.91461 2.69835
    endloop
  endfacet
  facet normal 0 -0.425786 0.904824
    outer loop
      vertex 9.82195 2.38685 2.45
      vertex 5 2.91461 2.69835
      vertex 6.17805 2.38685 2.45
    endloop
  endfacet
  facet normal 1.2648e-06 -0.425784 0.904825
    outer loop
      vertex 5 2.91461 2.69835
      vertex 6.08585 2.22715 2.37485
      vertex 6.17805 2.38685 2.45
    endloop
  endfacet
  facet normal 0 -0.425786 0.904824
    outer loop
      vertex 6.08585 2.22715 2.37485
      vertex 5 2.91461 2.69835
      vertex 5 2.22715 2.37485
    endloop
  endfacet
  facet normal 0 -0.992115 -0.125327
    outer loop
      vertex 5 6.03806 8.37988
      vertex 30 5.94284 9.13366
      vertex 5 5.94284 9.13366
    endloop
  endfacet
  facet normal 0 -0.992115 -0.125327
    outer loop
      vertex 30 5.94284 9.13366
      vertex 5 6.03806 8.37988
      vertex 30 6.03806 8.37988
    endloop
  endfacet
  facet normal 0 0.729006 -0.684507
    outer loop
      vertex 30 -4.6616 11.8564
      vertex 5 -4.14151 12.4103
      vertex 30 -4.14151 12.4103
    endloop
  endfacet
  facet normal 0 0.729006 -0.684507
    outer loop
      vertex 5 -4.14151 12.4103
      vertex 30 -4.6616 11.8564
      vertex 5 -4.6616 11.8564
    endloop
  endfacet
  facet normal 0 0.637429 -0.770509
    outer loop
      vertex 5 -4.14151 12.4103
      vertex 30 -3.5561 12.8946
      vertex 30 -4.14151 12.4103
    endloop
  endfacet
  facet normal 0 0.637429 -0.770509
    outer loop
      vertex 30 -3.5561 12.8946
      vertex 5 -4.14151 12.4103
      vertex 5 -3.5561 12.8946
    endloop
  endfacet
  facet normal 0 -1 0
    outer loop
      vertex 5 6.03806 7.62012
      vertex 30 6.03806 8.37988
      vertex 5 6.03806 8.37988
    endloop
  endfacet
  facet normal 0 -1 -0
    outer loop
      vertex 30 6.03806 8.37988
      vertex 5 6.03806 7.62012
      vertex 30 6.03806 7.62012
    endloop
  endfacet
  facet normal 0 -0.729006 -0.684507
    outer loop
      vertex 5 4.6616 11.8564
      vertex 30 4.14151 12.4103
      vertex 5 4.14151 12.4103
    endloop
  endfacet
  facet normal 0 -0.729006 -0.684507
    outer loop
      vertex 30 4.14151 12.4103
      vertex 5 4.6616 11.8564
      vertex 30 4.6616 11.8564
    endloop
  endfacet
  facet normal 0 0.309016 0.951057
    outer loop
      vertex 5 -2.22715 2.37485
      vertex 5.66866 -1.50457 2.14007
      vertex 5 -1.50457 2.14007
    endloop
  endfacet
  facet normal 0 0.309016 0.951057
    outer loop
      vertex 5.66866 -1.50457 2.14007
      vertex 5 -2.22715 2.37485
      vertex 6.08585 -2.22715 2.37485
    endloop
  endfacet
  facet normal -0 0.309016 0.951057
    outer loop
      vertex 10.3313 -1.50457 2.14007
      vertex 30 -2.22715 2.37485
      vertex 30 -1.50457 2.14007
    endloop
  endfacet
  facet normal 0 0.309016 0.951057
    outer loop
      vertex 30 -2.22715 2.37485
      vertex 10.3313 -1.50457 2.14007
      vertex 9.91415 -2.22715 2.37485
    endloop
  endfacet
  facet normal 0 0.0627827 -0.998027
    outer loop
      vertex 30 -0.758265 14.0023
      vertex 12.84 0 14.05
      vertex 30 0 14.05
    endloop
  endfacet
  facet normal -4.19519e-06 0.0626881 -0.998033
    outer loop
      vertex 30 -0.758265 14.0023
      vertex 12.7935 -0.410755 14.0242
      vertex 12.84 0 14.05
    endloop
  endfacet
  facet normal 0 0.062895 -0.99802
    outer loop
      vertex 12.7935 -0.410755 14.0242
      vertex 30 -0.758265 14.0023
      vertex 12.7541 -0.758265 14.0023
    endloop
  endfacet
  facet normal -0 0.425786 0.904824
    outer loop
      vertex 9.91415 -2.22715 2.37485
      vertex 30 -2.91461 2.69835
      vertex 30 -2.22715 2.37485
    endloop
  endfacet
  facet normal -9.15587e-08 0.425783 0.904825
    outer loop
      vertex 9.82195 -2.38685 2.45
      vertex 30 -2.91461 2.69835
      vertex 9.91415 -2.22715 2.37485
    endloop
  endfacet
  facet normal 0 0.425786 0.904824
    outer loop
      vertex 5 -2.91461 2.69835
      vertex 9.82195 -2.38685 2.45
      vertex 6.17805 -2.38685 2.45
    endloop
  endfacet
  facet normal 0 0.425786 0.904824
    outer loop
      vertex 5 -2.91461 2.69835
      vertex 6.08585 -2.22715 2.37485
      vertex 5 -2.22715 2.37485
    endloop
  endfacet
  facet normal 0 0.425786 0.904824
    outer loop
      vertex 9.82195 -2.38685 2.45
      vertex 5 -2.91461 2.69835
      vertex 30 -2.91461 2.69835
    endloop
  endfacet
  facet normal 1.2648e-06 0.425784 0.904825
    outer loop
      vertex 6.08585 -2.22715 2.37485
      vertex 5 -2.91461 2.69835
      vertex 6.17805 -2.38685 2.45
    endloop
  endfacet
  facet normal 0 0.876307 0.481753
    outer loop
      vertex 30 -5.10818 4.75825
      vertex 5 -5.4742 5.42404
      vertex 30 -5.4742 5.42404
    endloop
  endfacet
  facet normal 0 0.876307 0.481753
    outer loop
      vertex 5 -5.4742 5.42404
      vertex 30 -5.10818 4.75825
      vertex 5 -5.10818 4.75825
    endloop
  endfacet
  facet normal 0 -0.728975 0.68454
    outer loop
      vertex 5 4.14151 3.58974
      vertex 30 4.6616 4.14359
      vertex 5 4.6616 4.14359
    endloop
  endfacet
  facet normal 0 -0.728975 0.68454
    outer loop
      vertex 30 4.6616 4.14359
      vertex 5 4.14151 3.58974
      vertex 30 4.14151 3.58974
    endloop
  endfacet
  facet normal 0 -0.637421 0.770515
    outer loop
      vertex 5 4.14151 3.58974
      vertex 30 3.5561 3.10545
      vertex 30 4.14151 3.58974
    endloop
  endfacet
  facet normal 0 -0.637421 0.770515
    outer loop
      vertex 30 3.5561 3.10545
      vertex 5 4.14151 3.58974
      vertex 5 3.5561 3.10545
    endloop
  endfacet
  facet normal 0 0.929782 -0.368109
    outer loop
      vertex 30 -5.75389 9.86955
      vertex 5 -5.4742 10.576
      vertex 30 -5.4742 10.576
    endloop
  endfacet
  facet normal 0 0.929782 -0.368109
    outer loop
      vertex 5 -5.4742 10.576
      vertex 30 -5.75389 9.86955
      vertex 5 -5.75389 9.86955
    endloop
  endfacet
  facet normal 0 -0.809015 0.587788
    outer loop
      vertex 5 4.6616 4.14359
      vertex 30 5.10818 4.75825
      vertex 5 5.10818 4.75825
    endloop
  endfacet
  facet normal 0 -0.809015 0.587788
    outer loop
      vertex 30 5.10818 4.75825
      vertex 5 4.6616 4.14359
      vertex 30 4.6616 4.14359
    endloop
  endfacet
  facet normal 0 0.929775 0.368127
    outer loop
      vertex 30 -5.4742 5.42404
      vertex 5 -5.75389 6.13045
      vertex 30 -5.75389 6.13045
    endloop
  endfacet
  facet normal 0 0.929775 0.368127
    outer loop
      vertex 5 -5.75389 6.13045
      vertex 30 -5.4742 5.42404
      vertex 5 -5.4742 5.42404
    endloop
  endfacet
  facet normal 0 -0.637429 -0.770509
    outer loop
      vertex 5 3.5561 12.8946
      vertex 30 4.14151 12.4103
      vertex 30 3.5561 12.8946
    endloop
  endfacet
  facet normal -0 -0.637429 -0.770509
    outer loop
      vertex 30 4.14151 12.4103
      vertex 5 3.5561 12.8946
      vertex 5 4.14151 12.4103
    endloop
  endfacet
  facet normal 0 1 -0
    outer loop
      vertex 30 -6.03806 7.62012
      vertex 5 -6.03806 8.37988
      vertex 30 -6.03806 8.37988
    endloop
  endfacet
  facet normal 0 1 0
    outer loop
      vertex 5 -6.03806 8.37988
      vertex 30 -6.03806 7.62012
      vertex 5 -6.03806 7.62012
    endloop
  endfacet
  facet normal 0 0.992115 0.125327
    outer loop
      vertex 30 -5.94284 6.86634
      vertex 5 -6.03806 7.62012
      vertex 30 -6.03806 7.62012
    endloop
  endfacet
  facet normal 0 0.992115 0.125327
    outer loop
      vertex 5 -6.03806 7.62012
      vertex 30 -5.94284 6.86634
      vertex 5 -5.94284 6.86634
    endloop
  endfacet
  facet normal 0 -0.929775 0.368127
    outer loop
      vertex 5 5.4742 5.42404
      vertex 30 5.75389 6.13045
      vertex 5 5.75389 6.13045
    endloop
  endfacet
  facet normal 0 -0.929775 0.368127
    outer loop
      vertex 30 5.75389 6.13045
      vertex 5 5.4742 5.42404
      vertex 30 5.4742 5.42404
    endloop
  endfacet
  facet normal 0 0.87631 -0.481747
    outer loop
      vertex 30 -5.4742 10.576
      vertex 5 -5.10818 11.2418
      vertex 30 -5.10818 11.2418
    endloop
  endfacet
  facet normal 0 0.87631 -0.481747
    outer loop
      vertex 5 -5.10818 11.2418
      vertex 30 -5.4742 10.576
      vertex 5 -5.4742 10.576
    endloop
  endfacet
  facet normal 1 -0 0
    outer loop
      vertex 5 0 3.05
      vertex 5 0.346411 2.45
      vertex 5 0.620399 3.08903
    endloop
  endfacet
  facet normal 1 0 0
    outer loop
      vertex 5 0 3.05
      vertex 5 -0.346411 2.45
      vertex 5 0.346411 2.45
    endloop
  endfacet
  facet normal 1 0 0
    outer loop
      vertex 5 -0.620399 3.08903
      vertex 5 -0.346411 2.45
      vertex 5 0 3.05
    endloop
  endfacet
  facet normal 1 0 0
    outer loop
      vertex 5 -0.758265 1.99771
      vertex 5 -0.346411 2.45
      vertex 5 -0.620399 3.08903
    endloop
  endfacet
  facet normal 1 0 0
    outer loop
      vertex 5 -0.346411 2.45
      vertex 5 -0.758265 1.99771
      vertex 5 -0.346411 1.97179
    endloop
  endfacet
  facet normal 1 0 0
    outer loop
      vertex 5 -1.23101 3.20551
      vertex 5 -0.758265 1.99771
      vertex 5 -0.620399 3.08903
    endloop
  endfacet
  facet normal 1 0 0
    outer loop
      vertex 5 -1.23101 3.20551
      vertex 5 -1.50457 2.14007
      vertex 5 -0.758265 1.99771
    endloop
  endfacet
  facet normal 1 0 0
    outer loop
      vertex 5 -1.82222 3.39761
      vertex 5 -1.50457 2.14007
      vertex 5 -1.23101 3.20551
    endloop
  endfacet
  facet normal 1 0 0
    outer loop
      vertex 5 -1.82222 3.39761
      vertex 5 -2.22715 2.37485
      vertex 5 -1.50457 2.14007
    endloop
  endfacet
  facet normal 1 0 0
    outer loop
      vertex 5 -2.38468 3.66228
      vertex 5 -2.22715 2.37485
      vertex 5 -1.82222 3.39761
    endloop
  endfacet
  facet normal 1 0 0
    outer loop
      vertex 5 -2.91461 2.69835
      vertex 5 -2.38468 3.66228
      vertex 5 -2.90954 3.99537
    endloop
  endfacet
  facet normal 1 0 0
    outer loop
      vertex 5 -2.38468 3.66228
      vertex 5 -2.91461 2.69835
      vertex 5 -2.22715 2.37485
    endloop
  endfacet
  facet normal 1 0 0
    outer loop
      vertex 5 -3.5561 3.10545
      vertex 5 -2.90954 3.99537
      vertex 5 -3.38851 4.39161
    endloop
  endfacet
  facet normal 1 0 0
    outer loop
      vertex 5 -2.90954 3.99537
      vertex 5 -3.5561 3.10545
      vertex 5 -2.91461 2.69835
    endloop
  endfacet
  facet normal 1 0 0
    outer loop
      vertex 5 -4.14151 3.58974
      vertex 5 -3.38851 4.39161
      vertex 5 -3.81404 4.84475
    endloop
  endfacet
  facet normal 1 0 0
    outer loop
      vertex 5 -3.38851 4.39161
      vertex 5 -4.14151 3.58974
      vertex 5 -3.5561 3.10545
    endloop
  endfacet
  facet normal 1 0 0
    outer loop
      vertex 5 -4.6616 4.14359
      vertex 5 -3.81404 4.84475
      vertex 5 -4.17942 5.34766
    endloop
  endfacet
  facet normal 1 0 0
    outer loop
      vertex 5 -5.10818 4.75825
      vertex 5 -4.17942 5.34766
      vertex 5 -4.47889 5.89239
    endloop
  endfacet
  facet normal 1 0 0
    outer loop
      vertex 5 -3.81404 4.84475
      vertex 5 -4.6616 4.14359
      vertex 5 -4.14151 3.58974
    endloop
  endfacet
  facet normal 1 0 0
    outer loop
      vertex 5 -5.4742 5.42404
      vertex 5 -4.47889 5.89239
      vertex 5 -4.70773 6.47037
    endloop
  endfacet
  facet normal 1 0 0
    outer loop
      vertex 5 -5.75389 6.13045
      vertex 5 -4.70773 6.47037
      vertex 5 -4.86232 7.07246
    endloop
  endfacet
  facet normal 1 0 0
    outer loop
      vertex 5 -5.94284 6.86634
      vertex 5 -4.86232 7.07246
      vertex 5 -4.94023 7.68919
    endloop
  endfacet
  facet normal 1 0 0
    outer loop
      vertex 5 -4.17942 5.34766
      vertex 5 -5.10818 4.75825
      vertex 5 -4.6616 4.14359
    endloop
  endfacet
  facet normal 1 -0 0
    outer loop
      vertex 5 -5.94284 9.13366
      vertex 5 -4.86232 8.92754
      vertex 5 -5.75389 9.86955
    endloop
  endfacet
  facet normal 1 0 0
    outer loop
      vertex 5 -4.86232 8.92754
      vertex 5 -5.94284 9.13366
      vertex 5 -4.94023 8.31081
    endloop
  endfacet
  facet normal 1 0 0
    outer loop
      vertex 5 -4.47889 5.89239
      vertex 5 -5.4742 5.42404
      vertex 5 -5.10818 4.75825
    endloop
  endfacet
  facet normal 1 -0 0
    outer loop
      vertex 5 -6.03806 8.37988
      vertex 5 -4.94023 8.31081
      vertex 5 -5.94284 9.13366
    endloop
  endfacet
  facet normal 1 0 0
    outer loop
      vertex 5 -4.70773 6.47037
      vertex 5 -5.75389 6.13045
      vertex 5 -5.4742 5.42404
    endloop
  endfacet
  facet normal 1 0 0
    outer loop
      vertex 5 -4.94023 8.31081
      vertex 5 -6.03806 8.37988
      vertex 5 -4.94023 7.68919
    endloop
  endfacet
  facet normal 1 0 0
    outer loop
      vertex 5 -4.86232 7.07246
      vertex 5 -5.94284 6.86634
      vertex 5 -5.75389 6.13045
    endloop
  endfacet
  facet normal 1 0 0
    outer loop
      vertex 5 -6.03806 7.62012
      vertex 5 -4.94023 7.68919
      vertex 5 -6.03806 8.37988
    endloop
  endfacet
  facet normal 1 0 0
    outer loop
      vertex 5 -4.94023 7.68919
      vertex 5 -6.03806 7.62012
      vertex 5 -5.94284 6.86634
    endloop
  endfacet
  facet normal 1 0 0
    outer loop
      vertex 5 4.94023 8.31081
      vertex 5 6.03806 8.37988
      vertex 5 5.94284 9.13366
    endloop
  endfacet
  facet normal 1 0 0
    outer loop
      vertex 5 6.03806 8.37988
      vertex 5 4.94023 8.31081
      vertex 5 6.03806 7.62012
    endloop
  endfacet
  facet normal 1 0 0
    outer loop
      vertex 5 4.86232 8.92754
      vertex 5 5.94284 9.13366
      vertex 5 5.75389 9.86955
    endloop
  endfacet
  facet normal 1 -0 0
    outer loop
      vertex 5 4.94023 7.68919
      vertex 5 6.03806 7.62012
      vertex 5 4.94023 8.31081
    endloop
  endfacet
  facet normal 1 0 0
    outer loop
      vertex 5 4.70773 9.52963
      vertex 5 5.75389 9.86955
      vertex 5 5.4742 10.576
    endloop
  endfacet
  facet normal 1 0 0
    outer loop
      vertex 5 6.03806 7.62012
      vertex 5 4.94023 7.68919
      vertex 5 5.94284 6.86634
    endloop
  endfacet
  facet normal 1 0 0
    outer loop
      vertex 5 4.47889 10.1076
      vertex 5 5.4742 10.576
      vertex 5 5.10818 11.2418
    endloop
  endfacet
  facet normal 1 -0 0
    outer loop
      vertex 5 4.86232 7.07246
      vertex 5 5.94284 6.86634
      vertex 5 4.94023 7.68919
    endloop
  endfacet
  facet normal 1 0 0
    outer loop
      vertex 5 5.94284 6.86634
      vertex 5 4.86232 7.07246
      vertex 5 5.75389 6.13045
    endloop
  endfacet
  facet normal 1 0 0
    outer loop
      vertex 5 5.94284 9.13366
      vertex 5 4.86232 8.92754
      vertex 5 4.94023 8.31081
    endloop
  endfacet
  facet normal 1 0 0
    outer loop
      vertex 5 5.75389 9.86955
      vertex 5 4.70773 9.52963
      vertex 5 4.86232 8.92754
    endloop
  endfacet
  facet normal 1 0 0
    outer loop
      vertex 5 4.17942 10.6523
      vertex 5 5.10818 11.2418
      vertex 5 4.6616 11.8564
    endloop
  endfacet
  facet normal 1 0 0
    outer loop
      vertex 5 5.4742 10.576
      vertex 5 4.47889 10.1076
      vertex 5 4.70773 9.52963
    endloop
  endfacet
  facet normal 1 0 0
    outer loop
      vertex 5 5.10818 11.2418
      vertex 5 4.17942 10.6523
      vertex 5 4.47889 10.1076
    endloop
  endfacet
  facet normal 1 0 0
    outer loop
      vertex 5 3.81404 11.1552
      vertex 5 4.6616 11.8564
      vertex 5 4.14151 12.4103
    endloop
  endfacet
  facet normal 1 0 0
    outer loop
      vertex 5 4.6616 11.8564
      vertex 5 3.81404 11.1552
      vertex 5 4.17942 10.6523
    endloop
  endfacet
  facet normal 1 0 0
    outer loop
      vertex 5 3.38851 11.6084
      vertex 5 4.14151 12.4103
      vertex 5 3.5561 12.8946
    endloop
  endfacet
  facet normal 1 0 0
    outer loop
      vertex 5 2.90954 12.0046
      vertex 5 3.5561 12.8946
      vertex 5 3.38994 13
    endloop
  endfacet
  facet normal 1 0 0
    outer loop
      vertex 5 4.14151 12.4103
      vertex 5 3.38851 11.6084
      vertex 5 3.81404 11.1552
    endloop
  endfacet
  facet normal 1 0 0
    outer loop
      vertex 5 3.5561 12.8946
      vertex 5 2.90954 12.0046
      vertex 5 3.38851 11.6084
    endloop
  endfacet
  facet normal 1 0 0
    outer loop
      vertex 5 3.38994 13
      vertex 5 2.38468 12.3377
      vertex 5 2.90954 12.0046
    endloop
  endfacet
  facet normal 1 0 0
    outer loop
      vertex 5 3.38994 13
      vertex 5 1.82222 12.6024
      vertex 5 2.38468 12.3377
    endloop
  endfacet
  facet normal 1 0 0
    outer loop
      vertex 5 3.38994 13
      vertex 5 1.23101 12.7945
      vertex 5 1.82222 12.6024
    endloop
  endfacet
  facet normal 1 0 0
    outer loop
      vertex 5 3.38994 13
      vertex 5 0.620399 12.911
      vertex 5 1.23101 12.7945
    endloop
  endfacet
  facet normal 1 0 0
    outer loop
      vertex 5 3.38994 13
      vertex 5 0 12.95
      vertex 5 0.620399 12.911
    endloop
  endfacet
  facet normal 1 -0 0
    outer loop
      vertex 5 -3.38994 13
      vertex 5 0 12.95
      vertex 5 3.38994 13
    endloop
  endfacet
  facet normal 1 0 0
    outer loop
      vertex 5 -3.38994 13
      vertex 5 -0.620399 12.911
      vertex 5 0 12.95
    endloop
  endfacet
  facet normal 1 0 0
    outer loop
      vertex 5 -3.38994 13
      vertex 5 -1.23101 12.7945
      vertex 5 -0.620399 12.911
    endloop
  endfacet
  facet normal 1 0 0
    outer loop
      vertex 5 -3.38994 13
      vertex 5 -1.82222 12.6024
      vertex 5 -1.23101 12.7945
    endloop
  endfacet
  facet normal 1 0 0
    outer loop
      vertex 5 -3.38994 13
      vertex 5 -2.38468 12.3377
      vertex 5 -1.82222 12.6024
    endloop
  endfacet
  facet normal 1 0 0
    outer loop
      vertex 5 -3.38994 13
      vertex 5 -2.90954 12.0046
      vertex 5 -2.38468 12.3377
    endloop
  endfacet
  facet normal 1 -0 0
    outer loop
      vertex 5 -3.5561 12.8946
      vertex 5 -2.90954 12.0046
      vertex 5 -3.38994 13
    endloop
  endfacet
  facet normal 1 0 0
    outer loop
      vertex 5 -2.90954 12.0046
      vertex 5 -3.5561 12.8946
      vertex 5 -3.38851 11.6084
    endloop
  endfacet
  facet normal 1 -0 0
    outer loop
      vertex 5 -4.14151 12.4103
      vertex 5 -3.38851 11.6084
      vertex 5 -3.5561 12.8946
    endloop
  endfacet
  facet normal 1 0 0
    outer loop
      vertex 5 -3.38851 11.6084
      vertex 5 -4.14151 12.4103
      vertex 5 -3.81404 11.1552
    endloop
  endfacet
  facet normal 1 -0 0
    outer loop
      vertex 5 -4.6616 11.8564
      vertex 5 -3.81404 11.1552
      vertex 5 -4.14151 12.4103
    endloop
  endfacet
  facet normal 1 0 0
    outer loop
      vertex 5 -3.81404 11.1552
      vertex 5 -4.6616 11.8564
      vertex 5 -4.17942 10.6523
    endloop
  endfacet
  facet normal 1 -0 0
    outer loop
      vertex 5 -5.10818 11.2418
      vertex 5 -4.17942 10.6523
      vertex 5 -4.6616 11.8564
    endloop
  endfacet
  facet normal 1 0 0
    outer loop
      vertex 5 -4.17942 10.6523
      vertex 5 -5.10818 11.2418
      vertex 5 -4.47889 10.1076
    endloop
  endfacet
  facet normal 1 -0 0
    outer loop
      vertex 5 -5.4742 10.576
      vertex 5 -4.47889 10.1076
      vertex 5 -5.10818 11.2418
    endloop
  endfacet
  facet normal 1 0 0
    outer loop
      vertex 5 -4.47889 10.1076
      vertex 5 -5.4742 10.576
      vertex 5 -4.70773 9.52963
    endloop
  endfacet
  facet normal 1 0 0
    outer loop
      vertex 5 -4.70773 9.52963
      vertex 5 -5.75389 9.86955
      vertex 5 -4.86232 8.92754
    endloop
  endfacet
  facet normal 1 -0 0
    outer loop
      vertex 5 -5.75389 9.86955
      vertex 5 -4.70773 9.52963
      vertex 5 -5.4742 10.576
    endloop
  endfacet
  facet normal 1 -0 0
    outer loop
      vertex 5 4.70773 6.47037
      vertex 5 5.75389 6.13045
      vertex 5 4.86232 7.07246
    endloop
  endfacet
  facet normal 1 0 0
    outer loop
      vertex 5 5.75389 6.13045
      vertex 5 4.70773 6.47037
      vertex 5 5.4742 5.42404
    endloop
  endfacet
  facet normal 1 -0 0
    outer loop
      vertex 5 4.47889 5.89239
      vertex 5 5.4742 5.42404
      vertex 5 4.70773 6.47037
    endloop
  endfacet
  facet normal 1 0 0
    outer loop
      vertex 5 5.4742 5.42404
      vertex 5 4.47889 5.89239
      vertex 5 5.10818 4.75825
    endloop
  endfacet
  facet normal 1 -0 0
    outer loop
      vertex 5 4.17942 5.34766
      vertex 5 5.10818 4.75825
      vertex 5 4.47889 5.89239
    endloop
  endfacet
  facet normal 1 0 0
    outer loop
      vertex 5 5.10818 4.75825
      vertex 5 4.17942 5.34766
      vertex 5 4.6616 4.14359
    endloop
  endfacet
  facet normal 1 -0 0
    outer loop
      vertex 5 3.81404 4.84475
      vertex 5 4.6616 4.14359
      vertex 5 4.17942 5.34766
    endloop
  endfacet
  facet normal 1 0 0
    outer loop
      vertex 5 4.6616 4.14359
      vertex 5 3.81404 4.84475
      vertex 5 4.14151 3.58974
    endloop
  endfacet
  facet normal 1 -0 0
    outer loop
      vertex 5 3.38851 4.39161
      vertex 5 4.14151 3.58974
      vertex 5 3.81404 4.84475
    endloop
  endfacet
  facet normal 1 0 0
    outer loop
      vertex 5 4.14151 3.58974
      vertex 5 3.38851 4.39161
      vertex 5 3.5561 3.10545
    endloop
  endfacet
  facet normal 1 -0 0
    outer loop
      vertex 5 2.90954 3.99537
      vertex 5 3.5561 3.10545
      vertex 5 3.38851 4.39161
    endloop
  endfacet
  facet normal 1 0 0
    outer loop
      vertex 5 3.5561 3.10545
      vertex 5 2.90954 3.99537
      vertex 5 2.91461 2.69835
    endloop
  endfacet
  facet normal 1 -0 0
    outer loop
      vertex 5 2.38468 3.66228
      vertex 5 2.91461 2.69835
      vertex 5 2.90954 3.99537
    endloop
  endfacet
  facet normal 1 0 0
    outer loop
      vertex 5 2.38468 3.66228
      vertex 5 2.22715 2.37485
      vertex 5 2.91461 2.69835
    endloop
  endfacet
  facet normal 1 -0 0
    outer loop
      vertex 5 1.82222 3.39761
      vertex 5 2.22715 2.37485
      vertex 5 2.38468 3.66228
    endloop
  endfacet
  facet normal 1 0 0
    outer loop
      vertex 5 1.82222 3.39761
      vertex 5 1.50457 2.14007
      vertex 5 2.22715 2.37485
    endloop
  endfacet
  facet normal 1 -0 0
    outer loop
      vertex 5 1.23101 3.20551
      vertex 5 1.50457 2.14007
      vertex 5 1.82222 3.39761
    endloop
  endfacet
  facet normal 1 0 0
    outer loop
      vertex 5 1.23101 3.20551
      vertex 5 0.758265 1.99771
      vertex 5 1.50457 2.14007
    endloop
  endfacet
  facet normal 1 -0 0
    outer loop
      vertex 5 0.620399 3.08903
      vertex 5 0.758265 1.99771
      vertex 5 1.23101 3.20551
    endloop
  endfacet
  facet normal 1 -0 0
    outer loop
      vertex 5 0.346411 2.45
      vertex 5 0.758265 1.99771
      vertex 5 0.620399 3.08903
    endloop
  endfacet
  facet normal 1 0 0
    outer loop
      vertex 5 0.758265 1.99771
      vertex 5 0.346411 2.45
      vertex 5 0.346411 1.97179
    endloop
  endfacet
  facet normal 0 0.968581 -0.248697
    outer loop
      vertex 30 -5.94284 9.13366
      vertex 5 -5.75389 9.86955
      vertex 30 -5.75389 9.86955
    endloop
  endfacet
  facet normal 0 0.968581 -0.248697
    outer loop
      vertex 5 -5.75389 9.86955
      vertex 30 -5.94284 9.13366
      vertex 5 -5.94284 9.13366
    endloop
  endfacet
  facet normal 0 -0.187425 -0.982279
    outer loop
      vertex 12.7541 0.758265 14.0023
      vertex 30 1.50457 13.8599
      vertex 30 0.758265 14.0023
    endloop
  endfacet
  facet normal -0 -0.187425 -0.982279
    outer loop
      vertex 30 1.50457 13.8599
      vertex 12.7541 0.758265 14.0023
      vertex 12.5933 1.50457 13.8599
    endloop
  endfacet
  facet normal 0 0.30904 -0.951049
    outer loop
      vertex 30 -2.22715 13.6251
      vertex 12.5933 -1.50457 13.8599
      vertex 30 -1.50457 13.8599
    endloop
  endfacet
  facet normal -2.55208e-05 0.308484 -0.951229
    outer loop
      vertex 30 -2.22715 13.6251
      vertex 12.5665 -1.58752 13.833
      vertex 12.5933 -1.50457 13.8599
    endloop
  endfacet
  facet normal 0 0.309113 -0.951025
    outer loop
      vertex 12.5665 -1.58752 13.833
      vertex 30 -2.22715 13.6251
      vertex 12.2756 -2.22715 13.6251
    endloop
  endfacet
  facet normal -0 0.637421 0.770515
    outer loop
      vertex 5 -3.5561 3.10545
      vertex 30 -4.14151 3.58974
      vertex 30 -3.5561 3.10545
    endloop
  endfacet
  facet normal 0 0.637421 0.770515
    outer loop
      vertex 30 -4.14151 3.58974
      vertex 5 -3.5561 3.10545
      vertex 5 -4.14151 3.58974
    endloop
  endfacet
  facet normal 0 -0.876307 0.481753
    outer loop
      vertex 5 5.10818 4.75825
      vertex 30 5.4742 5.42404
      vertex 5 5.4742 5.42404
    endloop
  endfacet
  facet normal 0 -0.876307 0.481753
    outer loop
      vertex 30 5.4742 5.42404
      vertex 5 5.10818 4.75825
      vertex 30 5.10818 4.75825
    endloop
  endfacet
  facet normal 0 0.187375 0.982289
    outer loop
      vertex 5 -1.50457 2.14007
      vertex 5.23778 -0.758265 1.99771
      vertex 5 -0.758265 1.99771
    endloop
  endfacet
  facet normal 0 0.187375 0.982289
    outer loop
      vertex 5.23778 -0.758265 1.99771
      vertex 5 -1.50457 2.14007
      vertex 5.66866 -1.50457 2.14007
    endloop
  endfacet
  facet normal -0 0.187375 0.982289
    outer loop
      vertex 10.7622 -0.758265 1.99771
      vertex 30 -1.50457 2.14007
      vertex 30 -0.758265 1.99771
    endloop
  endfacet
  facet normal 0 0.187375 0.982289
    outer loop
      vertex 30 -1.50457 2.14007
      vertex 10.7622 -0.758265 1.99771
      vertex 10.3313 -1.50457 2.14007
    endloop
  endfacet
  facet normal 0 -0.535825 -0.844329
    outer loop
      vertex 11.8815 2.91461 13.3017
      vertex 30 3.5561 12.8946
      vertex 30 2.91461 13.3017
    endloop
  endfacet
  facet normal 3.5611e-05 -0.536542 -0.843874
    outer loop
      vertex 11.8729 2.92672 13.294
      vertex 30 3.5561 12.8946
      vertex 11.8815 2.91461 13.3017
    endloop
  endfacet
  facet normal 4.97266e-06 -0.535913 -0.844273
    outer loop
      vertex 11.8001 3.02975 13.2286
      vertex 30 3.5561 12.8946
      vertex 11.8729 2.92672 13.294
    endloop
  endfacet
  facet normal -1.45045e-06 -0.535755 -0.844374
    outer loop
      vertex 11.7454 3.09358 13.1881
      vertex 30 3.5561 12.8946
      vertex 11.8001 3.02975 13.2286
    endloop
  endfacet
  facet normal 2.80317e-06 -0.535874 -0.844298
    outer loop
      vertex 11.4912 3.38994 13
      vertex 30 3.5561 12.8946
      vertex 11.7454 3.09358 13.1881
    endloop
  endfacet
  facet normal 0 -0.535652 -0.844439
    outer loop
      vertex 5 3.5561 12.8946
      vertex 11.4912 3.38994 13
      vertex 5 3.38994 13
    endloop
  endfacet
  facet normal 0 -0.535652 -0.844439
    outer loop
      vertex 11.4912 3.38994 13
      vertex 5 3.5561 12.8946
      vertex 30 3.5561 12.8946
    endloop
  endfacet
  facet normal 0 0.535825 -0.844329
    outer loop
      vertex 30 -3.5561 12.8946
      vertex 11.8815 -2.91461 13.3017
      vertex 30 -2.91461 13.3017
    endloop
  endfacet
  facet normal 3.5611e-05 0.536542 -0.843874
    outer loop
      vertex 30 -3.5561 12.8946
      vertex 11.8729 -2.92672 13.294
      vertex 11.8815 -2.91461 13.3017
    endloop
  endfacet
  facet normal 4.97266e-06 0.535913 -0.844273
    outer loop
      vertex 30 -3.5561 12.8946
      vertex 11.8001 -3.02975 13.2286
      vertex 11.8729 -2.92672 13.294
    endloop
  endfacet
  facet normal -1.45045e-06 0.535755 -0.844374
    outer loop
      vertex 30 -3.5561 12.8946
      vertex 11.7454 -3.09358 13.1881
      vertex 11.8001 -3.02975 13.2286
    endloop
  endfacet
  facet normal 2.80317e-06 0.535874 -0.844298
    outer loop
      vertex 30 -3.5561 12.8946
      vertex 11.4912 -3.38994 13
      vertex 11.7454 -3.09358 13.1881
    endloop
  endfacet
  facet normal 0 0.535652 -0.844439
    outer loop
      vertex 5 -3.5561 12.8946
      vertex 11.4912 -3.38994 13
      vertex 30 -3.5561 12.8946
    endloop
  endfacet
  facet normal 0 0.535652 -0.844439
    outer loop
      vertex 11.4912 -3.38994 13
      vertex 5 -3.5561 12.8946
      vertex 5 -3.38994 13
    endloop
  endfacet
  facet normal 0 0.808988 -0.587826
    outer loop
      vertex 30 -5.10818 11.2418
      vertex 5 -4.6616 11.8564
      vertex 30 -4.6616 11.8564
    endloop
  endfacet
  facet normal 0 0.808988 -0.587826
    outer loop
      vertex 5 -4.6616 11.8564
      vertex 30 -5.10818 11.2418
      vertex 5 -5.10818 11.2418
    endloop
  endfacet
  facet normal 0 -0.929782 -0.368109
    outer loop
      vertex 5 5.75389 9.86955
      vertex 30 5.4742 10.576
      vertex 5 5.4742 10.576
    endloop
  endfacet
  facet normal 0 -0.929782 -0.368109
    outer loop
      vertex 30 5.4742 10.576
      vertex 5 5.75389 9.86955
      vertex 30 5.75389 9.86955
    endloop
  endfacet
  facet normal 0 -0.0627827 -0.998027
    outer loop
      vertex 12.84 0 14.05
      vertex 30 0.758265 14.0023
      vertex 30 0 14.05
    endloop
  endfacet
  facet normal -4.19519e-06 -0.0626881 -0.998033
    outer loop
      vertex 12.7935 0.410755 14.0242
      vertex 30 0.758265 14.0023
      vertex 12.84 0 14.05
    endloop
  endfacet
  facet normal -0 -0.062895 -0.99802
    outer loop
      vertex 30 0.758265 14.0023
      vertex 12.7935 0.410755 14.0242
      vertex 12.7541 0.758265 14.0023
    endloop
  endfacet
  facet normal 0 -0.30904 -0.951049
    outer loop
      vertex 12.5933 1.50457 13.8599
      vertex 30 2.22715 13.6251
      vertex 30 1.50457 13.8599
    endloop
  endfacet
  facet normal -2.55208e-05 -0.308484 -0.951229
    outer loop
      vertex 12.5665 1.58752 13.833
      vertex 30 2.22715 13.6251
      vertex 12.5933 1.50457 13.8599
    endloop
  endfacet
  facet normal -0 -0.309113 -0.951025
    outer loop
      vertex 30 2.22715 13.6251
      vertex 12.5665 1.58752 13.833
      vertex 12.2756 2.22715 13.6251
    endloop
  endfacet
  facet normal 0 0.809015 0.587788
    outer loop
      vertex 30 -4.6616 4.14359
      vertex 5 -5.10818 4.75825
      vertex 30 -5.10818 4.75825
    endloop
  endfacet
  facet normal 0 0.809015 0.587788
    outer loop
      vertex 5 -5.10818 4.75825
      vertex 30 -4.6616 4.14359
      vertex 5 -4.6616 4.14359
    endloop
  endfacet
  facet normal 0 0.728975 0.68454
    outer loop
      vertex 30 -4.14151 3.58974
      vertex 5 -4.6616 4.14359
      vertex 30 -4.6616 4.14359
    endloop
  endfacet
  facet normal 0 0.728975 0.68454
    outer loop
      vertex 5 -4.6616 4.14359
      vertex 30 -4.14151 3.58974
      vertex 5 -4.14151 3.58974
    endloop
  endfacet
  facet normal 0 0.992115 -0.125327
    outer loop
      vertex 30 -6.03806 8.37988
      vertex 5 -5.94284 9.13366
      vertex 30 -5.94284 9.13366
    endloop
  endfacet
  facet normal 0 0.992115 -0.125327
    outer loop
      vertex 5 -5.94284 9.13366
      vertex 30 -6.03806 8.37988
      vertex 5 -6.03806 8.37988
    endloop
  endfacet
  facet normal 0 -0.808988 -0.587826
    outer loop
      vertex 5 5.10818 11.2418
      vertex 30 4.6616 11.8564
      vertex 5 4.6616 11.8564
    endloop
  endfacet
  facet normal 0 -0.808988 -0.587826
    outer loop
      vertex 30 4.6616 11.8564
      vertex 5 5.10818 11.2418
      vertex 30 5.10818 11.2418
    endloop
  endfacet
  facet normal 0 0.425678 -0.904875
    outer loop
      vertex 30 -2.91461 13.3017
      vertex 12.2756 -2.22715 13.6251
      vertex 30 -2.22715 13.6251
    endloop
  endfacet
  facet normal 0 0.425678 -0.904875
    outer loop
      vertex 12.2756 -2.22715 13.6251
      vertex 30 -2.91461 13.3017
      vertex 11.8815 -2.91461 13.3017
    endloop
  endfacet
  facet normal 0 -0.425678 -0.904875
    outer loop
      vertex 12.2756 2.22715 13.6251
      vertex 30 2.91461 13.3017
      vertex 30 2.22715 13.6251
    endloop
  endfacet
  facet normal -0 -0.425678 -0.904875
    outer loop
      vertex 30 2.91461 13.3017
      vertex 12.2756 2.22715 13.6251
      vertex 11.8815 2.91461 13.3017
    endloop
  endfacet
  facet normal 0 0.876294 0.481777
    outer loop
      vertex 30 4.47889 10.1076
      vertex 5 4.17942 10.6523
      vertex 30 4.17942 10.6523
    endloop
  endfacet
  facet normal 0 0.876294 0.481777
    outer loop
      vertex 5 4.17942 10.6523
      vertex 30 4.47889 10.1076
      vertex 5 4.47889 10.1076
    endloop
  endfacet
  facet normal 0 -0.968583 -0.248689
    outer loop
      vertex 5 -4.70773 6.47037
      vertex 30 -4.86232 7.07246
      vertex 5 -4.86232 7.07246
    endloop
  endfacet
  facet normal 0 -0.968583 -0.248689
    outer loop
      vertex 30 -4.86232 7.07246
      vertex 5 -4.70773 6.47037
      vertex 30 -4.70773 6.47037
    endloop
  endfacet
  facet normal 0 0.187381 -0.982287
    outer loop
      vertex 5 1.23101 3.20551
      vertex 6.52713 0.620399 3.08903
      vertex 5 0.620399 3.08903
    endloop
  endfacet
  facet normal -3.10007e-06 0.187373 -0.982289
    outer loop
      vertex 6.52713 0.620399 3.08903
      vertex 5 1.23101 3.20551
      vertex 6.59791 0.770805 3.11772
    endloop
  endfacet
  facet normal 9.72549e-06 0.187416 -0.982281
    outer loop
      vertex 6.59791 0.770805 3.11772
      vertex 5 1.23101 3.20551
      vertex 6.70557 0.940456 3.15009
    endloop
  endfacet
  facet normal 8.72994e-07 0.187366 -0.98229
    outer loop
      vertex 6.70557 0.940456 3.15009
      vertex 5 1.23101 3.20551
      vertex 6.83365 1.09527 3.17962
    endloop
  endfacet
  facet normal 0 0.187355 -0.982292
    outer loop
      vertex 6.83365 1.09527 3.17962
      vertex 5 1.23101 3.20551
      vertex 6.9782 1.23101 3.20551
    endloop
  endfacet
  facet normal 0 0.187381 -0.982287
    outer loop
      vertex 9.47287 0.620399 3.08903
      vertex 30 1.23101 3.20551
      vertex 30 0.620399 3.08903
    endloop
  endfacet
  facet normal 2.70245e-07 0.187372 -0.982289
    outer loop
      vertex 9.40209 0.770805 3.11772
      vertex 30 1.23101 3.20551
      vertex 9.47287 0.620399 3.08903
    endloop
  endfacet
  facet normal -8.79883e-07 0.187422 -0.98228
    outer loop
      vertex 9.29443 0.940456 3.15009
      vertex 30 1.23101 3.20551
      vertex 9.40209 0.770805 3.11772
    endloop
  endfacet
  facet normal -8.11041e-08 0.187367 -0.98229
    outer loop
      vertex 9.16635 1.09527 3.17962
      vertex 30 1.23101 3.20551
      vertex 9.29443 0.940456 3.15009
    endloop
  endfacet
  facet normal 0 0.187355 -0.982292
    outer loop
      vertex 30 1.23101 3.20551
      vertex 9.16635 1.09527 3.17962
      vertex 9.0218 1.23101 3.20551
    endloop
  endfacet
  facet normal 0 0.062808 -0.998026
    outer loop
      vertex 5 0 3.05
      vertex 6.41262 0.200533 3.06262
      vertex 6.4 0 3.05
    endloop
  endfacet
  facet normal 2.99775e-06 0.062787 -0.998027
    outer loop
      vertex 5 0.620399 3.08903
      vertex 6.41262 0.200533 3.06262
      vertex 5 0 3.05
    endloop
  endfacet
  facet normal -6.79082e-06 0.0627542 -0.998029
    outer loop
      vertex 6.41262 0.200533 3.06262
      vertex 5 0.620399 3.08903
      vertex 6.45027 0.397903 3.07503
    endloop
  endfacet
  facet normal 4.40048e-06 0.0628269 -0.998024
    outer loop
      vertex 6.45027 0.397903 3.07503
      vertex 5 0.620399 3.08903
      vertex 6.51236 0.588999 3.08706
    endloop
  endfacet
  facet normal 0 0.0626157 -0.998038
    outer loop
      vertex 6.51236 0.588999 3.08706
      vertex 5 0.620399 3.08903
      vertex 6.52713 0.620399 3.08903
    endloop
  endfacet
  facet normal 0 0.062787 -0.998027
    outer loop
      vertex 9.6 0 3.05
      vertex 30 0.620399 3.08903
      vertex 30 0 3.05
    endloop
  endfacet
  facet normal -6.40982e-07 0.062808 -0.998026
    outer loop
      vertex 9.58738 0.200533 3.06262
      vertex 30 0.620399 3.08903
      vertex 9.6 0 3.05
    endloop
  endfacet
  facet normal 4.94651e-07 0.062753 -0.998029
    outer loop
      vertex 9.54973 0.397903 3.07503
      vertex 30 0.620399 3.08903
      vertex 9.58738 0.200533 3.06262
    endloop
  endfacet
  facet normal -3.26471e-07 0.0628282 -0.998024
    outer loop
      vertex 9.48764 0.588999 3.08706
      vertex 30 0.620399 3.08903
      vertex 9.54973 0.397903 3.07503
    endloop
  endfacet
  facet normal 0 0.0626157 -0.998038
    outer loop
      vertex 30 0.620399 3.08903
      vertex 9.48764 0.588999 3.08706
      vertex 9.47287 0.620399 3.08903
    endloop
  endfacet
  facet normal 0 0.309023 -0.951055
    outer loop
      vertex 9.0218 1.23101 3.20551
      vertex 30 1.82222 3.39761
      vertex 30 1.23101 3.20551
    endloop
  endfacet
  facet normal -2.70578e-05 0.309891 -0.950772
    outer loop
      vertex 9.01988 1.23282 3.2061
      vertex 30 1.82222 3.39761
      vertex 9.0218 1.23101 3.20551
    endloop
  endfacet
  facet normal -1.41941e-06 0.309066 -0.951041
    outer loop
      vertex 8.85732 1.35092 3.24448
      vertex 30 1.82222 3.39761
      vertex 9.01988 1.23282 3.2061
    endloop
  endfacet
  facet normal 2.6751e-07 0.308998 -0.951063
    outer loop
      vertex 8.68125 1.44772 3.27593
      vertex 30 1.82222 3.39761
      vertex 8.85732 1.35092 3.24448
    endloop
  endfacet
  facet normal 8.28465e-07 0.308969 -0.951072
    outer loop
      vertex 8.49443 1.52169 3.29996
      vertex 30 1.82222 3.39761
      vertex 8.68125 1.44772 3.27593
    endloop
  endfacet
  facet normal -8.70108e-07 0.309079 -0.951036
    outer loop
      vertex 8.29981 1.57166 3.3162
      vertex 30 1.82222 3.39761
      vertex 8.49443 1.52169 3.29996
    endloop
  endfacet
  facet normal 5.15119e-07 0.30897 -0.951072
    outer loop
      vertex 8.10046 1.59684 3.32438
      vertex 30 1.82222 3.39761
      vertex 8.29981 1.57166 3.3162
    endloop
  endfacet
  facet normal 0 0.309015 -0.951057
    outer loop
      vertex 5 1.82222 3.39761
      vertex 8.10046 1.59684 3.32438
      vertex 7.89953 1.59684 3.32438
    endloop
  endfacet
  facet normal 0 0.309023 -0.951055
    outer loop
      vertex 5 1.82222 3.39761
      vertex 6.9782 1.23101 3.20551
      vertex 5 1.23101 3.20551
    endloop
  endfacet
  facet normal 0.000224397 0.309702 -0.950834
    outer loop
      vertex 6.9782 1.23101 3.20551
      vertex 5 1.82222 3.39761
      vertex 6.98012 1.23282 3.2061
    endloop
  endfacet
  facet normal 1.10808e-05 0.309054 -0.951044
    outer loop
      vertex 6.98012 1.23282 3.2061
      vertex 5 1.82222 3.39761
      vertex 7.14268 1.35092 3.24448
    endloop
  endfacet
  facet normal -1.96177e-06 0.309 -0.951062
    outer loop
      vertex 7.14268 1.35092 3.24448
      vertex 5 1.82222 3.39761
      vertex 7.31875 1.44772 3.27593
    endloop
  endfacet
  facet normal -5.65012e-06 0.30898 -0.951069
    outer loop
      vertex 7.31875 1.44772 3.27593
      vertex 5 1.82222 3.39761
      vertex 7.50557 1.52169 3.29996
    endloop
  endfacet
  facet normal 5.36737e-06 0.309063 -0.951042
    outer loop
      vertex 7.50557 1.52169 3.29996
      vertex 5 1.82222 3.39761
      vertex 7.70019 1.57166 3.3162
    endloop
  endfacet
  facet normal 0 0.309015 -0.951057
    outer loop
      vertex 8.10046 1.59684 3.32438
      vertex 5 1.82222 3.39761
      vertex 30 1.82222 3.39761
    endloop
  endfacet
  facet normal -2.60473e-06 0.308985 -0.951067
    outer loop
      vertex 7.70019 1.57166 3.3162
      vertex 5 1.82222 3.39761
      vertex 7.89953 1.59684 3.32438
    endloop
  endfacet
  facet normal 0 0.929776 -0.368127
    outer loop
      vertex 30 4.47889 5.89239
      vertex 5 4.70773 6.47037
      vertex 30 4.70773 6.47037
    endloop
  endfacet
  facet normal 0 0.929776 -0.368127
    outer loop
      vertex 5 4.70773 6.47037
      vertex 30 4.47889 5.89239
      vertex 5 4.47889 5.89239
    endloop
  endfacet
  facet normal 0 -0.309023 -0.951055
    outer loop
      vertex 30 -1.82222 3.39761
      vertex 9.0218 -1.23101 3.20551
      vertex 30 -1.23101 3.20551
    endloop
  endfacet
  facet normal -2.70578e-05 -0.309891 -0.950772
    outer loop
      vertex 30 -1.82222 3.39761
      vertex 9.01988 -1.23282 3.2061
      vertex 9.0218 -1.23101 3.20551
    endloop
  endfacet
  facet normal -1.41941e-06 -0.309066 -0.951041
    outer loop
      vertex 30 -1.82222 3.39761
      vertex 8.85732 -1.35092 3.24448
      vertex 9.01988 -1.23282 3.2061
    endloop
  endfacet
  facet normal 2.6751e-07 -0.308998 -0.951063
    outer loop
      vertex 30 -1.82222 3.39761
      vertex 8.68125 -1.44772 3.27593
      vertex 8.85732 -1.35092 3.24448
    endloop
  endfacet
  facet normal 8.28465e-07 -0.308969 -0.951072
    outer loop
      vertex 30 -1.82222 3.39761
      vertex 8.49443 -1.52169 3.29996
      vertex 8.68125 -1.44772 3.27593
    endloop
  endfacet
  facet normal -8.70108e-07 -0.309079 -0.951036
    outer loop
      vertex 30 -1.82222 3.39761
      vertex 8.29981 -1.57166 3.3162
      vertex 8.49443 -1.52169 3.29996
    endloop
  endfacet
  facet normal 5.15119e-07 -0.30897 -0.951072
    outer loop
      vertex 30 -1.82222 3.39761
      vertex 8.10046 -1.59684 3.32438
      vertex 8.29981 -1.57166 3.3162
    endloop
  endfacet
  facet normal 0 -0.309015 -0.951057
    outer loop
      vertex 5 -1.82222 3.39761
      vertex 8.10046 -1.59684 3.32438
      vertex 30 -1.82222 3.39761
    endloop
  endfacet
  facet normal -0 -0.309015 -0.951057
    outer loop
      vertex 8.10046 -1.59684 3.32438
      vertex 5 -1.82222 3.39761
      vertex 7.89953 -1.59684 3.32438
    endloop
  endfacet
  facet normal -2.60473e-06 -0.308985 -0.951067
    outer loop
      vertex 5 -1.82222 3.39761
      vertex 7.70019 -1.57166 3.3162
      vertex 7.89953 -1.59684 3.32438
    endloop
  endfacet
  facet normal 5.36737e-06 -0.309063 -0.951042
    outer loop
      vertex 5 -1.82222 3.39761
      vertex 7.50557 -1.52169 3.29996
      vertex 7.70019 -1.57166 3.3162
    endloop
  endfacet
  facet normal -5.65012e-06 -0.30898 -0.951069
    outer loop
      vertex 5 -1.82222 3.39761
      vertex 7.31875 -1.44772 3.27593
      vertex 7.50557 -1.52169 3.29996
    endloop
  endfacet
  facet normal -1.96177e-06 -0.309 -0.951062
    outer loop
      vertex 5 -1.82222 3.39761
      vertex 7.14268 -1.35092 3.24448
      vertex 7.31875 -1.44772 3.27593
    endloop
  endfacet
  facet normal 1.10808e-05 -0.309054 -0.951044
    outer loop
      vertex 5 -1.82222 3.39761
      vertex 6.98012 -1.23282 3.2061
      vertex 7.14268 -1.35092 3.24448
    endloop
  endfacet
  facet normal 0.000224397 -0.309702 -0.950834
    outer loop
      vertex 5 -1.82222 3.39761
      vertex 6.9782 -1.23101 3.20551
      vertex 6.98012 -1.23282 3.2061
    endloop
  endfacet
  facet normal -0 -0.309023 -0.951055
    outer loop
      vertex 6.9782 -1.23101 3.20551
      vertex 5 -1.82222 3.39761
      vertex 5 -1.23101 3.20551
    endloop
  endfacet
  facet normal 0 -0.0626157 -0.998038
    outer loop
      vertex 5 -0.620399 3.08903
      vertex 6.51236 -0.588999 3.08706
      vertex 6.52713 -0.620399 3.08903
    endloop
  endfacet
  facet normal 4.40048e-06 -0.0628269 -0.998024
    outer loop
      vertex 5 -0.620399 3.08903
      vertex 6.45027 -0.397903 3.07503
      vertex 6.51236 -0.588999 3.08706
    endloop
  endfacet
  facet normal -6.79082e-06 -0.0627542 -0.998029
    outer loop
      vertex 5 -0.620399 3.08903
      vertex 6.41262 -0.200533 3.06262
      vertex 6.45027 -0.397903 3.07503
    endloop
  endfacet
  facet normal 2.99775e-06 -0.062787 -0.998027
    outer loop
      vertex 5 0 3.05
      vertex 6.41262 -0.200533 3.06262
      vertex 5 -0.620399 3.08903
    endloop
  endfacet
  facet normal 0 -0.062808 -0.998026
    outer loop
      vertex 6.41262 -0.200533 3.06262
      vertex 5 0 3.05
      vertex 6.4 0 3.05
    endloop
  endfacet
  facet normal 0 -0.062787 -0.998027
    outer loop
      vertex 30 -0.620399 3.08903
      vertex 9.6 0 3.05
      vertex 30 0 3.05
    endloop
  endfacet
  facet normal -6.40982e-07 -0.062808 -0.998026
    outer loop
      vertex 30 -0.620399 3.08903
      vertex 9.58738 -0.200533 3.06262
      vertex 9.6 0 3.05
    endloop
  endfacet
  facet normal 4.94651e-07 -0.062753 -0.998029
    outer loop
      vertex 30 -0.620399 3.08903
      vertex 9.54973 -0.397903 3.07503
      vertex 9.58738 -0.200533 3.06262
    endloop
  endfacet
  facet normal -3.26471e-07 -0.0628282 -0.998024
    outer loop
      vertex 30 -0.620399 3.08903
      vertex 9.48764 -0.588999 3.08706
      vertex 9.54973 -0.397903 3.07503
    endloop
  endfacet
  facet normal 0 -0.0626157 -0.998038
    outer loop
      vertex 9.48764 -0.588999 3.08706
      vertex 30 -0.620399 3.08903
      vertex 9.47287 -0.620399 3.08903
    endloop
  endfacet
  facet normal 0 0.425775 -0.904829
    outer loop
      vertex 5 1.82222 3.39761
      vertex 30 2.38468 3.66228
      vertex 30 1.82222 3.39761
    endloop
  endfacet
  facet normal 0 0.425775 -0.904829
    outer loop
      vertex 30 2.38468 3.66228
      vertex 5 1.82222 3.39761
      vertex 5 2.38468 3.66228
    endloop
  endfacet
  facet normal 0 0.992115 0.125331
    outer loop
      vertex 30 4.94023 8.31081
      vertex 5 4.86232 8.92754
      vertex 30 4.86232 8.92754
    endloop
  endfacet
  facet normal 0 0.992115 0.125331
    outer loop
      vertex 5 4.86232 8.92754
      vertex 30 4.94023 8.31081
      vertex 5 4.94023 8.31081
    endloop
  endfacet
  facet normal 0 0.535831 -0.844325
    outer loop
      vertex 5 2.38468 3.66228
      vertex 30 2.90954 3.99537
      vertex 30 2.38468 3.66228
    endloop
  endfacet
  facet normal 0 0.535831 -0.844325
    outer loop
      vertex 30 2.90954 3.99537
      vertex 5 2.38468 3.66228
      vertex 5 2.90954 3.99537
    endloop
  endfacet
  facet normal 0 0.992115 -0.125331
    outer loop
      vertex 30 4.86232 7.07246
      vertex 5 4.94023 7.68919
      vertex 30 4.94023 7.68919
    endloop
  endfacet
  facet normal 0 0.992115 -0.125331
    outer loop
      vertex 5 4.94023 7.68919
      vertex 30 4.86232 7.07246
      vertex 5 4.86232 7.07246
    endloop
  endfacet
  facet normal 0 0.309023 0.951055
    outer loop
      vertex 30 1.82222 12.6024
      vertex 9.0218 1.23101 12.7945
      vertex 30 1.23101 12.7945
    endloop
  endfacet
  facet normal -0.000170527 0.314491 0.94926
    outer loop
      vertex 30 1.82222 12.6024
      vertex 9.01988 1.23282 12.7939
      vertex 9.0218 1.23101 12.7945
    endloop
  endfacet
  facet normal -6.21171e-06 0.309206 0.950995
    outer loop
      vertex 30 1.82222 12.6024
      vertex 8.85732 1.35092 12.7555
      vertex 9.01988 1.23282 12.7939
    endloop
  endfacet
  facet normal 9.49597e-06 0.308568 0.951202
    outer loop
      vertex 30 1.82222 12.6024
      vertex 8.68125 1.44772 12.7241
      vertex 8.85732 1.35092 12.7555
    endloop
  endfacet
  facet normal -1.34525e-05 0.30975 0.950818
    outer loop
      vertex 30 1.82222 12.6024
      vertex 8.49443 1.52169 12.7
      vertex 8.68125 1.44772 12.7241
    endloop
  endfacet
  facet normal 7.12396e-06 0.308418 0.951251
    outer loop
      vertex 30 1.82222 12.6024
      vertex 8.29981 1.57166 12.6838
      vertex 8.49443 1.52169 12.7
    endloop
  endfacet
  facet normal -7.87661e-06 0.309593 0.950869
    outer loop
      vertex 30 1.82222 12.6024
      vertex 8.10046 1.59684 12.6756
      vertex 8.29981 1.57166 12.6838
    endloop
  endfacet
  facet normal -0 0.308901 0.951094
    outer loop
      vertex 5 1.82222 12.6024
      vertex 8.10046 1.59684 12.6756
      vertex 30 1.82222 12.6024
    endloop
  endfacet
  facet normal 0 0.308901 0.951094
    outer loop
      vertex 8.10046 1.59684 12.6756
      vertex 5 1.82222 12.6024
      vertex 7.89953 1.59684 12.6756
    endloop
  endfacet
  facet normal 3.98318e-05 0.309364 0.950944
    outer loop
      vertex 5 1.82222 12.6024
      vertex 7.70019 1.57166 12.6838
      vertex 7.89953 1.59684 12.6756
    endloop
  endfacet
  facet normal -4.39428e-05 0.308548 0.951209
    outer loop
      vertex 5 1.82222 12.6024
      vertex 7.50557 1.52169 12.7
      vertex 7.70019 1.57166 12.6838
    endloop
  endfacet
  facet normal 9.17516e-05 0.309571 0.950876
    outer loop
      vertex 5 1.82222 12.6024
      vertex 7.31875 1.44772 12.7241
      vertex 7.50557 1.52169 12.7
    endloop
  endfacet
  facet normal -6.96362e-05 0.308667 0.95117
    outer loop
      vertex 5 1.82222 12.6024
      vertex 7.14268 1.35092 12.7555
      vertex 7.31875 1.44772 12.7241
    endloop
  endfacet
  facet normal 4.84932e-05 0.309153 0.951012
    outer loop
      vertex 5 1.82222 12.6024
      vertex 6.98012 1.23282 12.7939
      vertex 7.14268 1.35092 12.7555
    endloop
  endfacet
  facet normal 0.00141471 0.313301 0.949653
    outer loop
      vertex 5 1.82222 12.6024
      vertex 6.9782 1.23101 12.7945
      vertex 6.98012 1.23282 12.7939
    endloop
  endfacet
  facet normal 0 0.309023 0.951055
    outer loop
      vertex 6.9782 1.23101 12.7945
      vertex 5 1.82222 12.6024
      vertex 5 1.23101 12.7945
    endloop
  endfacet
  facet normal 0 -0.929773 0.368132
    outer loop
      vertex 5 -4.70773 9.52963
      vertex 30 -4.47889 10.1076
      vertex 5 -4.47889 10.1076
    endloop
  endfacet
  facet normal 0 -0.929773 0.368132
    outer loop
      vertex 30 -4.47889 10.1076
      vertex 5 -4.70773 9.52963
      vertex 30 -4.70773 9.52963
    endloop
  endfacet
  facet normal 0 0.729011 0.684502
    outer loop
      vertex 30 3.81404 11.1552
      vertex 5 3.38851 11.6084
      vertex 30 3.38851 11.6084
    endloop
  endfacet
  facet normal 0 0.729011 0.684502
    outer loop
      vertex 5 3.38851 11.6084
      vertex 30 3.81404 11.1552
      vertex 5 3.81404 11.1552
    endloop
  endfacet
  facet normal 0 -0.929776 -0.368127
    outer loop
      vertex 5 -4.47889 5.89239
      vertex 30 -4.70773 6.47037
      vertex 5 -4.70773 6.47037
    endloop
  endfacet
  facet normal 0 -0.929776 -0.368127
    outer loop
      vertex 30 -4.70773 6.47037
      vertex 5 -4.47889 5.89239
      vertex 30 -4.47889 5.89239
    endloop
  endfacet
  facet normal 0 -0.187355 -0.982292
    outer loop
      vertex 5 -1.23101 3.20551
      vertex 6.83365 -1.09527 3.17962
      vertex 6.9782 -1.23101 3.20551
    endloop
  endfacet
  facet normal 8.72994e-07 -0.187366 -0.98229
    outer loop
      vertex 5 -1.23101 3.20551
      vertex 6.70557 -0.940456 3.15009
      vertex 6.83365 -1.09527 3.17962
    endloop
  endfacet
  facet normal 9.72549e-06 -0.187416 -0.982281
    outer loop
      vertex 5 -1.23101 3.20551
      vertex 6.59791 -0.770805 3.11772
      vertex 6.70557 -0.940456 3.15009
    endloop
  endfacet
  facet normal -3.10007e-06 -0.187373 -0.982289
    outer loop
      vertex 5 -1.23101 3.20551
      vertex 6.52713 -0.620399 3.08903
      vertex 6.59791 -0.770805 3.11772
    endloop
  endfacet
  facet normal -0 -0.187381 -0.982287
    outer loop
      vertex 6.52713 -0.620399 3.08903
      vertex 5 -1.23101 3.20551
      vertex 5 -0.620399 3.08903
    endloop
  endfacet
  facet normal 0 -0.187381 -0.982287
    outer loop
      vertex 30 -1.23101 3.20551
      vertex 9.47287 -0.620399 3.08903
      vertex 30 -0.620399 3.08903
    endloop
  endfacet
  facet normal 2.70245e-07 -0.187372 -0.982289
    outer loop
      vertex 30 -1.23101 3.20551
      vertex 9.40209 -0.770805 3.11772
      vertex 9.47287 -0.620399 3.08903
    endloop
  endfacet
  facet normal -8.79883e-07 -0.187422 -0.98228
    outer loop
      vertex 30 -1.23101 3.20551
      vertex 9.29443 -0.940456 3.15009
      vertex 9.40209 -0.770805 3.11772
    endloop
  endfacet
  facet normal -8.11041e-08 -0.187367 -0.98229
    outer loop
      vertex 30 -1.23101 3.20551
      vertex 9.16635 -1.09527 3.17962
      vertex 9.29443 -0.940456 3.15009
    endloop
  endfacet
  facet normal 0 -0.187355 -0.982292
    outer loop
      vertex 9.16635 -1.09527 3.17962
      vertex 30 -1.23101 3.20551
      vertex 9.0218 -1.23101 3.20551
    endloop
  endfacet
  facet normal 0 -0.809016 0.587787
    outer loop
      vertex 5 -4.17942 10.6523
      vertex 30 -3.81404 11.1552
      vertex 5 -3.81404 11.1552
    endloop
  endfacet
  facet normal 0 -0.809016 0.587787
    outer loop
      vertex 30 -3.81404 11.1552
      vertex 5 -4.17942 10.6523
      vertex 30 -4.17942 10.6523
    endloop
  endfacet
  facet normal 0 -0.809021 -0.587779
    outer loop
      vertex 5 -3.81404 4.84475
      vertex 30 -4.17942 5.34766
      vertex 5 -4.17942 5.34766
    endloop
  endfacet
  facet normal 0 -0.809021 -0.587779
    outer loop
      vertex 30 -4.17942 5.34766
      vertex 5 -3.81404 4.84475
      vertex 30 -3.81404 4.84475
    endloop
  endfacet
  facet normal 0 -0.187412 0.982281
    outer loop
      vertex 5 -1.23101 12.7945
      vertex 6.52713 -0.620399 12.911
      vertex 5 -0.620399 12.911
    endloop
  endfacet
  facet normal 8.05054e-06 -0.187431 0.982278
    outer loop
      vertex 6.52713 -0.620399 12.911
      vertex 5 -1.23101 12.7945
      vertex 6.59791 -0.770805 12.8823
    endloop
  endfacet
  facet normal 4.68229e-05 -0.187561 0.982253
    outer loop
      vertex 6.59791 -0.770805 12.8823
      vertex 5 -1.23101 12.7945
      vertex 6.70557 -0.940456 12.8499
    endloop
  endfacet
  facet normal -1.74533e-05 -0.187197 0.982322
    outer loop
      vertex 6.70557 -0.940456 12.8499
      vertex 5 -1.23101 12.7945
      vertex 6.83365 -1.09527 12.8204
    endloop
  endfacet
  facet normal 0 -0.187425 0.982279
    outer loop
      vertex 6.83365 -1.09527 12.8204
      vertex 5 -1.23101 12.7945
      vertex 6.9782 -1.23101 12.7945
    endloop
  endfacet
  facet normal 0 -0.187412 0.982281
    outer loop
      vertex 9.47287 -0.620399 12.911
      vertex 30 -1.23101 12.7945
      vertex 30 -0.620399 12.911
    endloop
  endfacet
  facet normal -7.01796e-07 -0.187435 0.982277
    outer loop
      vertex 9.40209 -0.770805 12.8823
      vertex 30 -1.23101 12.7945
      vertex 9.47287 -0.620399 12.911
    endloop
  endfacet
  facet normal -4.23614e-06 -0.187587 0.982248
    outer loop
      vertex 9.29443 -0.940456 12.8499
      vertex 30 -1.23101 12.7945
      vertex 9.40209 -0.770805 12.8823
    endloop
  endfacet
  facet normal 1.62147e-06 -0.187185 0.982325
    outer loop
      vertex 9.16635 -1.09527 12.8204
      vertex 30 -1.23101 12.7945
      vertex 9.29443 -0.940456 12.8499
    endloop
  endfacet
  facet normal 0 -0.187425 0.982279
    outer loop
      vertex 30 -1.23101 12.7945
      vertex 9.16635 -1.09527 12.8204
      vertex 9.0218 -1.23101 12.7945
    endloop
  endfacet
  facet normal 0 0.809021 -0.587779
    outer loop
      vertex 30 3.81404 4.84475
      vertex 5 4.17942 5.34766
      vertex 30 4.17942 5.34766
    endloop
  endfacet
  facet normal 0 0.809021 -0.587779
    outer loop
      vertex 5 4.17942 5.34766
      vertex 30 3.81404 4.84475
      vertex 5 3.81404 4.84475
    endloop
  endfacet
  facet normal 0 0.929773 0.368132
    outer loop
      vertex 30 4.70773 9.52963
      vertex 5 4.47889 10.1076
      vertex 30 4.47889 10.1076
    endloop
  endfacet
  facet normal 0 0.929773 0.368132
    outer loop
      vertex 5 4.47889 10.1076
      vertex 30 4.70773 9.52963
      vertex 5 4.70773 9.52963
    endloop
  endfacet
  facet normal 0 0.876305 -0.481756
    outer loop
      vertex 30 4.17942 5.34766
      vertex 5 4.47889 5.89239
      vertex 30 4.47889 5.89239
    endloop
  endfacet
  facet normal 0 0.876305 -0.481756
    outer loop
      vertex 5 4.47889 5.89239
      vertex 30 4.17942 5.34766
      vertex 5 4.17942 5.34766
    endloop
  endfacet
  facet normal 0 -0.992115 -0.125331
    outer loop
      vertex 5 -4.86232 7.07246
      vertex 30 -4.94023 7.68919
      vertex 5 -4.94023 7.68919
    endloop
  endfacet
  facet normal 0 -0.992115 -0.125331
    outer loop
      vertex 30 -4.94023 7.68919
      vertex 5 -4.86232 7.07246
      vertex 30 -4.86232 7.07246
    endloop
  endfacet
  facet normal 0 0.728966 -0.68455
    outer loop
      vertex 30 3.38851 4.39161
      vertex 5 3.81404 4.84475
      vertex 30 3.81404 4.84475
    endloop
  endfacet
  facet normal 0 0.728966 -0.68455
    outer loop
      vertex 5 3.81404 4.84475
      vertex 30 3.38851 4.39161
      vertex 5 3.38851 4.39161
    endloop
  endfacet
  facet normal 0 0.637425 -0.770512
    outer loop
      vertex 5 2.90954 3.99537
      vertex 30 3.38851 4.39161
      vertex 30 2.90954 3.99537
    endloop
  endfacet
  facet normal 0 0.637425 -0.770512
    outer loop
      vertex 30 3.38851 4.39161
      vertex 5 2.90954 3.99537
      vertex 5 3.38851 4.39161
    endloop
  endfacet
  facet normal 0 0.968583 0.248689
    outer loop
      vertex 30 4.86232 8.92754
      vertex 5 4.70773 9.52963
      vertex 30 4.70773 9.52963
    endloop
  endfacet
  facet normal 0 0.968583 0.248689
    outer loop
      vertex 5 4.70773 9.52963
      vertex 30 4.86232 8.92754
      vertex 5 4.86232 8.92754
    endloop
  endfacet
  facet normal 0 -0.637425 -0.770512
    outer loop
      vertex 5 -3.38851 4.39161
      vertex 30 -2.90954 3.99537
      vertex 30 -3.38851 4.39161
    endloop
  endfacet
  facet normal -0 -0.637425 -0.770512
    outer loop
      vertex 30 -2.90954 3.99537
      vertex 5 -3.38851 4.39161
      vertex 5 -2.90954 3.99537
    endloop
  endfacet
  facet normal 0 -0.729011 0.684502
    outer loop
      vertex 5 -3.81404 11.1552
      vertex 30 -3.38851 11.6084
      vertex 5 -3.38851 11.6084
    endloop
  endfacet
  facet normal 0 -0.729011 0.684502
    outer loop
      vertex 30 -3.38851 11.6084
      vertex 5 -3.81404 11.1552
      vertex 30 -3.81404 11.1552
    endloop
  endfacet
  facet normal 0 -0.309023 0.951055
    outer loop
      vertex 9.0218 -1.23101 12.7945
      vertex 30 -1.82222 12.6024
      vertex 30 -1.23101 12.7945
    endloop
  endfacet
  facet normal -0.000170527 -0.314491 0.94926
    outer loop
      vertex 9.01988 -1.23282 12.7939
      vertex 30 -1.82222 12.6024
      vertex 9.0218 -1.23101 12.7945
    endloop
  endfacet
  facet normal -6.21171e-06 -0.309206 0.950995
    outer loop
      vertex 8.85732 -1.35092 12.7555
      vertex 30 -1.82222 12.6024
      vertex 9.01988 -1.23282 12.7939
    endloop
  endfacet
  facet normal 9.49597e-06 -0.308568 0.951202
    outer loop
      vertex 8.68125 -1.44772 12.7241
      vertex 30 -1.82222 12.6024
      vertex 8.85732 -1.35092 12.7555
    endloop
  endfacet
  facet normal -1.34525e-05 -0.30975 0.950818
    outer loop
      vertex 8.49443 -1.52169 12.7
      vertex 30 -1.82222 12.6024
      vertex 8.68125 -1.44772 12.7241
    endloop
  endfacet
  facet normal 7.12396e-06 -0.308418 0.951251
    outer loop
      vertex 8.29981 -1.57166 12.6838
      vertex 30 -1.82222 12.6024
      vertex 8.49443 -1.52169 12.7
    endloop
  endfacet
  facet normal -7.87661e-06 -0.309593 0.950869
    outer loop
      vertex 8.10046 -1.59684 12.6756
      vertex 30 -1.82222 12.6024
      vertex 8.29981 -1.57166 12.6838
    endloop
  endfacet
  facet normal 0 -0.308901 0.951094
    outer loop
      vertex 5 -1.82222 12.6024
      vertex 8.10046 -1.59684 12.6756
      vertex 7.89953 -1.59684 12.6756
    endloop
  endfacet
  facet normal 0 -0.309023 0.951055
    outer loop
      vertex 5 -1.82222 12.6024
      vertex 6.9782 -1.23101 12.7945
      vertex 5 -1.23101 12.7945
    endloop
  endfacet
  facet normal 0.00141471 -0.313301 0.949653
    outer loop
      vertex 6.9782 -1.23101 12.7945
      vertex 5 -1.82222 12.6024
      vertex 6.98012 -1.23282 12.7939
    endloop
  endfacet
  facet normal 4.84932e-05 -0.309153 0.951012
    outer loop
      vertex 6.98012 -1.23282 12.7939
      vertex 5 -1.82222 12.6024
      vertex 7.14268 -1.35092 12.7555
    endloop
  endfacet
  facet normal -6.96362e-05 -0.308667 0.95117
    outer loop
      vertex 7.14268 -1.35092 12.7555
      vertex 5 -1.82222 12.6024
      vertex 7.31875 -1.44772 12.7241
    endloop
  endfacet
  facet normal 9.17516e-05 -0.309571 0.950876
    outer loop
      vertex 7.31875 -1.44772 12.7241
      vertex 5 -1.82222 12.6024
      vertex 7.50557 -1.52169 12.7
    endloop
  endfacet
  facet normal -4.39428e-05 -0.308548 0.951209
    outer loop
      vertex 7.50557 -1.52169 12.7
      vertex 5 -1.82222 12.6024
      vertex 7.70019 -1.57166 12.6838
    endloop
  endfacet
  facet normal 0 -0.308901 0.951094
    outer loop
      vertex 8.10046 -1.59684 12.6756
      vertex 5 -1.82222 12.6024
      vertex 30 -1.82222 12.6024
    endloop
  endfacet
  facet normal 3.98318e-05 -0.309364 0.950944
    outer loop
      vertex 7.70019 -1.57166 12.6838
      vertex 5 -1.82222 12.6024
      vertex 7.89953 -1.59684 12.6756
    endloop
  endfacet
  facet normal 0 -0.425775 -0.904829
    outer loop
      vertex 5 -2.38468 3.66228
      vertex 30 -1.82222 3.39761
      vertex 30 -2.38468 3.66228
    endloop
  endfacet
  facet normal -0 -0.425775 -0.904829
    outer loop
      vertex 30 -1.82222 3.39761
      vertex 5 -2.38468 3.66228
      vertex 5 -1.82222 3.39761
    endloop
  endfacet
  facet normal 0 0.809016 0.587787
    outer loop
      vertex 30 4.17942 10.6523
      vertex 5 3.81404 11.1552
      vertex 30 3.81404 11.1552
    endloop
  endfacet
  facet normal 0 0.809016 0.587787
    outer loop
      vertex 5 3.81404 11.1552
      vertex 30 4.17942 10.6523
      vertex 5 4.17942 10.6523
    endloop
  endfacet
  facet normal 0 -0.968583 0.248689
    outer loop
      vertex 5 -4.86232 8.92754
      vertex 30 -4.70773 9.52963
      vertex 5 -4.70773 9.52963
    endloop
  endfacet
  facet normal 0 -0.968583 0.248689
    outer loop
      vertex 30 -4.70773 9.52963
      vertex 5 -4.86232 8.92754
      vertex 30 -4.86232 8.92754
    endloop
  endfacet
  facet normal 0 -0.535831 -0.844325
    outer loop
      vertex 5 -2.90954 3.99537
      vertex 30 -2.38468 3.66228
      vertex 30 -2.90954 3.99537
    endloop
  endfacet
  facet normal -0 -0.535831 -0.844325
    outer loop
      vertex 30 -2.38468 3.66228
      vertex 5 -2.90954 3.99537
      vertex 5 -2.38468 3.66228
    endloop
  endfacet
  facet normal 0 -0.876294 0.481777
    outer loop
      vertex 5 -4.47889 10.1076
      vertex 30 -4.17942 10.6523
      vertex 5 -4.17942 10.6523
    endloop
  endfacet
  facet normal 0 -0.876294 0.481777
    outer loop
      vertex 30 -4.17942 10.6523
      vertex 5 -4.47889 10.1076
      vertex 30 -4.47889 10.1076
    endloop
  endfacet
  facet normal 0 -0.425814 0.904811
    outer loop
      vertex 5 -1.82222 12.6024
      vertex 30 -2.38468 12.3377
      vertex 30 -1.82222 12.6024
    endloop
  endfacet
  facet normal 0 -0.425814 0.904811
    outer loop
      vertex 30 -2.38468 12.3377
      vertex 5 -1.82222 12.6024
      vertex 5 -2.38468 12.3377
    endloop
  endfacet
  facet normal 0 0.968583 -0.248689
    outer loop
      vertex 30 4.70773 6.47037
      vertex 5 4.86232 7.07246
      vertex 30 4.86232 7.07246
    endloop
  endfacet
  facet normal 0 0.968583 -0.248689
    outer loop
      vertex 5 4.86232 7.07246
      vertex 30 4.70773 6.47037
      vertex 5 4.70773 6.47037
    endloop
  endfacet
  facet normal 0 -0.728966 -0.68455
    outer loop
      vertex 5 -3.38851 4.39161
      vertex 30 -3.81404 4.84475
      vertex 5 -3.81404 4.84475
    endloop
  endfacet
  facet normal 0 -0.728966 -0.68455
    outer loop
      vertex 30 -3.81404 4.84475
      vertex 5 -3.38851 4.39161
      vertex 30 -3.38851 4.39161
    endloop
  endfacet
  facet normal 0 -0.637387 0.770544
    outer loop
      vertex 5 -2.90954 12.0046
      vertex 30 -3.38851 11.6084
      vertex 30 -2.90954 12.0046
    endloop
  endfacet
  facet normal 0 -0.637387 0.770544
    outer loop
      vertex 30 -3.38851 11.6084
      vertex 5 -2.90954 12.0046
      vertex 5 -3.38851 11.6084
    endloop
  endfacet
  facet normal 0 -0.0627089 0.998032
    outer loop
      vertex 5 0 12.95
      vertex 6.41262 -0.200533 12.9374
      vertex 6.4 0 12.95
    endloop
  endfacet
  facet normal -4.28143e-06 -0.0627389 0.99803
    outer loop
      vertex 5 -0.620399 12.911
      vertex 6.41262 -0.200533 12.9374
      vertex 5 0 12.95
    endloop
  endfacet
  facet normal -1.4328e-05 -0.0627053 0.998032
    outer loop
      vertex 6.41262 -0.200533 12.9374
      vertex 5 -0.620399 12.911
      vertex 6.45027 -0.397903 12.925
    endloop
  endfacet
  facet normal 5.7823e-05 -0.0631737 0.998003
    outer loop
      vertex 6.45027 -0.397903 12.925
      vertex 5 -0.620399 12.911
      vertex 6.51236 -0.588999 12.9129
    endloop
  endfacet
  facet normal 0 -0.0603991 0.998174
    outer loop
      vertex 6.51236 -0.588999 12.9129
      vertex 5 -0.620399 12.911
      vertex 6.52713 -0.620399 12.911
    endloop
  endfacet
  facet normal 0 -0.0627389 0.99803
    outer loop
      vertex 9.6 0 12.95
      vertex 30 -0.620399 12.911
      vertex 30 0 12.95
    endloop
  endfacet
  facet normal 9.15461e-07 -0.0627089 0.998032
    outer loop
      vertex 9.58738 -0.200533 12.9374
      vertex 30 -0.620399 12.911
      vertex 9.6 0 12.95
    endloop
  endfacet
  facet normal 1.04367e-06 -0.0627027 0.998032
    outer loop
      vertex 9.54973 -0.397903 12.925
      vertex 30 -0.620399 12.911
      vertex 9.58738 -0.200533 12.9374
    endloop
  endfacet
  facet normal -4.28987e-06 -0.063191 0.998001
    outer loop
      vertex 9.48764 -0.588999 12.9129
      vertex 30 -0.620399 12.911
      vertex 9.54973 -0.397903 12.925
    endloop
  endfacet
  facet normal 0 -0.0603991 0.998174
    outer loop
      vertex 30 -0.620399 12.911
      vertex 9.48764 -0.588999 12.9129
      vertex 9.47287 -0.620399 12.911
    endloop
  endfacet
  facet normal 0 -0.535843 0.844318
    outer loop
      vertex 5 -2.38468 12.3377
      vertex 30 -2.90954 12.0046
      vertex 30 -2.38468 12.3377
    endloop
  endfacet
  facet normal 0 -0.535843 0.844318
    outer loop
      vertex 30 -2.90954 12.0046
      vertex 5 -2.38468 12.3377
      vertex 5 -2.90954 12.0046
    endloop
  endfacet
  facet normal 0 -0.992115 0.125331
    outer loop
      vertex 5 -4.94023 8.31081
      vertex 30 -4.86232 8.92754
      vertex 5 -4.86232 8.92754
    endloop
  endfacet
  facet normal 0 -0.992115 0.125331
    outer loop
      vertex 30 -4.86232 8.92754
      vertex 5 -4.94023 8.31081
      vertex 30 -4.94023 8.31081
    endloop
  endfacet
  facet normal -0 0.0603991 0.998174
    outer loop
      vertex 5 0.620399 12.911
      vertex 6.51236 0.588999 12.9129
      vertex 6.52713 0.620399 12.911
    endloop
  endfacet
  facet normal 5.7823e-05 0.0631737 0.998003
    outer loop
      vertex 5 0.620399 12.911
      vertex 6.45027 0.397903 12.925
      vertex 6.51236 0.588999 12.9129
    endloop
  endfacet
  facet normal -1.4328e-05 0.0627053 0.998032
    outer loop
      vertex 5 0.620399 12.911
      vertex 6.41262 0.200533 12.9374
      vertex 6.45027 0.397903 12.925
    endloop
  endfacet
  facet normal -4.28143e-06 0.0627389 0.99803
    outer loop
      vertex 5 0 12.95
      vertex 6.41262 0.200533 12.9374
      vertex 5 0.620399 12.911
    endloop
  endfacet
  facet normal 0 0.0627089 0.998032
    outer loop
      vertex 6.41262 0.200533 12.9374
      vertex 5 0 12.95
      vertex 6.4 0 12.95
    endloop
  endfacet
  facet normal 0 0.0627389 0.99803
    outer loop
      vertex 30 0.620399 12.911
      vertex 9.6 0 12.95
      vertex 30 0 12.95
    endloop
  endfacet
  facet normal 9.15461e-07 0.0627089 0.998032
    outer loop
      vertex 30 0.620399 12.911
      vertex 9.58738 0.200533 12.9374
      vertex 9.6 0 12.95
    endloop
  endfacet
  facet normal 1.04367e-06 0.0627027 0.998032
    outer loop
      vertex 30 0.620399 12.911
      vertex 9.54973 0.397903 12.925
      vertex 9.58738 0.200533 12.9374
    endloop
  endfacet
  facet normal -4.28987e-06 0.063191 0.998001
    outer loop
      vertex 30 0.620399 12.911
      vertex 9.48764 0.588999 12.9129
      vertex 9.54973 0.397903 12.925
    endloop
  endfacet
  facet normal 0 0.0603991 0.998174
    outer loop
      vertex 9.48764 0.588999 12.9129
      vertex 30 0.620399 12.911
      vertex 9.47287 0.620399 12.911
    endloop
  endfacet
  facet normal 0 -1 0
    outer loop
      vertex 5 -4.94023 7.68919
      vertex 30 -4.94023 8.31081
      vertex 5 -4.94023 8.31081
    endloop
  endfacet
  facet normal 0 -1 -0
    outer loop
      vertex 30 -4.94023 8.31081
      vertex 5 -4.94023 7.68919
      vertex 30 -4.94023 7.68919
    endloop
  endfacet
  facet normal -0 0.535843 0.844318
    outer loop
      vertex 5 2.90954 12.0046
      vertex 30 2.38468 12.3377
      vertex 30 2.90954 12.0046
    endloop
  endfacet
  facet normal 0 0.535843 0.844318
    outer loop
      vertex 30 2.38468 12.3377
      vertex 5 2.90954 12.0046
      vertex 5 2.38468 12.3377
    endloop
  endfacet
  facet normal -0 0.187425 0.982279
    outer loop
      vertex 5 1.23101 12.7945
      vertex 6.83365 1.09527 12.8204
      vertex 6.9782 1.23101 12.7945
    endloop
  endfacet
  facet normal -1.74533e-05 0.187197 0.982322
    outer loop
      vertex 5 1.23101 12.7945
      vertex 6.70557 0.940456 12.8499
      vertex 6.83365 1.09527 12.8204
    endloop
  endfacet
  facet normal 4.68229e-05 0.187561 0.982253
    outer loop
      vertex 5 1.23101 12.7945
      vertex 6.59791 0.770805 12.8823
      vertex 6.70557 0.940456 12.8499
    endloop
  endfacet
  facet normal 8.05054e-06 0.187431 0.982278
    outer loop
      vertex 5 1.23101 12.7945
      vertex 6.52713 0.620399 12.911
      vertex 6.59791 0.770805 12.8823
    endloop
  endfacet
  facet normal 0 0.187412 0.982281
    outer loop
      vertex 6.52713 0.620399 12.911
      vertex 5 1.23101 12.7945
      vertex 5 0.620399 12.911
    endloop
  endfacet
  facet normal 0 0.187412 0.982281
    outer loop
      vertex 30 1.23101 12.7945
      vertex 9.47287 0.620399 12.911
      vertex 30 0.620399 12.911
    endloop
  endfacet
  facet normal -7.01796e-07 0.187435 0.982277
    outer loop
      vertex 30 1.23101 12.7945
      vertex 9.40209 0.770805 12.8823
      vertex 9.47287 0.620399 12.911
    endloop
  endfacet
  facet normal -4.23614e-06 0.187587 0.982248
    outer loop
      vertex 30 1.23101 12.7945
      vertex 9.29443 0.940456 12.8499
      vertex 9.40209 0.770805 12.8823
    endloop
  endfacet
  facet normal 1.62147e-06 0.187185 0.982325
    outer loop
      vertex 30 1.23101 12.7945
      vertex 9.16635 1.09527 12.8204
      vertex 9.29443 0.940456 12.8499
    endloop
  endfacet
  facet normal 0 0.187425 0.982279
    outer loop
      vertex 9.16635 1.09527 12.8204
      vertex 30 1.23101 12.7945
      vertex 9.0218 1.23101 12.7945
    endloop
  endfacet
  facet normal 0 1 -0
    outer loop
      vertex 30 4.94023 7.68919
      vertex 5 4.94023 8.31081
      vertex 30 4.94023 8.31081
    endloop
  endfacet
  facet normal 0 1 0
    outer loop
      vertex 5 4.94023 8.31081
      vertex 30 4.94023 7.68919
      vertex 5 4.94023 7.68919
    endloop
  endfacet
  facet normal 0 -0.876305 -0.481756
    outer loop
      vertex 5 -4.17942 5.34766
      vertex 30 -4.47889 5.89239
      vertex 5 -4.47889 5.89239
    endloop
  endfacet
  facet normal 0 -0.876305 -0.481756
    outer loop
      vertex 30 -4.47889 5.89239
      vertex 5 -4.17942 5.34766
      vertex 30 -4.17942 5.34766
    endloop
  endfacet
  facet normal -0 0.425814 0.904811
    outer loop
      vertex 5 2.38468 12.3377
      vertex 30 1.82222 12.6024
      vertex 30 2.38468 12.3377
    endloop
  endfacet
  facet normal 0 0.425814 0.904811
    outer loop
      vertex 30 1.82222 12.6024
      vertex 5 2.38468 12.3377
      vertex 5 1.82222 12.6024
    endloop
  endfacet
  facet normal -0 0.637387 0.770544
    outer loop
      vertex 5 3.38851 11.6084
      vertex 30 2.90954 12.0046
      vertex 30 3.38851 11.6084
    endloop
  endfacet
  facet normal 0 0.637387 0.770544
    outer loop
      vertex 30 2.90954 12.0046
      vertex 5 3.38851 11.6084
      vertex 5 2.90954 12.0046
    endloop
  endfacet
  facet normal -0.770497 -0.637444 0
    outer loop
      vertex 9.29443 0.940456 3.15009
      vertex 9.16635 1.09527 12.8204
      vertex 9.16635 1.09527 3.17962
    endloop
  endfacet
  facet normal -0.770497 -0.637444 0
    outer loop
      vertex 9.16635 1.09527 12.8204
      vertex 9.29443 0.940456 3.15009
      vertex 9.29443 0.940456 12.8499
    endloop
  endfacet
  facet normal -0.982288 -0.18738 0
    outer loop
      vertex 9.58738 0.200533 3.06262
      vertex 9.54973 0.397903 12.925
      vertex 9.54973 0.397903 3.07503
    endloop
  endfacet
  facet normal -0.982288 -0.18738 0
    outer loop
      vertex 9.54973 0.397903 12.925
      vertex 9.58738 0.200533 3.06262
      vertex 9.58738 0.200533 12.9374
    endloop
  endfacet
  facet normal -0.998026 -0.062808 0
    outer loop
      vertex 9.6 0 3.05
      vertex 9.58738 0.200533 12.9374
      vertex 9.58738 0.200533 3.06262
    endloop
  endfacet
  facet normal -0.998026 -0.062808 0
    outer loop
      vertex 9.58738 0.200533 12.9374
      vertex 9.6 0 3.05
      vertex 9.6 0 12.95
    endloop
  endfacet
  facet normal -0.951058 -0.309013 0
    outer loop
      vertex 9.54973 0.397903 3.07503
      vertex 9.48764 0.588999 12.9129
      vertex 9.48764 0.588999 3.08706
    endloop
  endfacet
  facet normal -0.951058 -0.309013 0
    outer loop
      vertex 9.48764 0.588999 12.9129
      vertex 9.54973 0.397903 3.07503
      vertex 9.54973 0.397903 12.925
    endloop
  endfacet
  facet normal 0.125321 -0.992116 0
    outer loop
      vertex 7.70019 1.57166 12.6838
      vertex 7.89953 1.59684 3.32438
      vertex 7.89953 1.59684 12.6756
    endloop
  endfacet
  facet normal 0.125321 -0.992116 0
    outer loop
      vertex 7.89953 1.59684 3.32438
      vertex 7.70019 1.57166 12.6838
      vertex 7.70019 1.57166 3.3162
    endloop
  endfacet
  facet normal 0.368136 0.929772 -0
    outer loop
      vertex 7.50557 -1.52169 3.29996
      vertex 7.31875 -1.44772 12.7241
      vertex 7.50557 -1.52169 12.7
    endloop
  endfacet
  facet normal 0.368136 0.929772 0
    outer loop
      vertex 7.31875 -1.44772 12.7241
      vertex 7.50557 -1.52169 3.29996
      vertex 7.31875 -1.44772 3.27593
    endloop
  endfacet
  facet normal 0.24869 0.968583 -0
    outer loop
      vertex 7.70019 -1.57166 3.3162
      vertex 7.50557 -1.52169 12.7
      vertex 7.70019 -1.57166 12.6838
    endloop
  endfacet
  facet normal 0.24869 0.968583 0
    outer loop
      vertex 7.50557 -1.52169 12.7
      vertex 7.70019 -1.57166 3.3162
      vertex 7.50557 -1.52169 3.29996
    endloop
  endfacet
  facet normal -0.844336 -0.535813 0
    outer loop
      vertex 9.40209 0.770805 3.11772
      vertex 9.29443 0.940456 12.8499
      vertex 9.29443 0.940456 3.15009
    endloop
  endfacet
  facet normal -0.844336 -0.535813 0
    outer loop
      vertex 9.29443 0.940456 12.8499
      vertex 9.40209 0.770805 3.11772
      vertex 9.40209 0.770805 12.8823
    endloop
  endfacet
  facet normal -0.904926 -0.425567 -0.0014899
    outer loop
      vertex 9.48764 0.588999 3.08706
      vertex 9.40209 0.770805 3.11772
      vertex 9.47287 0.620399 3.08903
    endloop
  endfacet
  facet normal -0.90483 -0.425774 0
    outer loop
      vertex 9.40209 0.770805 3.11772
      vertex 9.48764 0.588999 3.08706
      vertex 9.40209 0.770805 12.8823
    endloop
  endfacet
  facet normal -0.90483 -0.425774 -0
    outer loop
      vertex 9.48764 0.588999 12.9129
      vertex 9.40209 0.770805 12.8823
      vertex 9.48764 0.588999 3.08706
    endloop
  endfacet
  facet normal -0.904924 -0.425571 0.00146365
    outer loop
      vertex 9.40209 0.770805 12.8823
      vertex 9.48764 0.588999 12.9129
      vertex 9.47287 0.620399 12.911
    endloop
  endfacet
  facet normal 0.951058 0.309013 0
    outer loop
      vertex 6.51236 -0.588999 12.9129
      vertex 6.45027 -0.397903 3.07503
      vertex 6.45027 -0.397903 12.925
    endloop
  endfacet
  facet normal 0.951058 0.309013 0
    outer loop
      vertex 6.45027 -0.397903 3.07503
      vertex 6.51236 -0.588999 12.9129
      vertex 6.51236 -0.588999 3.08706
    endloop
  endfacet
  facet normal 0.998026 -0.062808 0
    outer loop
      vertex 6.4 0 12.95
      vertex 6.41262 0.200533 3.06262
      vertex 6.41262 0.200533 12.9374
    endloop
  endfacet
  facet normal 0.998026 -0.062808 0
    outer loop
      vertex 6.41262 0.200533 3.06262
      vertex 6.4 0 12.95
      vertex 6.4 0 3.05
    endloop
  endfacet
  facet normal -0.951058 0.309013 0
    outer loop
      vertex 9.48764 -0.588999 3.08706
      vertex 9.54973 -0.397903 12.925
      vertex 9.54973 -0.397903 3.07503
    endloop
  endfacet
  facet normal -0.951058 0.309013 0
    outer loop
      vertex 9.54973 -0.397903 12.925
      vertex 9.48764 -0.588999 3.08706
      vertex 9.48764 -0.588999 12.9129
    endloop
  endfacet
  facet normal -0.770497 0.637444 0
    outer loop
      vertex 9.16635 -1.09527 3.17962
      vertex 9.29443 -0.940456 12.8499
      vertex 9.29443 -0.940456 3.15009
    endloop
  endfacet
  facet normal -0.770497 0.637444 0
    outer loop
      vertex 9.29443 -0.940456 12.8499
      vertex 9.16635 -1.09527 3.17962
      vertex 9.16635 -1.09527 12.8204
    endloop
  endfacet
  facet normal 0.587763 -0.809033 0
    outer loop
      vertex 6.98012 1.23282 12.7939
      vertex 7.14268 1.35092 3.24448
      vertex 7.14268 1.35092 12.7555
    endloop
  endfacet
  facet normal 0.587763 -0.809033 0
    outer loop
      vertex 7.14268 1.35092 3.24448
      vertex 6.98012 1.23282 12.7939
      vertex 6.98012 1.23282 3.2061
    endloop
  endfacet
  facet normal -0.844336 0.535813 0
    outer loop
      vertex 9.29443 -0.940456 3.15009
      vertex 9.40209 -0.770805 12.8823
      vertex 9.40209 -0.770805 3.11772
    endloop
  endfacet
  facet normal -0.844336 0.535813 0
    outer loop
      vertex 9.40209 -0.770805 12.8823
      vertex 9.29443 -0.940456 3.15009
      vertex 9.29443 -0.940456 12.8499
    endloop
  endfacet
  facet normal -0.481772 0.876297 0
    outer loop
      vertex 8.85732 -1.35092 12.7555
      vertex 8.68125 -1.44772 3.27593
      vertex 8.68125 -1.44772 12.7241
    endloop
  endfacet
  facet normal -0.481772 0.876297 0
    outer loop
      vertex 8.68125 -1.44772 3.27593
      vertex 8.85732 -1.35092 12.7555
      vertex 8.85732 -1.35092 3.24448
    endloop
  endfacet
  facet normal 0.24869 -0.968583 0
    outer loop
      vertex 7.50557 1.52169 12.7
      vertex 7.70019 1.57166 3.3162
      vertex 7.70019 1.57166 12.6838
    endloop
  endfacet
  facet normal 0.24869 -0.968583 0
    outer loop
      vertex 7.70019 1.57166 3.3162
      vertex 7.50557 1.52169 12.7
      vertex 7.50557 1.52169 3.29996
    endloop
  endfacet
  facet normal -0.587763 -0.809033 0
    outer loop
      vertex 8.85732 1.35092 3.24448
      vertex 9.01988 1.23282 12.7939
      vertex 8.85732 1.35092 12.7555
    endloop
  endfacet
  facet normal -0.587763 -0.809033 -0
    outer loop
      vertex 9.01988 1.23282 12.7939
      vertex 8.85732 1.35092 3.24448
      vertex 9.01988 1.23282 3.2061
    endloop
  endfacet
  facet normal -0.368136 0.929772 0
    outer loop
      vertex 8.68125 -1.44772 12.7241
      vertex 8.49443 -1.52169 3.29996
      vertex 8.49443 -1.52169 12.7
    endloop
  endfacet
  facet normal -0.368136 0.929772 0
    outer loop
      vertex 8.49443 -1.52169 3.29996
      vertex 8.68125 -1.44772 12.7241
      vertex 8.68125 -1.44772 3.27593
    endloop
  endfacet
  facet normal -0.481772 -0.876297 0
    outer loop
      vertex 8.68125 1.44772 3.27593
      vertex 8.85732 1.35092 12.7555
      vertex 8.68125 1.44772 12.7241
    endloop
  endfacet
  facet normal -0.481772 -0.876297 -0
    outer loop
      vertex 8.85732 1.35092 12.7555
      vertex 8.68125 1.44772 3.27593
      vertex 8.85732 1.35092 3.24448
    endloop
  endfacet
  facet normal 0.368136 -0.929772 0
    outer loop
      vertex 7.31875 1.44772 12.7241
      vertex 7.50557 1.52169 3.29996
      vertex 7.50557 1.52169 12.7
    endloop
  endfacet
  facet normal 0.368136 -0.929772 0
    outer loop
      vertex 7.50557 1.52169 3.29996
      vertex 7.31875 1.44772 12.7241
      vertex 7.31875 1.44772 3.27593
    endloop
  endfacet
  facet normal -0.125315 0.992117 0
    outer loop
      vertex 8.29981 -1.57166 12.6838
      vertex 8.10046 -1.59684 3.32438
      vertex 8.10046 -1.59684 12.6756
    endloop
  endfacet
  facet normal -0.125315 0.992117 0
    outer loop
      vertex 8.10046 -1.59684 3.32438
      vertex 8.29981 -1.57166 12.6838
      vertex 8.29981 -1.57166 3.3162
    endloop
  endfacet
  facet normal -0.998026 0.062808 0
    outer loop
      vertex 9.58738 -0.200533 3.06262
      vertex 9.6 0 12.95
      vertex 9.6 0 3.05
    endloop
  endfacet
  facet normal -0.998026 0.062808 0
    outer loop
      vertex 9.6 0 12.95
      vertex 9.58738 -0.200533 3.06262
      vertex 9.58738 -0.200533 12.9374
    endloop
  endfacet
  facet normal 0.982288 -0.18738 0
    outer loop
      vertex 6.41262 0.200533 12.9374
      vertex 6.45027 0.397903 3.07503
      vertex 6.45027 0.397903 12.925
    endloop
  endfacet
  facet normal 0.982288 -0.18738 0
    outer loop
      vertex 6.45027 0.397903 3.07503
      vertex 6.41262 0.200533 12.9374
      vertex 6.41262 0.200533 3.06262
    endloop
  endfacet
  facet normal 0.481772 -0.876297 0
    outer loop
      vertex 7.14268 1.35092 12.7555
      vertex 7.31875 1.44772 3.27593
      vertex 7.31875 1.44772 12.7241
    endloop
  endfacet
  facet normal 0.481772 -0.876297 0
    outer loop
      vertex 7.31875 1.44772 3.27593
      vertex 7.14268 1.35092 12.7555
      vertex 7.14268 1.35092 3.24448
    endloop
  endfacet
  facet normal 0.125321 0.992116 -0
    outer loop
      vertex 7.89953 -1.59684 3.32438
      vertex 7.70019 -1.57166 12.6838
      vertex 7.89953 -1.59684 12.6756
    endloop
  endfacet
  facet normal 0.125321 0.992116 0
    outer loop
      vertex 7.70019 -1.57166 12.6838
      vertex 7.89953 -1.59684 3.32438
      vertex 7.70019 -1.57166 3.3162
    endloop
  endfacet
  facet normal 0.904924 0.425571 0.00146365
    outer loop
      vertex 6.59791 -0.770805 12.8823
      vertex 6.51236 -0.588999 12.9129
      vertex 6.52713 -0.620399 12.911
    endloop
  endfacet
  facet normal 0.90483 0.425774 0
    outer loop
      vertex 6.51236 -0.588999 12.9129
      vertex 6.59791 -0.770805 12.8823
      vertex 6.51236 -0.588999 3.08706
    endloop
  endfacet
  facet normal 0.90483 0.425774 -0
    outer loop
      vertex 6.59791 -0.770805 3.11772
      vertex 6.51236 -0.588999 3.08706
      vertex 6.59791 -0.770805 12.8823
    endloop
  endfacet
  facet normal 0.904926 0.425567 -0.0014899
    outer loop
      vertex 6.51236 -0.588999 3.08706
      vertex 6.59791 -0.770805 3.11772
      vertex 6.52713 -0.620399 3.08903
    endloop
  endfacet
  facet normal -0.682496 -0.730615 -0.0200355
    outer loop
      vertex 9.01988 1.23282 12.7939
      vertex 9.16635 1.09527 12.8204
      vertex 9.0218 1.23101 12.7945
    endloop
  endfacet
  facet normal -0.684562 -0.728955 0
    outer loop
      vertex 9.01988 1.23282 3.2061
      vertex 9.16635 1.09527 12.8204
      vertex 9.01988 1.23282 12.7939
    endloop
  endfacet
  facet normal -0.682408 -0.730674 0.0208405
    outer loop
      vertex 9.16635 1.09527 3.17962
      vertex 9.01988 1.23282 3.2061
      vertex 9.0218 1.23101 3.20551
    endloop
  endfacet
  facet normal -0.684562 -0.728955 0
    outer loop
      vertex 9.01988 1.23282 3.2061
      vertex 9.16635 1.09527 3.17962
      vertex 9.16635 1.09527 12.8204
    endloop
  endfacet
  facet normal -0.682496 0.730615 -0.0200355
    outer loop
      vertex 9.16635 -1.09527 12.8204
      vertex 9.01988 -1.23282 12.7939
      vertex 9.0218 -1.23101 12.7945
    endloop
  endfacet
  facet normal -0.684562 0.728955 0
    outer loop
      vertex 9.16635 -1.09527 12.8204
      vertex 9.01988 -1.23282 3.2061
      vertex 9.01988 -1.23282 12.7939
    endloop
  endfacet
  facet normal -0.684562 0.728955 0
    outer loop
      vertex 9.16635 -1.09527 3.17962
      vertex 9.01988 -1.23282 3.2061
      vertex 9.16635 -1.09527 12.8204
    endloop
  endfacet
  facet normal -0.682408 0.730674 0.0208405
    outer loop
      vertex 9.01988 -1.23282 3.2061
      vertex 9.16635 -1.09527 3.17962
      vertex 9.0218 -1.23101 3.20551
    endloop
  endfacet
  facet normal -0.368136 -0.929772 0
    outer loop
      vertex 8.49443 1.52169 3.29996
      vertex 8.68125 1.44772 12.7241
      vertex 8.49443 1.52169 12.7
    endloop
  endfacet
  facet normal -0.368136 -0.929772 -0
    outer loop
      vertex 8.68125 1.44772 12.7241
      vertex 8.49443 1.52169 3.29996
      vertex 8.68125 1.44772 3.27593
    endloop
  endfacet
  facet normal -0.24869 -0.968583 0
    outer loop
      vertex 8.29981 1.57166 3.3162
      vertex 8.49443 1.52169 12.7
      vertex 8.29981 1.57166 12.6838
    endloop
  endfacet
  facet normal -0.24869 -0.968583 -0
    outer loop
      vertex 8.49443 1.52169 12.7
      vertex 8.29981 1.57166 3.3162
      vertex 8.49443 1.52169 3.29996
    endloop
  endfacet
  facet normal 0.770497 0.637444 0
    outer loop
      vertex 6.83365 -1.09527 12.8204
      vertex 6.70557 -0.940456 3.15009
      vertex 6.70557 -0.940456 12.8499
    endloop
  endfacet
  facet normal 0.770497 0.637444 0
    outer loop
      vertex 6.70557 -0.940456 3.15009
      vertex 6.83365 -1.09527 12.8204
      vertex 6.83365 -1.09527 3.17962
    endloop
  endfacet
  facet normal -0.125315 -0.992117 0
    outer loop
      vertex 8.10046 1.59684 3.32438
      vertex 8.29981 1.57166 12.6838
      vertex 8.10046 1.59684 12.6756
    endloop
  endfacet
  facet normal -0.125315 -0.992117 -0
    outer loop
      vertex 8.29981 1.57166 12.6838
      vertex 8.10046 1.59684 3.32438
      vertex 8.29981 1.57166 3.3162
    endloop
  endfacet
  facet normal -0.982288 0.18738 0
    outer loop
      vertex 9.54973 -0.397903 3.07503
      vertex 9.58738 -0.200533 12.9374
      vertex 9.58738 -0.200533 3.06262
    endloop
  endfacet
  facet normal -0.982288 0.18738 0
    outer loop
      vertex 9.58738 -0.200533 12.9374
      vertex 9.54973 -0.397903 3.07503
      vertex 9.54973 -0.397903 12.925
    endloop
  endfacet
  facet normal -0.24869 0.968583 0
    outer loop
      vertex 8.49443 -1.52169 12.7
      vertex 8.29981 -1.57166 3.3162
      vertex 8.29981 -1.57166 12.6838
    endloop
  endfacet
  facet normal -0.24869 0.968583 0
    outer loop
      vertex 8.29981 -1.57166 3.3162
      vertex 8.49443 -1.52169 12.7
      vertex 8.49443 -1.52169 3.29996
    endloop
  endfacet
  facet normal 0.998026 0.062808 0
    outer loop
      vertex 6.41262 -0.200533 12.9374
      vertex 6.4 0 3.05
      vertex 6.4 0 12.95
    endloop
  endfacet
  facet normal 0.998026 0.062808 0
    outer loop
      vertex 6.4 0 3.05
      vertex 6.41262 -0.200533 12.9374
      vertex 6.41262 -0.200533 3.06262
    endloop
  endfacet
  facet normal 0.844336 0.535813 0
    outer loop
      vertex 6.70557 -0.940456 12.8499
      vertex 6.59791 -0.770805 3.11772
      vertex 6.59791 -0.770805 12.8823
    endloop
  endfacet
  facet normal 0.844336 0.535813 0
    outer loop
      vertex 6.59791 -0.770805 3.11772
      vertex 6.70557 -0.940456 12.8499
      vertex 6.70557 -0.940456 3.15009
    endloop
  endfacet
  facet normal 0.682496 0.730615 -0.0200355
    outer loop
      vertex 6.98012 -1.23282 12.7939
      vertex 6.83365 -1.09527 12.8204
      vertex 6.9782 -1.23101 12.7945
    endloop
  endfacet
  facet normal 0.684562 0.728955 -0
    outer loop
      vertex 6.98012 -1.23282 3.2061
      vertex 6.83365 -1.09527 12.8204
      vertex 6.98012 -1.23282 12.7939
    endloop
  endfacet
  facet normal 0.682408 0.730674 0.0208405
    outer loop
      vertex 6.83365 -1.09527 3.17962
      vertex 6.98012 -1.23282 3.2061
      vertex 6.9782 -1.23101 3.20551
    endloop
  endfacet
  facet normal 0.684562 0.728955 0
    outer loop
      vertex 6.98012 -1.23282 3.2061
      vertex 6.83365 -1.09527 3.17962
      vertex 6.83365 -1.09527 12.8204
    endloop
  endfacet
  facet normal -0.587763 0.809033 0
    outer loop
      vertex 9.01988 -1.23282 12.7939
      vertex 8.85732 -1.35092 3.24448
      vertex 8.85732 -1.35092 12.7555
    endloop
  endfacet
  facet normal -0.587763 0.809033 0
    outer loop
      vertex 8.85732 -1.35092 3.24448
      vertex 9.01988 -1.23282 12.7939
      vertex 9.01988 -1.23282 3.2061
    endloop
  endfacet
  facet normal -0.904926 0.425567 -0.0014899
    outer loop
      vertex 9.40209 -0.770805 3.11772
      vertex 9.48764 -0.588999 3.08706
      vertex 9.47287 -0.620399 3.08903
    endloop
  endfacet
  facet normal -0.90483 0.425774 0
    outer loop
      vertex 9.48764 -0.588999 3.08706
      vertex 9.40209 -0.770805 3.11772
      vertex 9.48764 -0.588999 12.9129
    endloop
  endfacet
  facet normal -0.90483 0.425774 0
    outer loop
      vertex 9.40209 -0.770805 12.8823
      vertex 9.48764 -0.588999 12.9129
      vertex 9.40209 -0.770805 3.11772
    endloop
  endfacet
  facet normal -0.904924 0.425571 0.00146365
    outer loop
      vertex 9.48764 -0.588999 12.9129
      vertex 9.40209 -0.770805 12.8823
      vertex 9.47287 -0.620399 12.911
    endloop
  endfacet
  facet normal 0.682496 -0.730615 -0.0200355
    outer loop
      vertex 6.83365 1.09527 12.8204
      vertex 6.98012 1.23282 12.7939
      vertex 6.9782 1.23101 12.7945
    endloop
  endfacet
  facet normal 0.684562 -0.728955 0
    outer loop
      vertex 6.83365 1.09527 12.8204
      vertex 6.98012 1.23282 3.2061
      vertex 6.98012 1.23282 12.7939
    endloop
  endfacet
  facet normal 0.684562 -0.728955 0
    outer loop
      vertex 6.83365 1.09527 3.17962
      vertex 6.98012 1.23282 3.2061
      vertex 6.83365 1.09527 12.8204
    endloop
  endfacet
  facet normal 0.682408 -0.730674 0.0208405
    outer loop
      vertex 6.98012 1.23282 3.2061
      vertex 6.83365 1.09527 3.17962
      vertex 6.9782 1.23101 3.20551
    endloop
  endfacet
  facet normal 0 1 -0
    outer loop
      vertex 8.10046 -1.59684 3.32438
      vertex 7.89953 -1.59684 12.6756
      vertex 8.10046 -1.59684 12.6756
    endloop
  endfacet
  facet normal 0 1 0
    outer loop
      vertex 7.89953 -1.59684 12.6756
      vertex 8.10046 -1.59684 3.32438
      vertex 7.89953 -1.59684 3.32438
    endloop
  endfacet
  facet normal 0.982288 0.18738 0
    outer loop
      vertex 6.45027 -0.397903 12.925
      vertex 6.41262 -0.200533 3.06262
      vertex 6.41262 -0.200533 12.9374
    endloop
  endfacet
  facet normal 0.982288 0.18738 0
    outer loop
      vertex 6.41262 -0.200533 3.06262
      vertex 6.45027 -0.397903 12.925
      vertex 6.45027 -0.397903 3.07503
    endloop
  endfacet
  facet normal 0.951058 -0.309013 0
    outer loop
      vertex 6.45027 0.397903 12.925
      vertex 6.51236 0.588999 3.08706
      vertex 6.51236 0.588999 12.9129
    endloop
  endfacet
  facet normal 0.951058 -0.309013 0
    outer loop
      vertex 6.51236 0.588999 3.08706
      vertex 6.45027 0.397903 12.925
      vertex 6.45027 0.397903 3.07503
    endloop
  endfacet
  facet normal 0.481772 0.876297 -0
    outer loop
      vertex 7.31875 -1.44772 3.27593
      vertex 7.14268 -1.35092 12.7555
      vertex 7.31875 -1.44772 12.7241
    endloop
  endfacet
  facet normal 0.481772 0.876297 0
    outer loop
      vertex 7.14268 -1.35092 12.7555
      vertex 7.31875 -1.44772 3.27593
      vertex 7.14268 -1.35092 3.24448
    endloop
  endfacet
  facet normal 0 -1 0
    outer loop
      vertex 7.89953 1.59684 3.32438
      vertex 8.10046 1.59684 12.6756
      vertex 7.89953 1.59684 12.6756
    endloop
  endfacet
  facet normal 0 -1 -0
    outer loop
      vertex 8.10046 1.59684 12.6756
      vertex 7.89953 1.59684 3.32438
      vertex 8.10046 1.59684 3.32438
    endloop
  endfacet
  facet normal 0.770497 -0.637444 0
    outer loop
      vertex 6.70557 0.940456 12.8499
      vertex 6.83365 1.09527 3.17962
      vertex 6.83365 1.09527 12.8204
    endloop
  endfacet
  facet normal 0.770497 -0.637444 0
    outer loop
      vertex 6.83365 1.09527 3.17962
      vertex 6.70557 0.940456 12.8499
      vertex 6.70557 0.940456 3.15009
    endloop
  endfacet
  facet normal 0.587763 0.809033 -0
    outer loop
      vertex 7.14268 -1.35092 3.24448
      vertex 6.98012 -1.23282 12.7939
      vertex 7.14268 -1.35092 12.7555
    endloop
  endfacet
  facet normal 0.587763 0.809033 0
    outer loop
      vertex 6.98012 -1.23282 12.7939
      vertex 7.14268 -1.35092 3.24448
      vertex 6.98012 -1.23282 3.2061
    endloop
  endfacet
  facet normal 0.844336 -0.535813 0
    outer loop
      vertex 6.59791 0.770805 12.8823
      vertex 6.70557 0.940456 3.15009
      vertex 6.70557 0.940456 12.8499
    endloop
  endfacet
  facet normal 0.844336 -0.535813 0
    outer loop
      vertex 6.70557 0.940456 3.15009
      vertex 6.59791 0.770805 12.8823
      vertex 6.59791 0.770805 3.11772
    endloop
  endfacet
  facet normal 0.904924 -0.425571 0.00146365
    outer loop
      vertex 6.51236 0.588999 12.9129
      vertex 6.59791 0.770805 12.8823
      vertex 6.52713 0.620399 12.911
    endloop
  endfacet
  facet normal 0.90483 -0.425774 0
    outer loop
      vertex 6.59791 0.770805 12.8823
      vertex 6.51236 0.588999 12.9129
      vertex 6.59791 0.770805 3.11772
    endloop
  endfacet
  facet normal 0.90483 -0.425774 0
    outer loop
      vertex 6.51236 0.588999 3.08706
      vertex 6.59791 0.770805 3.11772
      vertex 6.51236 0.588999 12.9129
    endloop
  endfacet
  facet normal 0.904926 -0.425567 -0.0014899
    outer loop
      vertex 6.59791 0.770805 3.11772
      vertex 6.51236 0.588999 3.08706
      vertex 6.52713 0.620399 3.08903
    endloop
  endfacet
  facet normal 0 1 -0
    outer loop
      vertex 9.6 -2.77128 0
      vertex 6.4 -2.77128 2.45
      vertex 9.6 -2.77128 2.45
    endloop
  endfacet
  facet normal 0 1 0
    outer loop
      vertex 6.4 -2.77128 2.45
      vertex 9.6 -2.77128 0
      vertex 6.4 -2.77128 0
    endloop
  endfacet
  facet normal -0.866018 0.500013 0
    outer loop
      vertex 11.2 0 0
      vertex 10.7622 -0.758265 1.99771
      vertex 11.2 0 1.95
    endloop
  endfacet
  facet normal -0.866025 0.5 -6.63009e-06
    outer loop
      vertex 9.6 -2.77128 0
      vertex 10.7622 -0.758265 1.99771
      vertex 11.2 0 0
    endloop
  endfacet
  facet normal -0.866017 0.500014 -2.55753e-05
    outer loop
      vertex 10.7622 -0.758265 1.99771
      vertex 9.6 -2.77128 0
      vertex 10.3313 -1.50457 2.14007
    endloop
  endfacet
  facet normal -0.866041 0.499973 6.8942e-06
    outer loop
      vertex 10.3313 -1.50457 2.14007
      vertex 9.6 -2.77128 0
      vertex 9.91415 -2.22715 2.37485
    endloop
  endfacet
  facet normal -0.866028 0.499996 0
    outer loop
      vertex 9.6 -2.77128 2.45
      vertex 9.91415 -2.22715 2.37485
      vertex 9.6 -2.77128 0
    endloop
  endfacet
  facet normal -0.866026 0.499999 2.90475e-05
    outer loop
      vertex 9.91415 -2.22715 2.37485
      vertex 9.6 -2.77128 2.45
      vertex 9.82195 -2.38685 2.45
    endloop
  endfacet
  facet normal 0 -1 0
    outer loop
      vertex 6.4 2.77128 0
      vertex 9.6 2.77128 2.45
      vertex 6.4 2.77128 2.45
    endloop
  endfacet
  facet normal 0 -1 -0
    outer loop
      vertex 9.6 2.77128 2.45
      vertex 6.4 2.77128 0
      vertex 9.6 2.77128 0
    endloop
  endfacet
  facet normal -0.866028 -0.499996 0
    outer loop
      vertex 9.91415 2.22715 2.37485
      vertex 9.6 2.77128 2.45
      vertex 9.6 2.77128 0
    endloop
  endfacet
  facet normal -0.866026 -0.499999 2.90475e-05
    outer loop
      vertex 9.6 2.77128 2.45
      vertex 9.91415 2.22715 2.37485
      vertex 9.82195 2.38685 2.45
    endloop
  endfacet
  facet normal -0.866041 -0.499973 6.8942e-06
    outer loop
      vertex 9.6 2.77128 0
      vertex 10.3313 1.50457 2.14007
      vertex 9.91415 2.22715 2.37485
    endloop
  endfacet
  facet normal -0.866017 -0.500014 -2.55753e-05
    outer loop
      vertex 9.6 2.77128 0
      vertex 10.7622 0.758265 1.99771
      vertex 10.3313 1.50457 2.14007
    endloop
  endfacet
  facet normal -0.866025 -0.5 -6.63009e-06
    outer loop
      vertex 11.2 0 0
      vertex 10.7622 0.758265 1.99771
      vertex 9.6 2.77128 0
    endloop
  endfacet
  facet normal -0.866018 -0.500013 0
    outer loop
      vertex 10.7622 0.758265 1.99771
      vertex 11.2 0 0
      vertex 11.2 0 1.95
    endloop
  endfacet
  facet normal 0.866026 -0.499999 0
    outer loop
      vertex 5 0.346411 2.45
      vertex 4.8 0 2.45
      vertex 5 0.346411 1.97179
    endloop
  endfacet
  facet normal 0.866026 -0.499999 2.90475e-05
    outer loop
      vertex 6.08585 2.22715 2.37485
      vertex 6.4 2.77128 2.45
      vertex 6.17805 2.38685 2.45
    endloop
  endfacet
  facet normal 0.866028 -0.499996 0
    outer loop
      vertex 6.4 2.77128 2.45
      vertex 6.08585 2.22715 2.37485
      vertex 6.4 2.77128 0
    endloop
  endfacet
  facet normal 0.866022 -0.500007 -3.3291e-06
    outer loop
      vertex 5.66866 1.50457 2.14007
      vertex 6.4 2.77128 0
      vertex 6.08585 2.22715 2.37485
    endloop
  endfacet
  facet normal 0.866025 -0.500001 1.31253e-06
    outer loop
      vertex 5.23778 0.758265 1.99771
      vertex 6.4 2.77128 0
      vertex 5.66866 1.50457 2.14007
    endloop
  endfacet
  facet normal 0.866029 -0.499994 -1.28584e-06
    outer loop
      vertex 4.8 0 0
      vertex 5.23778 0.758265 1.99771
      vertex 5 0.346411 1.97179
    endloop
  endfacet
  facet normal 0.866025 -0.5 2.04009e-06
    outer loop
      vertex 5.23778 0.758265 1.99771
      vertex 4.8 0 0
      vertex 6.4 2.77128 0
    endloop
  endfacet
  facet normal 0.866026 -0.499999 0
    outer loop
      vertex 4.8 0 0
      vertex 5 0.346411 1.97179
      vertex 4.8 0 2.45
    endloop
  endfacet
  facet normal 0.866026 0.499999 -0
    outer loop
      vertex 5 -0.346411 1.97179
      vertex 4.8 0 2.45
      vertex 5 -0.346411 2.45
    endloop
  endfacet
  facet normal 0.866026 0.499999 0
    outer loop
      vertex 4.8 0 2.45
      vertex 5 -0.346411 1.97179
      vertex 4.8 0 0
    endloop
  endfacet
  facet normal 0.866029 0.499994 -1.28584e-06
    outer loop
      vertex 5.23778 -0.758265 1.99771
      vertex 4.8 0 0
      vertex 5 -0.346411 1.97179
    endloop
  endfacet
  facet normal 0.866025 0.500001 1.31253e-06
    outer loop
      vertex 6.4 -2.77128 0
      vertex 5.23778 -0.758265 1.99771
      vertex 5.66866 -1.50457 2.14007
    endloop
  endfacet
  facet normal 0.866022 0.500007 -3.3291e-06
    outer loop
      vertex 6.4 -2.77128 0
      vertex 5.66866 -1.50457 2.14007
      vertex 6.08585 -2.22715 2.37485
    endloop
  endfacet
  facet normal 0.866026 0.499999 2.90475e-05
    outer loop
      vertex 6.4 -2.77128 2.45
      vertex 6.08585 -2.22715 2.37485
      vertex 6.17805 -2.38685 2.45
    endloop
  endfacet
  facet normal 0.866028 0.499996 0
    outer loop
      vertex 6.08585 -2.22715 2.37485
      vertex 6.4 -2.77128 2.45
      vertex 6.4 -2.77128 0
    endloop
  endfacet
  facet normal 0.866025 0.5 2.04009e-06
    outer loop
      vertex 5.23778 -0.758265 1.99771
      vertex 6.4 -2.77128 0
      vertex 4.8 0 0
    endloop
  endfacet
  facet normal 0 0 -1
    outer loop
      vertex 6.4 -2.77128 2.45
      vertex 9.82195 -2.38685 2.45
      vertex 9.6 -2.77128 2.45
    endloop
  endfacet
  facet normal -0 0 -1
    outer loop
      vertex 9.82195 -2.38685 2.45
      vertex 6.4 -2.77128 2.45
      vertex 6.17805 -2.38685 2.45
    endloop
  endfacet
  facet normal 0 0 -1
    outer loop
      vertex 9.82195 2.38685 2.45
      vertex 6.4 2.77128 2.45
      vertex 9.6 2.77128 2.45
    endloop
  endfacet
  facet normal 0 -0 -1
    outer loop
      vertex 6.4 2.77128 2.45
      vertex 9.82195 2.38685 2.45
      vertex 6.17805 2.38685 2.45
    endloop
  endfacet
  facet normal 0 -0 -1
    outer loop
      vertex 5 0.346411 2.45
      vertex 5 -0.346411 2.45
      vertex 4.8 0 2.45
    endloop
  endfacet
  facet normal 0 -0.187425 -0.982279
    outer loop
      vertex -30 1.50457 13.8599
      vertex -12.7541 0.758265 14.0023
      vertex -30 0.758265 14.0023
    endloop
  endfacet
  facet normal 0 -0.187425 -0.982279
    outer loop
      vertex -12.7541 0.758265 14.0023
      vertex -30 1.50457 13.8599
      vertex -12.5933 1.50457 13.8599
    endloop
  endfacet
  facet normal 0 -0.0627827 -0.998027
    outer loop
      vertex -30 0.758265 14.0023
      vertex -12.84 0 14.05
      vertex -30 0 14.05
    endloop
  endfacet
  facet normal 4.19519e-06 -0.0626881 -0.998033
    outer loop
      vertex -12.84 0 14.05
      vertex -30 0.758265 14.0023
      vertex -12.7935 0.410755 14.0242
    endloop
  endfacet
  facet normal 0 -0.062895 -0.99802
    outer loop
      vertex -12.7935 0.410755 14.0242
      vertex -30 0.758265 14.0023
      vertex -12.7541 0.758265 14.0023
    endloop
  endfacet
  facet normal 0 -0.30904 -0.951049
    outer loop
      vertex -30 2.22715 13.6251
      vertex -12.5933 1.50457 13.8599
      vertex -30 1.50457 13.8599
    endloop
  endfacet
  facet normal 2.55208e-05 -0.308484 -0.951229
    outer loop
      vertex -12.5933 1.50457 13.8599
      vertex -30 2.22715 13.6251
      vertex -12.5665 1.58752 13.833
    endloop
  endfacet
  facet normal 0 -0.309113 -0.951025
    outer loop
      vertex -12.5665 1.58752 13.833
      vertex -30 2.22715 13.6251
      vertex -12.2756 2.22715 13.6251
    endloop
  endfacet
  facet normal -0 0.187375 0.982289
    outer loop
      vertex -5.23778 -0.758265 1.99771
      vertex -5 -1.50457 2.14007
      vertex -5 -0.758265 1.99771
    endloop
  endfacet
  facet normal 0 0.187375 0.982289
    outer loop
      vertex -5 -1.50457 2.14007
      vertex -5.23778 -0.758265 1.99771
      vertex -5.66866 -1.50457 2.14007
    endloop
  endfacet
  facet normal 0 0.187375 0.982289
    outer loop
      vertex -30 -1.50457 2.14007
      vertex -10.7622 -0.758265 1.99771
      vertex -30 -0.758265 1.99771
    endloop
  endfacet
  facet normal 0 0.187375 0.982289
    outer loop
      vertex -10.7622 -0.758265 1.99771
      vertex -30 -1.50457 2.14007
      vertex -10.3313 -1.50457 2.14007
    endloop
  endfacet
  facet normal 0 -0.535652 -0.844439
    outer loop
      vertex -11.4912 3.38994 13
      vertex -5 3.5561 12.8946
      vertex -5 3.38994 13
    endloop
  endfacet
  facet normal 1.45045e-06 -0.535755 -0.844374
    outer loop
      vertex -30 3.5561 12.8946
      vertex -11.7454 3.09358 13.1881
      vertex -11.8001 3.02975 13.2286
    endloop
  endfacet
  facet normal -0.266737 -0.375067 -0.887793
    outer loop
      vertex -11.8815 2.91461 13.3017
      vertex -11.8001 3.02975 13.2286
      vertex -11.8729 2.92672 13.294
    endloop
  endfacet
  facet normal 0 -0.535825 -0.844329
    outer loop
      vertex -30 3.5561 12.8946
      vertex -11.8815 2.91461 13.3017
      vertex -30 2.91461 13.3017
    endloop
  endfacet
  facet normal -7.66897e-06 -0.535979 -0.844231
    outer loop
      vertex -11.8815 2.91461 13.3017
      vertex -30 3.5561 12.8946
      vertex -11.8001 3.02975 13.2286
    endloop
  endfacet
  facet normal 0 -0.535652 -0.844439
    outer loop
      vertex -11.4912 3.38994 13
      vertex -30 3.5561 12.8946
      vertex -5 3.5561 12.8946
    endloop
  endfacet
  facet normal -2.80317e-06 -0.535874 -0.844298
    outer loop
      vertex -11.7454 3.09358 13.1881
      vertex -30 3.5561 12.8946
      vertex -11.4912 3.38994 13
    endloop
  endfacet
  facet normal 0 0.535652 -0.844439
    outer loop
      vertex -5 -3.5561 12.8946
      vertex -11.4912 -3.38994 13
      vertex -5 -3.38994 13
    endloop
  endfacet
  facet normal -2.80317e-06 0.535874 -0.844298
    outer loop
      vertex -30 -3.5561 12.8946
      vertex -11.7454 -3.09358 13.1881
      vertex -11.4912 -3.38994 13
    endloop
  endfacet
  facet normal -0.266737 0.375067 -0.887793
    outer loop
      vertex -11.8001 -3.02975 13.2286
      vertex -11.8815 -2.91461 13.3017
      vertex -11.8729 -2.92672 13.294
    endloop
  endfacet
  facet normal 0 0.535652 -0.844439
    outer loop
      vertex -30 -3.5561 12.8946
      vertex -11.4912 -3.38994 13
      vertex -5 -3.5561 12.8946
    endloop
  endfacet
  facet normal 1.45045e-06 0.535755 -0.844374
    outer loop
      vertex -11.7454 -3.09358 13.1881
      vertex -30 -3.5561 12.8946
      vertex -11.8001 -3.02975 13.2286
    endloop
  endfacet
  facet normal -7.66897e-06 0.535979 -0.844231
    outer loop
      vertex -30 -3.5561 12.8946
      vertex -11.8815 -2.91461 13.3017
      vertex -11.8001 -3.02975 13.2286
    endloop
  endfacet
  facet normal 0 0.535825 -0.844329
    outer loop
      vertex -11.8815 -2.91461 13.3017
      vertex -30 -3.5561 12.8946
      vertex -30 -2.91461 13.3017
    endloop
  endfacet
  facet normal 0 -0.968581 0.248697
    outer loop
      vertex -30 5.75389 6.13045
      vertex -5 5.94284 6.86634
      vertex -30 5.94284 6.86634
    endloop
  endfacet
  facet normal 0 -0.968581 0.248697
    outer loop
      vertex -5 5.94284 6.86634
      vertex -30 5.75389 6.13045
      vertex -5 5.75389 6.13045
    endloop
  endfacet
  facet normal 0 0.968581 -0.248697
    outer loop
      vertex -5 -5.94284 9.13366
      vertex -30 -5.75389 9.86955
      vertex -5 -5.75389 9.86955
    endloop
  endfacet
  facet normal 0 0.968581 -0.248697
    outer loop
      vertex -30 -5.75389 9.86955
      vertex -5 -5.94284 9.13366
      vertex -30 -5.94284 9.13366
    endloop
  endfacet
  facet normal 0 -0.968581 -0.248697
    outer loop
      vertex -30 5.94284 9.13366
      vertex -5 5.75389 9.86955
      vertex -30 5.75389 9.86955
    endloop
  endfacet
  facet normal 0 -0.968581 -0.248697
    outer loop
      vertex -5 5.75389 9.86955
      vertex -30 5.94284 9.13366
      vertex -5 5.94284 9.13366
    endloop
  endfacet
  facet normal 0 0.062895 -0.99802
    outer loop
      vertex -30 -0.758265 14.0023
      vertex -12.7935 -0.410755 14.0242
      vertex -12.7541 -0.758265 14.0023
    endloop
  endfacet
  facet normal 4.19519e-06 0.0626881 -0.998033
    outer loop
      vertex -30 -0.758265 14.0023
      vertex -12.84 0 14.05
      vertex -12.7935 -0.410755 14.0242
    endloop
  endfacet
  facet normal 0 0.0627827 -0.998027
    outer loop
      vertex -12.84 0 14.05
      vertex -30 -0.758265 14.0023
      vertex -30 0 14.05
    endloop
  endfacet
  facet normal 0 -0.876307 0.481753
    outer loop
      vertex -30 5.10818 4.75825
      vertex -5 5.4742 5.42404
      vertex -30 5.4742 5.42404
    endloop
  endfacet
  facet normal 0 -0.876307 0.481753
    outer loop
      vertex -5 5.4742 5.42404
      vertex -30 5.10818 4.75825
      vertex -5 5.10818 4.75825
    endloop
  endfacet
  facet normal 0 -0.992115 -0.125327
    outer loop
      vertex -30 6.03806 8.37988
      vertex -5 5.94284 9.13366
      vertex -30 5.94284 9.13366
    endloop
  endfacet
  facet normal 0 -0.992115 -0.125327
    outer loop
      vertex -5 5.94284 9.13366
      vertex -30 6.03806 8.37988
      vertex -5 6.03806 8.37988
    endloop
  endfacet
  facet normal 0 -0.425678 -0.904875
    outer loop
      vertex -30 2.91461 13.3017
      vertex -12.2756 2.22715 13.6251
      vertex -30 2.22715 13.6251
    endloop
  endfacet
  facet normal 0 -0.425678 -0.904875
    outer loop
      vertex -12.2756 2.22715 13.6251
      vertex -30 2.91461 13.3017
      vertex -11.8815 2.91461 13.3017
    endloop
  endfacet
  facet normal 0 -0.992115 0.125327
    outer loop
      vertex -30 5.94284 6.86634
      vertex -5 6.03806 7.62012
      vertex -30 6.03806 7.62012
    endloop
  endfacet
  facet normal 0 -0.992115 0.125327
    outer loop
      vertex -5 6.03806 7.62012
      vertex -30 5.94284 6.86634
      vertex -5 5.94284 6.86634
    endloop
  endfacet
  facet normal 0 0.728975 0.68454
    outer loop
      vertex -5 -4.14151 3.58974
      vertex -30 -4.6616 4.14359
      vertex -5 -4.6616 4.14359
    endloop
  endfacet
  facet normal 0 0.728975 0.68454
    outer loop
      vertex -30 -4.6616 4.14359
      vertex -5 -4.14151 3.58974
      vertex -30 -4.14151 3.58974
    endloop
  endfacet
  facet normal -0 0.637421 0.770515
    outer loop
      vertex -30 -3.5561 3.10545
      vertex -5 -4.14151 3.58974
      vertex -5 -3.5561 3.10545
    endloop
  endfacet
  facet normal 0 0.637421 0.770515
    outer loop
      vertex -5 -4.14151 3.58974
      vertex -30 -3.5561 3.10545
      vertex -30 -4.14151 3.58974
    endloop
  endfacet
  facet normal 0 -1 0
    outer loop
      vertex -30 6.03806 7.62012
      vertex -5 6.03806 8.37988
      vertex -30 6.03806 8.37988
    endloop
  endfacet
  facet normal 0 -1 -0
    outer loop
      vertex -5 6.03806 8.37988
      vertex -30 6.03806 7.62012
      vertex -5 6.03806 7.62012
    endloop
  endfacet
  facet normal 0 -0.728975 0.68454
    outer loop
      vertex -30 4.14151 3.58974
      vertex -5 4.6616 4.14359
      vertex -30 4.6616 4.14359
    endloop
  endfacet
  facet normal 0 -0.728975 0.68454
    outer loop
      vertex -5 4.6616 4.14359
      vertex -30 4.14151 3.58974
      vertex -5 4.14151 3.58974
    endloop
  endfacet
  facet normal 0 0.309113 -0.951025
    outer loop
      vertex -30 -2.22715 13.6251
      vertex -12.5665 -1.58752 13.833
      vertex -12.2756 -2.22715 13.6251
    endloop
  endfacet
  facet normal 2.55208e-05 0.308484 -0.951229
    outer loop
      vertex -30 -2.22715 13.6251
      vertex -12.5933 -1.50457 13.8599
      vertex -12.5665 -1.58752 13.833
    endloop
  endfacet
  facet normal 0 0.30904 -0.951049
    outer loop
      vertex -12.5933 -1.50457 13.8599
      vertex -30 -2.22715 13.6251
      vertex -30 -1.50457 13.8599
    endloop
  endfacet
  facet normal 0 0.0628107 0.998025
    outer loop
      vertex -5 -0.758265 1.99771
      vertex -5 -0.346411 1.97179
      vertex -5.23778 -0.758265 1.99771
    endloop
  endfacet
  facet normal 0 0.0627958 0.998026
    outer loop
      vertex -30 -0.758265 1.99771
      vertex -11.2 0 1.95
      vertex -30 0 1.95
    endloop
  endfacet
  facet normal 0 0.0627958 0.998026
    outer loop
      vertex -11.2 0 1.95
      vertex -30 -0.758265 1.99771
      vertex -10.7622 -0.758265 1.99771
    endloop
  endfacet
  facet normal 0 0.425678 -0.904875
    outer loop
      vertex -30 -2.91461 13.3017
      vertex -12.2756 -2.22715 13.6251
      vertex -11.8815 -2.91461 13.3017
    endloop
  endfacet
  facet normal 0 0.425678 -0.904875
    outer loop
      vertex -12.2756 -2.22715 13.6251
      vertex -30 -2.91461 13.3017
      vertex -30 -2.22715 13.6251
    endloop
  endfacet
  facet normal 0 0.87631 -0.481747
    outer loop
      vertex -5 -5.4742 10.576
      vertex -30 -5.10818 11.2418
      vertex -5 -5.10818 11.2418
    endloop
  endfacet
  facet normal 0 0.87631 -0.481747
    outer loop
      vertex -30 -5.10818 11.2418
      vertex -5 -5.4742 10.576
      vertex -30 -5.4742 10.576
    endloop
  endfacet
  facet normal 0 -0.729006 -0.684507
    outer loop
      vertex -30 4.6616 11.8564
      vertex -5 4.14151 12.4103
      vertex -30 4.14151 12.4103
    endloop
  endfacet
  facet normal 0 -0.729006 -0.684507
    outer loop
      vertex -5 4.14151 12.4103
      vertex -30 4.6616 11.8564
      vertex -5 4.6616 11.8564
    endloop
  endfacet
  facet normal 0 -0.637429 -0.770509
    outer loop
      vertex -30 3.5561 12.8946
      vertex -5 4.14151 12.4103
      vertex -5 3.5561 12.8946
    endloop
  endfacet
  facet normal -0 -0.637429 -0.770509
    outer loop
      vertex -5 4.14151 12.4103
      vertex -30 3.5561 12.8946
      vertex -30 4.14151 12.4103
    endloop
  endfacet
  facet normal 0 0.929775 0.368127
    outer loop
      vertex -5 -5.4742 5.42404
      vertex -30 -5.75389 6.13045
      vertex -5 -5.75389 6.13045
    endloop
  endfacet
  facet normal 0 0.929775 0.368127
    outer loop
      vertex -30 -5.75389 6.13045
      vertex -5 -5.4742 5.42404
      vertex -30 -5.4742 5.42404
    endloop
  endfacet
  facet normal 0 -0.808988 -0.587826
    outer loop
      vertex -30 5.10818 11.2418
      vertex -5 4.6616 11.8564
      vertex -30 4.6616 11.8564
    endloop
  endfacet
  facet normal 0 -0.808988 -0.587826
    outer loop
      vertex -5 4.6616 11.8564
      vertex -30 5.10818 11.2418
      vertex -5 5.10818 11.2418
    endloop
  endfacet
  facet normal 0 0.929782 -0.368109
    outer loop
      vertex -5 -5.75389 9.86955
      vertex -30 -5.4742 10.576
      vertex -5 -5.4742 10.576
    endloop
  endfacet
  facet normal 0 0.929782 -0.368109
    outer loop
      vertex -30 -5.4742 10.576
      vertex -5 -5.75389 9.86955
      vertex -30 -5.75389 9.86955
    endloop
  endfacet
  facet normal 0 -0.637421 0.770515
    outer loop
      vertex -30 4.14151 3.58974
      vertex -5 3.5561 3.10545
      vertex -5 4.14151 3.58974
    endloop
  endfacet
  facet normal 0 -0.637421 0.770515
    outer loop
      vertex -5 3.5561 3.10545
      vertex -30 4.14151 3.58974
      vertex -30 3.5561 3.10545
    endloop
  endfacet
  facet normal 0 1 -0
    outer loop
      vertex -5 -6.03806 7.62012
      vertex -30 -6.03806 8.37988
      vertex -5 -6.03806 8.37988
    endloop
  endfacet
  facet normal 0 1 0
    outer loop
      vertex -30 -6.03806 8.37988
      vertex -5 -6.03806 7.62012
      vertex -30 -6.03806 7.62012
    endloop
  endfacet
  facet normal 0 0.992115 -0.125327
    outer loop
      vertex -5 -6.03806 8.37988
      vertex -30 -5.94284 9.13366
      vertex -5 -5.94284 9.13366
    endloop
  endfacet
  facet normal 0 0.992115 -0.125327
    outer loop
      vertex -30 -5.94284 9.13366
      vertex -5 -6.03806 8.37988
      vertex -30 -6.03806 8.37988
    endloop
  endfacet
  facet normal 0 -0.929782 -0.368109
    outer loop
      vertex -30 5.75389 9.86955
      vertex -5 5.4742 10.576
      vertex -30 5.4742 10.576
    endloop
  endfacet
  facet normal 0 -0.929782 -0.368109
    outer loop
      vertex -5 5.4742 10.576
      vertex -30 5.75389 9.86955
      vertex -5 5.75389 9.86955
    endloop
  endfacet
  facet normal 0 0.876307 0.481753
    outer loop
      vertex -5 -5.10818 4.75825
      vertex -30 -5.4742 5.42404
      vertex -5 -5.4742 5.42404
    endloop
  endfacet
  facet normal 0 0.876307 0.481753
    outer loop
      vertex -30 -5.4742 5.42404
      vertex -5 -5.10818 4.75825
      vertex -30 -5.10818 4.75825
    endloop
  endfacet
  facet normal -1 0 0
    outer loop
      vertex -5 -0.758265 1.99771
      vertex -5 -0.346411 2.45
      vertex -5 -0.346411 1.97179
    endloop
  endfacet
  facet normal -1 -0 0
    outer loop
      vertex -5 -0.346411 2.45
      vertex -5 -0.758265 1.99771
      vertex -5 -0.620399 3.08903
    endloop
  endfacet
  facet normal -1 0 0
    outer loop
      vertex -5 -0.758265 1.99771
      vertex -5 -1.23101 3.20551
      vertex -5 -0.620399 3.08903
    endloop
  endfacet
  facet normal -1 0 0
    outer loop
      vertex -5 -1.50457 2.14007
      vertex -5 -1.23101 3.20551
      vertex -5 -0.758265 1.99771
    endloop
  endfacet
  facet normal -1 0 0
    outer loop
      vertex -5 -1.50457 2.14007
      vertex -5 -1.82222 3.39761
      vertex -5 -1.23101 3.20551
    endloop
  endfacet
  facet normal -1 0 0
    outer loop
      vertex -5 -2.22715 2.37485
      vertex -5 -1.82222 3.39761
      vertex -5 -1.50457 2.14007
    endloop
  endfacet
  facet normal -1 0 0
    outer loop
      vertex -5 -2.22715 2.37485
      vertex -5 -2.38468 3.66228
      vertex -5 -1.82222 3.39761
    endloop
  endfacet
  facet normal -1 0 0
    outer loop
      vertex -5 -2.91461 2.69835
      vertex -5 -2.38468 3.66228
      vertex -5 -2.22715 2.37485
    endloop
  endfacet
  facet normal -1 -0 0
    outer loop
      vertex -5 -2.38468 3.66228
      vertex -5 -2.91461 2.69835
      vertex -5 -2.90954 3.99537
    endloop
  endfacet
  facet normal -1 0 0
    outer loop
      vertex -5 -3.5561 3.10545
      vertex -5 -2.90954 3.99537
      vertex -5 -2.91461 2.69835
    endloop
  endfacet
  facet normal -1 -0 0
    outer loop
      vertex -5 -2.90954 3.99537
      vertex -5 -3.5561 3.10545
      vertex -5 -3.38851 4.39161
    endloop
  endfacet
  facet normal -1 0 0
    outer loop
      vertex -5 -4.14151 3.58974
      vertex -5 -3.38851 4.39161
      vertex -5 -3.5561 3.10545
    endloop
  endfacet
  facet normal -1 -0 0
    outer loop
      vertex -5 -3.38851 4.39161
      vertex -5 -4.14151 3.58974
      vertex -5 -3.81404 4.84475
    endloop
  endfacet
  facet normal -1 0 0
    outer loop
      vertex -5 -4.6616 4.14359
      vertex -5 -3.81404 4.84475
      vertex -5 -4.14151 3.58974
    endloop
  endfacet
  facet normal -1 -0 0
    outer loop
      vertex -5 -3.81404 4.84475
      vertex -5 -4.6616 4.14359
      vertex -5 -4.17942 5.34766
    endloop
  endfacet
  facet normal -1 0 0
    outer loop
      vertex -5 -5.10818 4.75825
      vertex -5 -4.17942 5.34766
      vertex -5 -4.6616 4.14359
    endloop
  endfacet
  facet normal -1 -0 0
    outer loop
      vertex -5 -4.17942 5.34766
      vertex -5 -5.10818 4.75825
      vertex -5 -4.47889 5.89239
    endloop
  endfacet
  facet normal -1 0 0
    outer loop
      vertex -5 -5.4742 5.42404
      vertex -5 -4.47889 5.89239
      vertex -5 -5.10818 4.75825
    endloop
  endfacet
  facet normal -1 -0 0
    outer loop
      vertex -5 -4.47889 5.89239
      vertex -5 -5.4742 5.42404
      vertex -5 -4.70773 6.47037
    endloop
  endfacet
  facet normal -1 -0 0
    outer loop
      vertex -5 -4.70773 6.47037
      vertex -5 -5.75389 6.13045
      vertex -5 -4.86232 7.07246
    endloop
  endfacet
  facet normal -1 0 0
    outer loop
      vertex -5 -5.75389 6.13045
      vertex -5 -4.70773 6.47037
      vertex -5 -5.4742 5.42404
    endloop
  endfacet
  facet normal -1 0 0
    outer loop
      vertex -5 4.94023 7.68919
      vertex -5 6.03806 7.62012
      vertex -5 5.94284 6.86634
    endloop
  endfacet
  facet normal -1 0 0
    outer loop
      vertex -5 6.03806 7.62012
      vertex -5 4.94023 7.68919
      vertex -5 6.03806 8.37988
    endloop
  endfacet
  facet normal -1 0 0
    outer loop
      vertex -5 4.86232 7.07246
      vertex -5 5.94284 6.86634
      vertex -5 5.75389 6.13045
    endloop
  endfacet
  facet normal -1 0 0
    outer loop
      vertex -5 4.94023 8.31081
      vertex -5 6.03806 8.37988
      vertex -5 4.94023 7.68919
    endloop
  endfacet
  facet normal -1 0 0
    outer loop
      vertex -5 4.70773 6.47037
      vertex -5 5.75389 6.13045
      vertex -5 5.4742 5.42404
    endloop
  endfacet
  facet normal -1 -0 0
    outer loop
      vertex -5 6.03806 8.37988
      vertex -5 4.94023 8.31081
      vertex -5 5.94284 9.13366
    endloop
  endfacet
  facet normal -1 0 0
    outer loop
      vertex -5 4.47889 5.89239
      vertex -5 5.4742 5.42404
      vertex -5 5.10818 4.75825
    endloop
  endfacet
  facet normal -1 0 0
    outer loop
      vertex -5 4.86232 8.92754
      vertex -5 5.94284 9.13366
      vertex -5 4.94023 8.31081
    endloop
  endfacet
  facet normal -1 -0 0
    outer loop
      vertex -5 5.94284 9.13366
      vertex -5 4.86232 8.92754
      vertex -5 5.75389 9.86955
    endloop
  endfacet
  facet normal -1 0 0
    outer loop
      vertex -5 5.94284 6.86634
      vertex -5 4.86232 7.07246
      vertex -5 4.94023 7.68919
    endloop
  endfacet
  facet normal -1 0 0
    outer loop
      vertex -5 5.75389 6.13045
      vertex -5 4.70773 6.47037
      vertex -5 4.86232 7.07246
    endloop
  endfacet
  facet normal -1 0 0
    outer loop
      vertex -5 4.17942 5.34766
      vertex -5 5.10818 4.75825
      vertex -5 4.6616 4.14359
    endloop
  endfacet
  facet normal -1 0 0
    outer loop
      vertex -5 5.4742 5.42404
      vertex -5 4.47889 5.89239
      vertex -5 4.70773 6.47037
    endloop
  endfacet
  facet normal -1 0 0
    outer loop
      vertex -5 5.10818 4.75825
      vertex -5 4.17942 5.34766
      vertex -5 4.47889 5.89239
    endloop
  endfacet
  facet normal -1 0 0
    outer loop
      vertex -5 3.81404 4.84475
      vertex -5 4.6616 4.14359
      vertex -5 4.14151 3.58974
    endloop
  endfacet
  facet normal -1 0 0
    outer loop
      vertex -5 4.6616 4.14359
      vertex -5 3.81404 4.84475
      vertex -5 4.17942 5.34766
    endloop
  endfacet
  facet normal -1 0 0
    outer loop
      vertex -5 3.38851 4.39161
      vertex -5 4.14151 3.58974
      vertex -5 3.5561 3.10545
    endloop
  endfacet
  facet normal -1 0 0
    outer loop
      vertex -5 4.14151 3.58974
      vertex -5 3.38851 4.39161
      vertex -5 3.81404 4.84475
    endloop
  endfacet
  facet normal -1 0 0
    outer loop
      vertex -5 2.90954 3.99537
      vertex -5 3.5561 3.10545
      vertex -5 2.91461 2.69835
    endloop
  endfacet
  facet normal -1 0 0
    outer loop
      vertex -5 3.5561 3.10545
      vertex -5 2.90954 3.99537
      vertex -5 3.38851 4.39161
    endloop
  endfacet
  facet normal -1 0 0
    outer loop
      vertex -5 2.91461 2.69835
      vertex -5 2.38468 3.66228
      vertex -5 2.90954 3.99537
    endloop
  endfacet
  facet normal -1 0 0
    outer loop
      vertex -5 2.22715 2.37485
      vertex -5 2.38468 3.66228
      vertex -5 2.91461 2.69835
    endloop
  endfacet
  facet normal -1 0 0
    outer loop
      vertex -5 2.22715 2.37485
      vertex -5 1.82222 3.39761
      vertex -5 2.38468 3.66228
    endloop
  endfacet
  facet normal -1 0 0
    outer loop
      vertex -5 1.50457 2.14007
      vertex -5 1.82222 3.39761
      vertex -5 2.22715 2.37485
    endloop
  endfacet
  facet normal -1 0 0
    outer loop
      vertex -5 1.50457 2.14007
      vertex -5 1.23101 3.20551
      vertex -5 1.82222 3.39761
    endloop
  endfacet
  facet normal -1 0 0
    outer loop
      vertex -5 0.758265 1.99771
      vertex -5 1.23101 3.20551
      vertex -5 1.50457 2.14007
    endloop
  endfacet
  facet normal -1 0 0
    outer loop
      vertex -5 0.758265 1.99771
      vertex -5 0.620399 3.08903
      vertex -5 1.23101 3.20551
    endloop
  endfacet
  facet normal -1 0 0
    outer loop
      vertex -5 0.346411 2.45
      vertex -5 0.758265 1.99771
      vertex -5 0.346411 1.97179
    endloop
  endfacet
  facet normal -1 0 0
    outer loop
      vertex -5 0.758265 1.99771
      vertex -5 0.346411 2.45
      vertex -5 0.620399 3.08903
    endloop
  endfacet
  facet normal -1 0 0
    outer loop
      vertex -5 0.346411 2.45
      vertex -5 0 3.05
      vertex -5 0.620399 3.08903
    endloop
  endfacet
  facet normal -1 0 0
    outer loop
      vertex -5 -0.346411 2.45
      vertex -5 0 3.05
      vertex -5 0.346411 2.45
    endloop
  endfacet
  facet normal -1 -0 0
    outer loop
      vertex -5 0 3.05
      vertex -5 -0.346411 2.45
      vertex -5 -0.620399 3.08903
    endloop
  endfacet
  facet normal -1 0 0
    outer loop
      vertex -5 4.70773 9.52963
      vertex -5 5.75389 9.86955
      vertex -5 4.86232 8.92754
    endloop
  endfacet
  facet normal -1 -0 0
    outer loop
      vertex -5 5.75389 9.86955
      vertex -5 4.70773 9.52963
      vertex -5 5.4742 10.576
    endloop
  endfacet
  facet normal -1 0 0
    outer loop
      vertex -5 4.47889 10.1076
      vertex -5 5.4742 10.576
      vertex -5 4.70773 9.52963
    endloop
  endfacet
  facet normal -1 -0 0
    outer loop
      vertex -5 5.4742 10.576
      vertex -5 4.47889 10.1076
      vertex -5 5.10818 11.2418
    endloop
  endfacet
  facet normal -1 0 0
    outer loop
      vertex -5 4.17942 10.6523
      vertex -5 5.10818 11.2418
      vertex -5 4.47889 10.1076
    endloop
  endfacet
  facet normal -1 -0 0
    outer loop
      vertex -5 5.10818 11.2418
      vertex -5 4.17942 10.6523
      vertex -5 4.6616 11.8564
    endloop
  endfacet
  facet normal -1 0 0
    outer loop
      vertex -5 3.81404 11.1552
      vertex -5 4.6616 11.8564
      vertex -5 4.17942 10.6523
    endloop
  endfacet
  facet normal -1 -0 0
    outer loop
      vertex -5 4.6616 11.8564
      vertex -5 3.81404 11.1552
      vertex -5 4.14151 12.4103
    endloop
  endfacet
  facet normal -1 0 0
    outer loop
      vertex -5 3.38851 11.6084
      vertex -5 4.14151 12.4103
      vertex -5 3.81404 11.1552
    endloop
  endfacet
  facet normal -1 -0 0
    outer loop
      vertex -5 4.14151 12.4103
      vertex -5 3.38851 11.6084
      vertex -5 3.5561 12.8946
    endloop
  endfacet
  facet normal -1 0 0
    outer loop
      vertex -5 2.90954 12.0046
      vertex -5 3.5561 12.8946
      vertex -5 3.38851 11.6084
    endloop
  endfacet
  facet normal -1 -0 0
    outer loop
      vertex -5 3.5561 12.8946
      vertex -5 2.90954 12.0046
      vertex -5 3.38994 13
    endloop
  endfacet
  facet normal -1 0 0
    outer loop
      vertex -5 2.38468 12.3377
      vertex -5 3.38994 13
      vertex -5 2.90954 12.0046
    endloop
  endfacet
  facet normal -1 0 0
    outer loop
      vertex -5 1.82222 12.6024
      vertex -5 3.38994 13
      vertex -5 2.38468 12.3377
    endloop
  endfacet
  facet normal -1 0 0
    outer loop
      vertex -5 1.23101 12.7945
      vertex -5 3.38994 13
      vertex -5 1.82222 12.6024
    endloop
  endfacet
  facet normal -1 0 0
    outer loop
      vertex -5 0.620399 12.911
      vertex -5 3.38994 13
      vertex -5 1.23101 12.7945
    endloop
  endfacet
  facet normal -1 0 0
    outer loop
      vertex -5 0 12.95
      vertex -5 3.38994 13
      vertex -5 0.620399 12.911
    endloop
  endfacet
  facet normal -1 0 0
    outer loop
      vertex -5 0 12.95
      vertex -5 -3.38994 13
      vertex -5 3.38994 13
    endloop
  endfacet
  facet normal -1 0 0
    outer loop
      vertex -5 -0.620399 12.911
      vertex -5 -3.38994 13
      vertex -5 0 12.95
    endloop
  endfacet
  facet normal -1 0 0
    outer loop
      vertex -5 -1.23101 12.7945
      vertex -5 -3.38994 13
      vertex -5 -0.620399 12.911
    endloop
  endfacet
  facet normal -1 0 0
    outer loop
      vertex -5 -1.82222 12.6024
      vertex -5 -3.38994 13
      vertex -5 -1.23101 12.7945
    endloop
  endfacet
  facet normal -1 0 0
    outer loop
      vertex -5 -2.38468 12.3377
      vertex -5 -3.38994 13
      vertex -5 -1.82222 12.6024
    endloop
  endfacet
  facet normal -1 0 0
    outer loop
      vertex -5 -2.90954 12.0046
      vertex -5 -3.38994 13
      vertex -5 -2.38468 12.3377
    endloop
  endfacet
  facet normal -1 0 0
    outer loop
      vertex -5 -3.5561 12.8946
      vertex -5 -2.90954 12.0046
      vertex -5 -3.38851 11.6084
    endloop
  endfacet
  facet normal -1 0 0
    outer loop
      vertex -5 -2.90954 12.0046
      vertex -5 -3.5561 12.8946
      vertex -5 -3.38994 13
    endloop
  endfacet
  facet normal -1 0 0
    outer loop
      vertex -5 -4.14151 12.4103
      vertex -5 -3.38851 11.6084
      vertex -5 -3.81404 11.1552
    endloop
  endfacet
  facet normal -1 0 0
    outer loop
      vertex -5 -3.38851 11.6084
      vertex -5 -4.14151 12.4103
      vertex -5 -3.5561 12.8946
    endloop
  endfacet
  facet normal -1 0 0
    outer loop
      vertex -5 -4.6616 11.8564
      vertex -5 -3.81404 11.1552
      vertex -5 -4.17942 10.6523
    endloop
  endfacet
  facet normal -1 0 0
    outer loop
      vertex -5 -5.10818 11.2418
      vertex -5 -4.17942 10.6523
      vertex -5 -4.47889 10.1076
    endloop
  endfacet
  facet normal -1 0 0
    outer loop
      vertex -5 -3.81404 11.1552
      vertex -5 -4.6616 11.8564
      vertex -5 -4.14151 12.4103
    endloop
  endfacet
  facet normal -1 0 0
    outer loop
      vertex -5 -5.4742 10.576
      vertex -5 -4.47889 10.1076
      vertex -5 -4.70773 9.52963
    endloop
  endfacet
  facet normal -1 0 0
    outer loop
      vertex -5 -5.75389 9.86955
      vertex -5 -4.70773 9.52963
      vertex -5 -4.86232 8.92754
    endloop
  endfacet
  facet normal -1 0 0
    outer loop
      vertex -5 -5.94284 9.13366
      vertex -5 -4.86232 8.92754
      vertex -5 -4.94023 8.31081
    endloop
  endfacet
  facet normal -1 0 0
    outer loop
      vertex -5 -4.17942 10.6523
      vertex -5 -5.10818 11.2418
      vertex -5 -4.6616 11.8564
    endloop
  endfacet
  facet normal -1 0 0
    outer loop
      vertex -5 -5.94284 6.86634
      vertex -5 -4.86232 7.07246
      vertex -5 -5.75389 6.13045
    endloop
  endfacet
  facet normal -1 -0 0
    outer loop
      vertex -5 -4.86232 7.07246
      vertex -5 -5.94284 6.86634
      vertex -5 -4.94023 7.68919
    endloop
  endfacet
  facet normal -1 0 0
    outer loop
      vertex -5 -4.47889 10.1076
      vertex -5 -5.4742 10.576
      vertex -5 -5.10818 11.2418
    endloop
  endfacet
  facet normal -1 0 0
    outer loop
      vertex -5 -6.03806 7.62012
      vertex -5 -4.94023 7.68919
      vertex -5 -5.94284 6.86634
    endloop
  endfacet
  facet normal -1 0 0
    outer loop
      vertex -5 -4.70773 9.52963
      vertex -5 -5.75389 9.86955
      vertex -5 -5.4742 10.576
    endloop
  endfacet
  facet normal -1 -0 0
    outer loop
      vertex -5 -4.94023 7.68919
      vertex -5 -6.03806 7.62012
      vertex -5 -4.94023 8.31081
    endloop
  endfacet
  facet normal -1 0 0
    outer loop
      vertex -5 -4.86232 8.92754
      vertex -5 -5.94284 9.13366
      vertex -5 -5.75389 9.86955
    endloop
  endfacet
  facet normal -1 0 0
    outer loop
      vertex -5 -6.03806 8.37988
      vertex -5 -4.94023 8.31081
      vertex -5 -6.03806 7.62012
    endloop
  endfacet
  facet normal -1 0 0
    outer loop
      vertex -5 -4.94023 8.31081
      vertex -5 -6.03806 8.37988
      vertex -5 -5.94284 9.13366
    endloop
  endfacet
  facet normal 0 0.968581 0.248697
    outer loop
      vertex -5 -5.75389 6.13045
      vertex -30 -5.94284 6.86634
      vertex -5 -5.94284 6.86634
    endloop
  endfacet
  facet normal 0 0.968581 0.248697
    outer loop
      vertex -30 -5.94284 6.86634
      vertex -5 -5.75389 6.13045
      vertex -30 -5.75389 6.13045
    endloop
  endfacet
  facet normal 0 -0.187375 0.982289
    outer loop
      vertex -5 1.50457 2.14007
      vertex -5.23778 0.758265 1.99771
      vertex -5 0.758265 1.99771
    endloop
  endfacet
  facet normal 0 -0.187375 0.982289
    outer loop
      vertex -5.23778 0.758265 1.99771
      vertex -5 1.50457 2.14007
      vertex -5.66866 1.50457 2.14007
    endloop
  endfacet
  facet normal 0 -0.187375 0.982289
    outer loop
      vertex -30 1.50457 2.14007
      vertex -10.7622 0.758265 1.99771
      vertex -10.3313 1.50457 2.14007
    endloop
  endfacet
  facet normal 0 -0.187375 0.982289
    outer loop
      vertex -10.7622 0.758265 1.99771
      vertex -30 1.50457 2.14007
      vertex -30 0.758265 1.99771
    endloop
  endfacet
  facet normal -0 0.309016 0.951057
    outer loop
      vertex -5.66866 -1.50457 2.14007
      vertex -5 -2.22715 2.37485
      vertex -5 -1.50457 2.14007
    endloop
  endfacet
  facet normal 0 0.309016 0.951057
    outer loop
      vertex -5 -2.22715 2.37485
      vertex -5.66866 -1.50457 2.14007
      vertex -6.08585 -2.22715 2.37485
    endloop
  endfacet
  facet normal 0 0.309016 0.951057
    outer loop
      vertex -30 -2.22715 2.37485
      vertex -10.3313 -1.50457 2.14007
      vertex -30 -1.50457 2.14007
    endloop
  endfacet
  facet normal 0 0.309016 0.951057
    outer loop
      vertex -10.3313 -1.50457 2.14007
      vertex -30 -2.22715 2.37485
      vertex -9.91415 -2.22715 2.37485
    endloop
  endfacet
  facet normal 0 0.637429 -0.770509
    outer loop
      vertex -30 -4.14151 12.4103
      vertex -5 -3.5561 12.8946
      vertex -5 -4.14151 12.4103
    endloop
  endfacet
  facet normal 0 0.637429 -0.770509
    outer loop
      vertex -5 -3.5561 12.8946
      vertex -30 -4.14151 12.4103
      vertex -30 -3.5561 12.8946
    endloop
  endfacet
  facet normal 0 -0.87631 -0.481747
    outer loop
      vertex -30 5.4742 10.576
      vertex -5 5.10818 11.2418
      vertex -30 5.10818 11.2418
    endloop
  endfacet
  facet normal 0 -0.87631 -0.481747
    outer loop
      vertex -5 5.10818 11.2418
      vertex -30 5.4742 10.576
      vertex -5 5.4742 10.576
    endloop
  endfacet
  facet normal 0 0.187425 -0.982279
    outer loop
      vertex -30 -1.50457 13.8599
      vertex -12.7541 -0.758265 14.0023
      vertex -12.5933 -1.50457 13.8599
    endloop
  endfacet
  facet normal 0 0.187425 -0.982279
    outer loop
      vertex -12.7541 -0.758265 14.0023
      vertex -30 -1.50457 13.8599
      vertex -30 -0.758265 14.0023
    endloop
  endfacet
  facet normal 0 -0.535825 0.844329
    outer loop
      vertex -30 3.5561 3.10545
      vertex -5 2.91461 2.69835
      vertex -5 3.5561 3.10545
    endloop
  endfacet
  facet normal 0 -0.535825 0.844329
    outer loop
      vertex -5 2.91461 2.69835
      vertex -30 3.5561 3.10545
      vertex -30 2.91461 2.69835
    endloop
  endfacet
  facet normal -0 0.535825 0.844329
    outer loop
      vertex -30 -2.91461 2.69835
      vertex -5 -3.5561 3.10545
      vertex -5 -2.91461 2.69835
    endloop
  endfacet
  facet normal 0 0.535825 0.844329
    outer loop
      vertex -5 -3.5561 3.10545
      vertex -30 -2.91461 2.69835
      vertex -30 -3.5561 3.10545
    endloop
  endfacet
  facet normal 0 0.809015 0.587788
    outer loop
      vertex -5 -4.6616 4.14359
      vertex -30 -5.10818 4.75825
      vertex -5 -5.10818 4.75825
    endloop
  endfacet
  facet normal 0 0.809015 0.587788
    outer loop
      vertex -30 -5.10818 4.75825
      vertex -5 -4.6616 4.14359
      vertex -30 -4.6616 4.14359
    endloop
  endfacet
  facet normal 0 -0.929775 0.368127
    outer loop
      vertex -30 5.4742 5.42404
      vertex -5 5.75389 6.13045
      vertex -30 5.75389 6.13045
    endloop
  endfacet
  facet normal 0 -0.929775 0.368127
    outer loop
      vertex -5 5.75389 6.13045
      vertex -30 5.4742 5.42404
      vertex -5 5.4742 5.42404
    endloop
  endfacet
  facet normal 0 -0.0628107 0.998025
    outer loop
      vertex -5 0.346411 1.97179
      vertex -5 0.758265 1.99771
      vertex -5.23778 0.758265 1.99771
    endloop
  endfacet
  facet normal 0 -0.0627958 0.998026
    outer loop
      vertex -30 0.758265 1.99771
      vertex -11.2 0 1.95
      vertex -10.7622 0.758265 1.99771
    endloop
  endfacet
  facet normal 0 -0.0627958 0.998026
    outer loop
      vertex -11.2 0 1.95
      vertex -30 0.758265 1.99771
      vertex -30 0 1.95
    endloop
  endfacet
  facet normal 0 -0.309016 0.951057
    outer loop
      vertex -5 2.22715 2.37485
      vertex -5.66866 1.50457 2.14007
      vertex -5 1.50457 2.14007
    endloop
  endfacet
  facet normal 0 -0.309016 0.951057
    outer loop
      vertex -5.66866 1.50457 2.14007
      vertex -5 2.22715 2.37485
      vertex -6.08585 2.22715 2.37485
    endloop
  endfacet
  facet normal 0 -0.309016 0.951057
    outer loop
      vertex -30 2.22715 2.37485
      vertex -10.3313 1.50457 2.14007
      vertex -9.91415 2.22715 2.37485
    endloop
  endfacet
  facet normal 0 -0.309016 0.951057
    outer loop
      vertex -10.3313 1.50457 2.14007
      vertex -30 2.22715 2.37485
      vertex -30 1.50457 2.14007
    endloop
  endfacet
  facet normal 0 0.808988 -0.587826
    outer loop
      vertex -5 -5.10818 11.2418
      vertex -30 -4.6616 11.8564
      vertex -5 -4.6616 11.8564
    endloop
  endfacet
  facet normal 0 0.808988 -0.587826
    outer loop
      vertex -30 -4.6616 11.8564
      vertex -5 -5.10818 11.2418
      vertex -30 -5.10818 11.2418
    endloop
  endfacet
  facet normal 0 0.729006 -0.684507
    outer loop
      vertex -5 -4.6616 11.8564
      vertex -30 -4.14151 12.4103
      vertex -5 -4.14151 12.4103
    endloop
  endfacet
  facet normal 0 0.729006 -0.684507
    outer loop
      vertex -30 -4.14151 12.4103
      vertex -5 -4.6616 11.8564
      vertex -30 -4.6616 11.8564
    endloop
  endfacet
  facet normal 0 0.992115 0.125327
    outer loop
      vertex -5 -5.94284 6.86634
      vertex -30 -6.03806 7.62012
      vertex -5 -6.03806 7.62012
    endloop
  endfacet
  facet normal 0 0.992115 0.125327
    outer loop
      vertex -30 -6.03806 7.62012
      vertex -5 -5.94284 6.86634
      vertex -30 -5.94284 6.86634
    endloop
  endfacet
  facet normal 0 -0.809015 0.587788
    outer loop
      vertex -30 4.6616 4.14359
      vertex -5 5.10818 4.75825
      vertex -30 5.10818 4.75825
    endloop
  endfacet
  facet normal 0 -0.809015 0.587788
    outer loop
      vertex -5 5.10818 4.75825
      vertex -30 4.6616 4.14359
      vertex -5 4.6616 4.14359
    endloop
  endfacet
  facet normal -0 0.425786 0.904824
    outer loop
      vertex -6.08585 -2.22715 2.37485
      vertex -5 -2.91461 2.69835
      vertex -5 -2.22715 2.37485
    endloop
  endfacet
  facet normal -1.2648e-06 0.425784 0.904825
    outer loop
      vertex -6.17805 -2.38685 2.45
      vertex -5 -2.91461 2.69835
      vertex -6.08585 -2.22715 2.37485
    endloop
  endfacet
  facet normal -0 0.425786 0.904824
    outer loop
      vertex -9.82195 -2.38685 2.45
      vertex -5 -2.91461 2.69835
      vertex -6.17805 -2.38685 2.45
    endloop
  endfacet
  facet normal 0 0.425786 0.904824
    outer loop
      vertex -30 -2.91461 2.69835
      vertex -9.91415 -2.22715 2.37485
      vertex -30 -2.22715 2.37485
    endloop
  endfacet
  facet normal 9.15587e-08 0.425783 0.904825
    outer loop
      vertex -9.91415 -2.22715 2.37485
      vertex -30 -2.91461 2.69835
      vertex -9.82195 -2.38685 2.45
    endloop
  endfacet
  facet normal 0 0.425786 0.904824
    outer loop
      vertex -9.82195 -2.38685 2.45
      vertex -30 -2.91461 2.69835
      vertex -5 -2.91461 2.69835
    endloop
  endfacet
  facet normal 0 -0.425786 0.904824
    outer loop
      vertex -5 2.91461 2.69835
      vertex -6.08585 2.22715 2.37485
      vertex -5 2.22715 2.37485
    endloop
  endfacet
  facet normal -1.2648e-06 -0.425784 0.904825
    outer loop
      vertex -5 2.91461 2.69835
      vertex -6.17805 2.38685 2.45
      vertex -6.08585 2.22715 2.37485
    endloop
  endfacet
  facet normal 0 -0.425786 0.904824
    outer loop
      vertex -5 2.91461 2.69835
      vertex -9.82195 2.38685 2.45
      vertex -6.17805 2.38685 2.45
    endloop
  endfacet
  facet normal 0 -0.425786 0.904824
    outer loop
      vertex -30 2.91461 2.69835
      vertex -9.82195 2.38685 2.45
      vertex -5 2.91461 2.69835
    endloop
  endfacet
  facet normal 9.15587e-08 -0.425783 0.904825
    outer loop
      vertex -30 2.91461 2.69835
      vertex -9.91415 2.22715 2.37485
      vertex -9.82195 2.38685 2.45
    endloop
  endfacet
  facet normal 0 -0.425786 0.904824
    outer loop
      vertex -9.91415 2.22715 2.37485
      vertex -30 2.91461 2.69835
      vertex -30 2.22715 2.37485
    endloop
  endfacet
  facet normal 0 0.876305 -0.481756
    outer loop
      vertex -5 4.17942 5.34766
      vertex -30 4.47889 5.89239
      vertex -5 4.47889 5.89239
    endloop
  endfacet
  facet normal 0 0.876305 -0.481756
    outer loop
      vertex -30 4.47889 5.89239
      vertex -5 4.17942 5.34766
      vertex -30 4.17942 5.34766
    endloop
  endfacet
  facet normal 0 -0.968583 0.248689
    outer loop
      vertex -30 -4.86232 8.92754
      vertex -5 -4.70773 9.52963
      vertex -30 -4.70773 9.52963
    endloop
  endfacet
  facet normal 0 -0.968583 0.248689
    outer loop
      vertex -5 -4.70773 9.52963
      vertex -30 -4.86232 8.92754
      vertex -5 -4.86232 8.92754
    endloop
  endfacet
  facet normal 0 0.187412 0.982281
    outer loop
      vertex -5 1.23101 12.7945
      vertex -6.52713 0.620399 12.911
      vertex -5 0.620399 12.911
    endloop
  endfacet
  facet normal -8.05054e-06 0.187431 0.982278
    outer loop
      vertex -5 1.23101 12.7945
      vertex -6.59791 0.770805 12.8823
      vertex -6.52713 0.620399 12.911
    endloop
  endfacet
  facet normal -4.68229e-05 0.187561 0.982253
    outer loop
      vertex -5 1.23101 12.7945
      vertex -6.70557 0.940456 12.8499
      vertex -6.59791 0.770805 12.8823
    endloop
  endfacet
  facet normal 1.74533e-05 0.187197 0.982322
    outer loop
      vertex -5 1.23101 12.7945
      vertex -6.83365 1.09527 12.8204
      vertex -6.70557 0.940456 12.8499
    endloop
  endfacet
  facet normal 0 0.187425 0.982279
    outer loop
      vertex -6.83365 1.09527 12.8204
      vertex -5 1.23101 12.7945
      vertex -6.9782 1.23101 12.7945
    endloop
  endfacet
  facet normal -0 0.187425 0.982279
    outer loop
      vertex -30 1.23101 12.7945
      vertex -9.16635 1.09527 12.8204
      vertex -9.0218 1.23101 12.7945
    endloop
  endfacet
  facet normal -1.62147e-06 0.187185 0.982325
    outer loop
      vertex -30 1.23101 12.7945
      vertex -9.29443 0.940456 12.8499
      vertex -9.16635 1.09527 12.8204
    endloop
  endfacet
  facet normal 4.23614e-06 0.187587 0.982248
    outer loop
      vertex -30 1.23101 12.7945
      vertex -9.40209 0.770805 12.8823
      vertex -9.29443 0.940456 12.8499
    endloop
  endfacet
  facet normal 7.01796e-07 0.187435 0.982277
    outer loop
      vertex -30 1.23101 12.7945
      vertex -9.47287 0.620399 12.911
      vertex -9.40209 0.770805 12.8823
    endloop
  endfacet
  facet normal 0 0.187412 0.982281
    outer loop
      vertex -9.47287 0.620399 12.911
      vertex -30 1.23101 12.7945
      vertex -30 0.620399 12.911
    endloop
  endfacet
  facet normal 4.28143e-06 0.0627389 0.99803
    outer loop
      vertex -6.41262 0.200533 12.9374
      vertex -5 0 12.95
      vertex -5 0.620399 12.911
    endloop
  endfacet
  facet normal 0 0.0627089 0.998032
    outer loop
      vertex -5 0 12.95
      vertex -6.41262 0.200533 12.9374
      vertex -6.4 0 12.95
    endloop
  endfacet
  facet normal 1.4328e-05 0.0627053 0.998032
    outer loop
      vertex -5 0.620399 12.911
      vertex -6.45027 0.397903 12.925
      vertex -6.41262 0.200533 12.9374
    endloop
  endfacet
  facet normal -5.7823e-05 0.0631737 0.998003
    outer loop
      vertex -5 0.620399 12.911
      vertex -6.51236 0.588999 12.9129
      vertex -6.45027 0.397903 12.925
    endloop
  endfacet
  facet normal 0 0.0603991 0.998174
    outer loop
      vertex -6.51236 0.588999 12.9129
      vertex -5 0.620399 12.911
      vertex -6.52713 0.620399 12.911
    endloop
  endfacet
  facet normal -0 0.0603991 0.998174
    outer loop
      vertex -30 0.620399 12.911
      vertex -9.48764 0.588999 12.9129
      vertex -9.47287 0.620399 12.911
    endloop
  endfacet
  facet normal 4.28987e-06 0.063191 0.998001
    outer loop
      vertex -30 0.620399 12.911
      vertex -9.54973 0.397903 12.925
      vertex -9.48764 0.588999 12.9129
    endloop
  endfacet
  facet normal -1.04367e-06 0.0627027 0.998032
    outer loop
      vertex -30 0.620399 12.911
      vertex -9.58738 0.200533 12.9374
      vertex -9.54973 0.397903 12.925
    endloop
  endfacet
  facet normal -9.15461e-07 0.0627089 0.998032
    outer loop
      vertex -30 0.620399 12.911
      vertex -9.6 0 12.95
      vertex -9.58738 0.200533 12.9374
    endloop
  endfacet
  facet normal 0 0.0627389 0.99803
    outer loop
      vertex -9.6 0 12.95
      vertex -30 0.620399 12.911
      vertex -30 0 12.95
    endloop
  endfacet
  facet normal 0 0.309023 0.951055
    outer loop
      vertex -5 1.82222 12.6024
      vertex -6.9782 1.23101 12.7945
      vertex -5 1.23101 12.7945
    endloop
  endfacet
  facet normal -0.00141471 0.313301 0.949653
    outer loop
      vertex -5 1.82222 12.6024
      vertex -6.98012 1.23282 12.7939
      vertex -6.9782 1.23101 12.7945
    endloop
  endfacet
  facet normal -4.84932e-05 0.309153 0.951012
    outer loop
      vertex -5 1.82222 12.6024
      vertex -7.14268 1.35092 12.7555
      vertex -6.98012 1.23282 12.7939
    endloop
  endfacet
  facet normal 6.96362e-05 0.308667 0.95117
    outer loop
      vertex -5 1.82222 12.6024
      vertex -7.31875 1.44772 12.7241
      vertex -7.14268 1.35092 12.7555
    endloop
  endfacet
  facet normal -9.17516e-05 0.309571 0.950876
    outer loop
      vertex -5 1.82222 12.6024
      vertex -7.50557 1.52169 12.7
      vertex -7.31875 1.44772 12.7241
    endloop
  endfacet
  facet normal 4.39428e-05 0.308548 0.951209
    outer loop
      vertex -5 1.82222 12.6024
      vertex -7.70019 1.57166 12.6838
      vertex -7.50557 1.52169 12.7
    endloop
  endfacet
  facet normal -3.98318e-05 0.309364 0.950944
    outer loop
      vertex -5 1.82222 12.6024
      vertex -7.89953 1.59684 12.6756
      vertex -7.70019 1.57166 12.6838
    endloop
  endfacet
  facet normal 0 0.308901 0.951094
    outer loop
      vertex -5 1.82222 12.6024
      vertex -8.10046 1.59684 12.6756
      vertex -7.89953 1.59684 12.6756
    endloop
  endfacet
  facet normal -0 0.308901 0.951094
    outer loop
      vertex -30 1.82222 12.6024
      vertex -8.10046 1.59684 12.6756
      vertex -5 1.82222 12.6024
    endloop
  endfacet
  facet normal 7.87661e-06 0.309593 0.950869
    outer loop
      vertex -30 1.82222 12.6024
      vertex -8.29981 1.57166 12.6838
      vertex -8.10046 1.59684 12.6756
    endloop
  endfacet
  facet normal -7.12396e-06 0.308418 0.951251
    outer loop
      vertex -30 1.82222 12.6024
      vertex -8.49443 1.52169 12.7
      vertex -8.29981 1.57166 12.6838
    endloop
  endfacet
  facet normal 1.34525e-05 0.30975 0.950818
    outer loop
      vertex -30 1.82222 12.6024
      vertex -8.68125 1.44772 12.7241
      vertex -8.49443 1.52169 12.7
    endloop
  endfacet
  facet normal -9.49597e-06 0.308568 0.951202
    outer loop
      vertex -30 1.82222 12.6024
      vertex -8.85732 1.35092 12.7555
      vertex -8.68125 1.44772 12.7241
    endloop
  endfacet
  facet normal 6.21171e-06 0.309206 0.950995
    outer loop
      vertex -30 1.82222 12.6024
      vertex -9.01988 1.23282 12.7939
      vertex -8.85732 1.35092 12.7555
    endloop
  endfacet
  facet normal 0.000170527 0.314491 0.94926
    outer loop
      vertex -30 1.82222 12.6024
      vertex -9.0218 1.23101 12.7945
      vertex -9.01988 1.23282 12.7939
    endloop
  endfacet
  facet normal 0 0.309023 0.951055
    outer loop
      vertex -9.0218 1.23101 12.7945
      vertex -30 1.82222 12.6024
      vertex -30 1.23101 12.7945
    endloop
  endfacet
  facet normal 0 0.929773 0.368132
    outer loop
      vertex -5 4.70773 9.52963
      vertex -30 4.47889 10.1076
      vertex -5 4.47889 10.1076
    endloop
  endfacet
  facet normal 0 0.929773 0.368132
    outer loop
      vertex -30 4.47889 10.1076
      vertex -5 4.70773 9.52963
      vertex -30 4.70773 9.52963
    endloop
  endfacet
  facet normal 0 -0.309023 0.951055
    outer loop
      vertex -6.9782 -1.23101 12.7945
      vertex -5 -1.82222 12.6024
      vertex -5 -1.23101 12.7945
    endloop
  endfacet
  facet normal -0.00141471 -0.313301 0.949653
    outer loop
      vertex -6.98012 -1.23282 12.7939
      vertex -5 -1.82222 12.6024
      vertex -6.9782 -1.23101 12.7945
    endloop
  endfacet
  facet normal -4.84932e-05 -0.309153 0.951012
    outer loop
      vertex -7.14268 -1.35092 12.7555
      vertex -5 -1.82222 12.6024
      vertex -6.98012 -1.23282 12.7939
    endloop
  endfacet
  facet normal 6.96362e-05 -0.308667 0.95117
    outer loop
      vertex -7.31875 -1.44772 12.7241
      vertex -5 -1.82222 12.6024
      vertex -7.14268 -1.35092 12.7555
    endloop
  endfacet
  facet normal -9.17516e-05 -0.309571 0.950876
    outer loop
      vertex -7.50557 -1.52169 12.7
      vertex -5 -1.82222 12.6024
      vertex -7.31875 -1.44772 12.7241
    endloop
  endfacet
  facet normal 4.39428e-05 -0.308548 0.951209
    outer loop
      vertex -7.70019 -1.57166 12.6838
      vertex -5 -1.82222 12.6024
      vertex -7.50557 -1.52169 12.7
    endloop
  endfacet
  facet normal -3.98318e-05 -0.309364 0.950944
    outer loop
      vertex -7.89953 -1.59684 12.6756
      vertex -5 -1.82222 12.6024
      vertex -7.70019 -1.57166 12.6838
    endloop
  endfacet
  facet normal 0 -0.308901 0.951094
    outer loop
      vertex -8.10046 -1.59684 12.6756
      vertex -5 -1.82222 12.6024
      vertex -7.89953 -1.59684 12.6756
    endloop
  endfacet
  facet normal 0 -0.309023 0.951055
    outer loop
      vertex -30 -1.82222 12.6024
      vertex -9.0218 -1.23101 12.7945
      vertex -30 -1.23101 12.7945
    endloop
  endfacet
  facet normal 0.000170527 -0.314491 0.94926
    outer loop
      vertex -9.0218 -1.23101 12.7945
      vertex -30 -1.82222 12.6024
      vertex -9.01988 -1.23282 12.7939
    endloop
  endfacet
  facet normal 6.21171e-06 -0.309206 0.950995
    outer loop
      vertex -9.01988 -1.23282 12.7939
      vertex -30 -1.82222 12.6024
      vertex -8.85732 -1.35092 12.7555
    endloop
  endfacet
  facet normal -9.49597e-06 -0.308568 0.951202
    outer loop
      vertex -8.85732 -1.35092 12.7555
      vertex -30 -1.82222 12.6024
      vertex -8.68125 -1.44772 12.7241
    endloop
  endfacet
  facet normal 1.34525e-05 -0.30975 0.950818
    outer loop
      vertex -8.68125 -1.44772 12.7241
      vertex -30 -1.82222 12.6024
      vertex -8.49443 -1.52169 12.7
    endloop
  endfacet
  facet normal -7.12396e-06 -0.308418 0.951251
    outer loop
      vertex -8.49443 -1.52169 12.7
      vertex -30 -1.82222 12.6024
      vertex -8.29981 -1.57166 12.6838
    endloop
  endfacet
  facet normal 7.87661e-06 -0.309593 0.950869
    outer loop
      vertex -8.29981 -1.57166 12.6838
      vertex -30 -1.82222 12.6024
      vertex -8.10046 -1.59684 12.6756
    endloop
  endfacet
  facet normal 0 -0.308901 0.951094
    outer loop
      vertex -8.10046 -1.59684 12.6756
      vertex -30 -1.82222 12.6024
      vertex -5 -1.82222 12.6024
    endloop
  endfacet
  facet normal 0 -0.0627089 0.998032
    outer loop
      vertex -6.41262 -0.200533 12.9374
      vertex -5 0 12.95
      vertex -6.4 0 12.95
    endloop
  endfacet
  facet normal 4.28143e-06 -0.0627389 0.99803
    outer loop
      vertex -5 0 12.95
      vertex -6.41262 -0.200533 12.9374
      vertex -5 -0.620399 12.911
    endloop
  endfacet
  facet normal 1.4328e-05 -0.0627053 0.998032
    outer loop
      vertex -6.45027 -0.397903 12.925
      vertex -5 -0.620399 12.911
      vertex -6.41262 -0.200533 12.9374
    endloop
  endfacet
  facet normal -5.7823e-05 -0.0631737 0.998003
    outer loop
      vertex -6.51236 -0.588999 12.9129
      vertex -5 -0.620399 12.911
      vertex -6.45027 -0.397903 12.925
    endloop
  endfacet
  facet normal 0 -0.0603991 0.998174
    outer loop
      vertex -5 -0.620399 12.911
      vertex -6.51236 -0.588999 12.9129
      vertex -6.52713 -0.620399 12.911
    endloop
  endfacet
  facet normal 0 -0.0627389 0.99803
    outer loop
      vertex -30 -0.620399 12.911
      vertex -9.6 0 12.95
      vertex -30 0 12.95
    endloop
  endfacet
  facet normal -9.15461e-07 -0.0627089 0.998032
    outer loop
      vertex -9.6 0 12.95
      vertex -30 -0.620399 12.911
      vertex -9.58738 -0.200533 12.9374
    endloop
  endfacet
  facet normal -1.04367e-06 -0.0627027 0.998032
    outer loop
      vertex -9.58738 -0.200533 12.9374
      vertex -30 -0.620399 12.911
      vertex -9.54973 -0.397903 12.925
    endloop
  endfacet
  facet normal 4.28987e-06 -0.063191 0.998001
    outer loop
      vertex -9.54973 -0.397903 12.925
      vertex -30 -0.620399 12.911
      vertex -9.48764 -0.588999 12.9129
    endloop
  endfacet
  facet normal 0 -0.0603991 0.998174
    outer loop
      vertex -9.48764 -0.588999 12.9129
      vertex -30 -0.620399 12.911
      vertex -9.47287 -0.620399 12.911
    endloop
  endfacet
  facet normal -0 0.425814 0.904811
    outer loop
      vertex -30 2.38468 12.3377
      vertex -5 1.82222 12.6024
      vertex -5 2.38468 12.3377
    endloop
  endfacet
  facet normal 0 0.425814 0.904811
    outer loop
      vertex -5 1.82222 12.6024
      vertex -30 2.38468 12.3377
      vertex -30 1.82222 12.6024
    endloop
  endfacet
  facet normal 0 0.992115 -0.125331
    outer loop
      vertex -5 4.86232 7.07246
      vertex -30 4.94023 7.68919
      vertex -5 4.94023 7.68919
    endloop
  endfacet
  facet normal 0 0.992115 -0.125331
    outer loop
      vertex -30 4.94023 7.68919
      vertex -5 4.86232 7.07246
      vertex -30 4.86232 7.07246
    endloop
  endfacet
  facet normal -0 0.535843 0.844318
    outer loop
      vertex -30 2.90954 12.0046
      vertex -5 2.38468 12.3377
      vertex -5 2.90954 12.0046
    endloop
  endfacet
  facet normal 0 0.535843 0.844318
    outer loop
      vertex -5 2.38468 12.3377
      vertex -30 2.90954 12.0046
      vertex -30 2.38468 12.3377
    endloop
  endfacet
  facet normal 0 0.992115 0.125331
    outer loop
      vertex -5 4.94023 8.31081
      vertex -30 4.86232 8.92754
      vertex -5 4.86232 8.92754
    endloop
  endfacet
  facet normal 0 0.992115 0.125331
    outer loop
      vertex -30 4.86232 8.92754
      vertex -5 4.94023 8.31081
      vertex -30 4.94023 8.31081
    endloop
  endfacet
  facet normal 0 0.309023 -0.951055
    outer loop
      vertex -6.9782 1.23101 3.20551
      vertex -5 1.82222 3.39761
      vertex -5 1.23101 3.20551
    endloop
  endfacet
  facet normal -0.000224397 0.309702 -0.950834
    outer loop
      vertex -6.98012 1.23282 3.2061
      vertex -5 1.82222 3.39761
      vertex -6.9782 1.23101 3.20551
    endloop
  endfacet
  facet normal -1.10808e-05 0.309054 -0.951044
    outer loop
      vertex -7.14268 1.35092 3.24448
      vertex -5 1.82222 3.39761
      vertex -6.98012 1.23282 3.2061
    endloop
  endfacet
  facet normal 1.96177e-06 0.309 -0.951062
    outer loop
      vertex -7.31875 1.44772 3.27593
      vertex -5 1.82222 3.39761
      vertex -7.14268 1.35092 3.24448
    endloop
  endfacet
  facet normal 5.65012e-06 0.30898 -0.951069
    outer loop
      vertex -7.50557 1.52169 3.29996
      vertex -5 1.82222 3.39761
      vertex -7.31875 1.44772 3.27593
    endloop
  endfacet
  facet normal -5.36737e-06 0.309063 -0.951042
    outer loop
      vertex -7.70019 1.57166 3.3162
      vertex -5 1.82222 3.39761
      vertex -7.50557 1.52169 3.29996
    endloop
  endfacet
  facet normal 2.60473e-06 0.308985 -0.951067
    outer loop
      vertex -7.89953 1.59684 3.32438
      vertex -5 1.82222 3.39761
      vertex -7.70019 1.57166 3.3162
    endloop
  endfacet
  facet normal 0 0.309015 -0.951057
    outer loop
      vertex -8.10046 1.59684 3.32438
      vertex -5 1.82222 3.39761
      vertex -7.89953 1.59684 3.32438
    endloop
  endfacet
  facet normal 0 0.309023 -0.951055
    outer loop
      vertex -30 1.82222 3.39761
      vertex -9.0218 1.23101 3.20551
      vertex -30 1.23101 3.20551
    endloop
  endfacet
  facet normal 2.70578e-05 0.309891 -0.950772
    outer loop
      vertex -9.0218 1.23101 3.20551
      vertex -30 1.82222 3.39761
      vertex -9.01988 1.23282 3.2061
    endloop
  endfacet
  facet normal 1.41941e-06 0.309066 -0.951041
    outer loop
      vertex -9.01988 1.23282 3.2061
      vertex -30 1.82222 3.39761
      vertex -8.85732 1.35092 3.24448
    endloop
  endfacet
  facet normal -2.6751e-07 0.308998 -0.951063
    outer loop
      vertex -8.85732 1.35092 3.24448
      vertex -30 1.82222 3.39761
      vertex -8.68125 1.44772 3.27593
    endloop
  endfacet
  facet normal -8.28465e-07 0.308969 -0.951072
    outer loop
      vertex -8.68125 1.44772 3.27593
      vertex -30 1.82222 3.39761
      vertex -8.49443 1.52169 3.29996
    endloop
  endfacet
  facet normal 8.70108e-07 0.309079 -0.951036
    outer loop
      vertex -8.49443 1.52169 3.29996
      vertex -30 1.82222 3.39761
      vertex -8.29981 1.57166 3.3162
    endloop
  endfacet
  facet normal -5.15119e-07 0.30897 -0.951072
    outer loop
      vertex -8.29981 1.57166 3.3162
      vertex -30 1.82222 3.39761
      vertex -8.10046 1.59684 3.32438
    endloop
  endfacet
  facet normal 0 0.309015 -0.951057
    outer loop
      vertex -8.10046 1.59684 3.32438
      vertex -30 1.82222 3.39761
      vertex -5 1.82222 3.39761
    endloop
  endfacet
  facet normal 0 -0.929776 -0.368127
    outer loop
      vertex -30 -4.47889 5.89239
      vertex -5 -4.70773 6.47037
      vertex -30 -4.70773 6.47037
    endloop
  endfacet
  facet normal 0 -0.929776 -0.368127
    outer loop
      vertex -5 -4.70773 6.47037
      vertex -30 -4.47889 5.89239
      vertex -5 -4.47889 5.89239
    endloop
  endfacet
  facet normal 0 0.728966 -0.68455
    outer loop
      vertex -5 3.38851 4.39161
      vertex -30 3.81404 4.84475
      vertex -5 3.81404 4.84475
    endloop
  endfacet
  facet normal 0 0.728966 -0.68455
    outer loop
      vertex -30 3.81404 4.84475
      vertex -5 3.38851 4.39161
      vertex -30 3.38851 4.39161
    endloop
  endfacet
  facet normal 0 -0.929773 0.368132
    outer loop
      vertex -30 -4.70773 9.52963
      vertex -5 -4.47889 10.1076
      vertex -30 -4.47889 10.1076
    endloop
  endfacet
  facet normal 0 -0.929773 0.368132
    outer loop
      vertex -5 -4.47889 10.1076
      vertex -30 -4.70773 9.52963
      vertex -5 -4.70773 9.52963
    endloop
  endfacet
  facet normal 0 -0.187412 0.982281
    outer loop
      vertex -6.52713 -0.620399 12.911
      vertex -5 -1.23101 12.7945
      vertex -5 -0.620399 12.911
    endloop
  endfacet
  facet normal -8.05054e-06 -0.187431 0.982278
    outer loop
      vertex -6.59791 -0.770805 12.8823
      vertex -5 -1.23101 12.7945
      vertex -6.52713 -0.620399 12.911
    endloop
  endfacet
  facet normal -4.68229e-05 -0.187561 0.982253
    outer loop
      vertex -6.70557 -0.940456 12.8499
      vertex -5 -1.23101 12.7945
      vertex -6.59791 -0.770805 12.8823
    endloop
  endfacet
  facet normal 1.74533e-05 -0.187197 0.982322
    outer loop
      vertex -6.83365 -1.09527 12.8204
      vertex -5 -1.23101 12.7945
      vertex -6.70557 -0.940456 12.8499
    endloop
  endfacet
  facet normal 0 -0.187425 0.982279
    outer loop
      vertex -5 -1.23101 12.7945
      vertex -6.83365 -1.09527 12.8204
      vertex -6.9782 -1.23101 12.7945
    endloop
  endfacet
  facet normal 0 -0.187412 0.982281
    outer loop
      vertex -30 -1.23101 12.7945
      vertex -9.47287 -0.620399 12.911
      vertex -30 -0.620399 12.911
    endloop
  endfacet
  facet normal 7.01796e-07 -0.187435 0.982277
    outer loop
      vertex -9.47287 -0.620399 12.911
      vertex -30 -1.23101 12.7945
      vertex -9.40209 -0.770805 12.8823
    endloop
  endfacet
  facet normal 4.23614e-06 -0.187587 0.982248
    outer loop
      vertex -9.40209 -0.770805 12.8823
      vertex -30 -1.23101 12.7945
      vertex -9.29443 -0.940456 12.8499
    endloop
  endfacet
  facet normal -1.62147e-06 -0.187185 0.982325
    outer loop
      vertex -9.29443 -0.940456 12.8499
      vertex -30 -1.23101 12.7945
      vertex -9.16635 -1.09527 12.8204
    endloop
  endfacet
  facet normal 0 -0.187425 0.982279
    outer loop
      vertex -9.16635 -1.09527 12.8204
      vertex -30 -1.23101 12.7945
      vertex -9.0218 -1.23101 12.7945
    endloop
  endfacet
  facet normal 0 -0.809021 -0.587779
    outer loop
      vertex -30 -3.81404 4.84475
      vertex -5 -4.17942 5.34766
      vertex -30 -4.17942 5.34766
    endloop
  endfacet
  facet normal 0 -0.809021 -0.587779
    outer loop
      vertex -5 -4.17942 5.34766
      vertex -30 -3.81404 4.84475
      vertex -5 -3.81404 4.84475
    endloop
  endfacet
  facet normal 0 -0.809016 0.587787
    outer loop
      vertex -30 -4.17942 10.6523
      vertex -5 -3.81404 11.1552
      vertex -30 -3.81404 11.1552
    endloop
  endfacet
  facet normal 0 -0.809016 0.587787
    outer loop
      vertex -5 -3.81404 11.1552
      vertex -30 -4.17942 10.6523
      vertex -5 -4.17942 10.6523
    endloop
  endfacet
  facet normal 0 -0.187381 -0.982287
    outer loop
      vertex -5 -1.23101 3.20551
      vertex -6.52713 -0.620399 3.08903
      vertex -5 -0.620399 3.08903
    endloop
  endfacet
  facet normal 3.10007e-06 -0.187373 -0.982289
    outer loop
      vertex -5 -1.23101 3.20551
      vertex -6.59791 -0.770805 3.11772
      vertex -6.52713 -0.620399 3.08903
    endloop
  endfacet
  facet normal -9.72549e-06 -0.187416 -0.982281
    outer loop
      vertex -5 -1.23101 3.20551
      vertex -6.70557 -0.940456 3.15009
      vertex -6.59791 -0.770805 3.11772
    endloop
  endfacet
  facet normal -8.72994e-07 -0.187366 -0.98229
    outer loop
      vertex -5 -1.23101 3.20551
      vertex -6.83365 -1.09527 3.17962
      vertex -6.70557 -0.940456 3.15009
    endloop
  endfacet
  facet normal 0 -0.187355 -0.982292
    outer loop
      vertex -6.83365 -1.09527 3.17962
      vertex -5 -1.23101 3.20551
      vertex -6.9782 -1.23101 3.20551
    endloop
  endfacet
  facet normal 0 -0.187355 -0.982292
    outer loop
      vertex -30 -1.23101 3.20551
      vertex -9.16635 -1.09527 3.17962
      vertex -9.0218 -1.23101 3.20551
    endloop
  endfacet
  facet normal 8.11041e-08 -0.187367 -0.98229
    outer loop
      vertex -30 -1.23101 3.20551
      vertex -9.29443 -0.940456 3.15009
      vertex -9.16635 -1.09527 3.17962
    endloop
  endfacet
  facet normal 8.79883e-07 -0.187422 -0.98228
    outer loop
      vertex -30 -1.23101 3.20551
      vertex -9.40209 -0.770805 3.11772
      vertex -9.29443 -0.940456 3.15009
    endloop
  endfacet
  facet normal -2.70245e-07 -0.187372 -0.982289
    outer loop
      vertex -30 -1.23101 3.20551
      vertex -9.47287 -0.620399 3.08903
      vertex -9.40209 -0.770805 3.11772
    endloop
  endfacet
  facet normal -0 -0.187381 -0.982287
    outer loop
      vertex -9.47287 -0.620399 3.08903
      vertex -30 -1.23101 3.20551
      vertex -30 -0.620399 3.08903
    endloop
  endfacet
  facet normal 0 0.809016 0.587787
    outer loop
      vertex -5 4.17942 10.6523
      vertex -30 3.81404 11.1552
      vertex -5 3.81404 11.1552
    endloop
  endfacet
  facet normal 0 0.809016 0.587787
    outer loop
      vertex -30 3.81404 11.1552
      vertex -5 4.17942 10.6523
      vertex -30 4.17942 10.6523
    endloop
  endfacet
  facet normal 0 0.929776 -0.368127
    outer loop
      vertex -5 4.47889 5.89239
      vertex -30 4.70773 6.47037
      vertex -5 4.70773 6.47037
    endloop
  endfacet
  facet normal 0 0.929776 -0.368127
    outer loop
      vertex -30 4.70773 6.47037
      vertex -5 4.47889 5.89239
      vertex -30 4.47889 5.89239
    endloop
  endfacet
  facet normal 0 0.876294 0.481777
    outer loop
      vertex -5 4.47889 10.1076
      vertex -30 4.17942 10.6523
      vertex -5 4.17942 10.6523
    endloop
  endfacet
  facet normal 0 0.876294 0.481777
    outer loop
      vertex -30 4.17942 10.6523
      vertex -5 4.47889 10.1076
      vertex -30 4.47889 10.1076
    endloop
  endfacet
  facet normal 0 -0.992115 0.125331
    outer loop
      vertex -30 -4.94023 8.31081
      vertex -5 -4.86232 8.92754
      vertex -30 -4.86232 8.92754
    endloop
  endfacet
  facet normal 0 -0.992115 0.125331
    outer loop
      vertex -5 -4.86232 8.92754
      vertex -30 -4.94023 8.31081
      vertex -5 -4.94023 8.31081
    endloop
  endfacet
  facet normal 0 0.729011 0.684502
    outer loop
      vertex -5 3.81404 11.1552
      vertex -30 3.38851 11.6084
      vertex -5 3.38851 11.6084
    endloop
  endfacet
  facet normal 0 0.729011 0.684502
    outer loop
      vertex -30 3.38851 11.6084
      vertex -5 3.81404 11.1552
      vertex -30 3.81404 11.1552
    endloop
  endfacet
  facet normal -0 0.637387 0.770544
    outer loop
      vertex -30 3.38851 11.6084
      vertex -5 2.90954 12.0046
      vertex -5 3.38851 11.6084
    endloop
  endfacet
  facet normal 0 0.637387 0.770544
    outer loop
      vertex -5 2.90954 12.0046
      vertex -30 3.38851 11.6084
      vertex -30 2.90954 12.0046
    endloop
  endfacet
  facet normal 0 0.968583 -0.248689
    outer loop
      vertex -5 4.70773 6.47037
      vertex -30 4.86232 7.07246
      vertex -5 4.86232 7.07246
    endloop
  endfacet
  facet normal 0 0.968583 -0.248689
    outer loop
      vertex -30 4.86232 7.07246
      vertex -5 4.70773 6.47037
      vertex -30 4.70773 6.47037
    endloop
  endfacet
  facet normal 0 -0.637387 0.770544
    outer loop
      vertex -30 -2.90954 12.0046
      vertex -5 -3.38851 11.6084
      vertex -5 -2.90954 12.0046
    endloop
  endfacet
  facet normal 0 -0.637387 0.770544
    outer loop
      vertex -5 -3.38851 11.6084
      vertex -30 -2.90954 12.0046
      vertex -30 -3.38851 11.6084
    endloop
  endfacet
  facet normal 0 -0.728966 -0.68455
    outer loop
      vertex -30 -3.38851 4.39161
      vertex -5 -3.81404 4.84475
      vertex -30 -3.81404 4.84475
    endloop
  endfacet
  facet normal 0 -0.728966 -0.68455
    outer loop
      vertex -5 -3.81404 4.84475
      vertex -30 -3.38851 4.39161
      vertex -5 -3.38851 4.39161
    endloop
  endfacet
  facet normal 0 -0.309023 -0.951055
    outer loop
      vertex -5 -1.82222 3.39761
      vertex -6.9782 -1.23101 3.20551
      vertex -5 -1.23101 3.20551
    endloop
  endfacet
  facet normal -0.000224397 -0.309702 -0.950834
    outer loop
      vertex -5 -1.82222 3.39761
      vertex -6.98012 -1.23282 3.2061
      vertex -6.9782 -1.23101 3.20551
    endloop
  endfacet
  facet normal -1.10808e-05 -0.309054 -0.951044
    outer loop
      vertex -5 -1.82222 3.39761
      vertex -7.14268 -1.35092 3.24448
      vertex -6.98012 -1.23282 3.2061
    endloop
  endfacet
  facet normal 1.96177e-06 -0.309 -0.951062
    outer loop
      vertex -5 -1.82222 3.39761
      vertex -7.31875 -1.44772 3.27593
      vertex -7.14268 -1.35092 3.24448
    endloop
  endfacet
  facet normal 5.65012e-06 -0.30898 -0.951069
    outer loop
      vertex -5 -1.82222 3.39761
      vertex -7.50557 -1.52169 3.29996
      vertex -7.31875 -1.44772 3.27593
    endloop
  endfacet
  facet normal -5.36737e-06 -0.309063 -0.951042
    outer loop
      vertex -5 -1.82222 3.39761
      vertex -7.70019 -1.57166 3.3162
      vertex -7.50557 -1.52169 3.29996
    endloop
  endfacet
  facet normal 2.60473e-06 -0.308985 -0.951067
    outer loop
      vertex -5 -1.82222 3.39761
      vertex -7.89953 -1.59684 3.32438
      vertex -7.70019 -1.57166 3.3162
    endloop
  endfacet
  facet normal 0 -0.309015 -0.951057
    outer loop
      vertex -5 -1.82222 3.39761
      vertex -8.10046 -1.59684 3.32438
      vertex -7.89953 -1.59684 3.32438
    endloop
  endfacet
  facet normal 0 -0.309015 -0.951057
    outer loop
      vertex -30 -1.82222 3.39761
      vertex -8.10046 -1.59684 3.32438
      vertex -5 -1.82222 3.39761
    endloop
  endfacet
  facet normal -5.15119e-07 -0.30897 -0.951072
    outer loop
      vertex -30 -1.82222 3.39761
      vertex -8.29981 -1.57166 3.3162
      vertex -8.10046 -1.59684 3.32438
    endloop
  endfacet
  facet normal 8.70108e-07 -0.309079 -0.951036
    outer loop
      vertex -30 -1.82222 3.39761
      vertex -8.49443 -1.52169 3.29996
      vertex -8.29981 -1.57166 3.3162
    endloop
  endfacet
  facet normal -8.28465e-07 -0.308969 -0.951072
    outer loop
      vertex -30 -1.82222 3.39761
      vertex -8.68125 -1.44772 3.27593
      vertex -8.49443 -1.52169 3.29996
    endloop
  endfacet
  facet normal -2.6751e-07 -0.308998 -0.951063
    outer loop
      vertex -30 -1.82222 3.39761
      vertex -8.85732 -1.35092 3.24448
      vertex -8.68125 -1.44772 3.27593
    endloop
  endfacet
  facet normal 1.41941e-06 -0.309066 -0.951041
    outer loop
      vertex -30 -1.82222 3.39761
      vertex -9.01988 -1.23282 3.2061
      vertex -8.85732 -1.35092 3.24448
    endloop
  endfacet
  facet normal 2.70578e-05 -0.309891 -0.950772
    outer loop
      vertex -30 -1.82222 3.39761
      vertex -9.0218 -1.23101 3.20551
      vertex -9.01988 -1.23282 3.2061
    endloop
  endfacet
  facet normal -0 -0.309023 -0.951055
    outer loop
      vertex -9.0218 -1.23101 3.20551
      vertex -30 -1.82222 3.39761
      vertex -30 -1.23101 3.20551
    endloop
  endfacet
  facet normal 0 -0.425814 0.904811
    outer loop
      vertex -30 -1.82222 12.6024
      vertex -5 -2.38468 12.3377
      vertex -5 -1.82222 12.6024
    endloop
  endfacet
  facet normal 0 -0.425814 0.904811
    outer loop
      vertex -5 -2.38468 12.3377
      vertex -30 -1.82222 12.6024
      vertex -30 -2.38468 12.3377
    endloop
  endfacet
  facet normal 0 0.809021 -0.587779
    outer loop
      vertex -5 3.81404 4.84475
      vertex -30 4.17942 5.34766
      vertex -5 4.17942 5.34766
    endloop
  endfacet
  facet normal 0 0.809021 -0.587779
    outer loop
      vertex -30 4.17942 5.34766
      vertex -5 3.81404 4.84475
      vertex -30 3.81404 4.84475
    endloop
  endfacet
  facet normal 0 -0.968583 -0.248689
    outer loop
      vertex -30 -4.70773 6.47037
      vertex -5 -4.86232 7.07246
      vertex -30 -4.86232 7.07246
    endloop
  endfacet
  facet normal 0 -0.968583 -0.248689
    outer loop
      vertex -5 -4.86232 7.07246
      vertex -30 -4.70773 6.47037
      vertex -5 -4.70773 6.47037
    endloop
  endfacet
  facet normal 0 -0.535843 0.844318
    outer loop
      vertex -30 -2.38468 12.3377
      vertex -5 -2.90954 12.0046
      vertex -5 -2.38468 12.3377
    endloop
  endfacet
  facet normal 0 -0.535843 0.844318
    outer loop
      vertex -5 -2.90954 12.0046
      vertex -30 -2.38468 12.3377
      vertex -30 -2.90954 12.0046
    endloop
  endfacet
  facet normal 0 -0.876305 -0.481756
    outer loop
      vertex -30 -4.17942 5.34766
      vertex -5 -4.47889 5.89239
      vertex -30 -4.47889 5.89239
    endloop
  endfacet
  facet normal 0 -0.876305 -0.481756
    outer loop
      vertex -5 -4.47889 5.89239
      vertex -30 -4.17942 5.34766
      vertex -5 -4.17942 5.34766
    endloop
  endfacet
  facet normal 0 -0.425775 -0.904829
    outer loop
      vertex -30 -2.38468 3.66228
      vertex -5 -1.82222 3.39761
      vertex -5 -2.38468 3.66228
    endloop
  endfacet
  facet normal -0 -0.425775 -0.904829
    outer loop
      vertex -5 -1.82222 3.39761
      vertex -30 -2.38468 3.66228
      vertex -30 -1.82222 3.39761
    endloop
  endfacet
  facet normal 0 0.968583 0.248689
    outer loop
      vertex -5 4.86232 8.92754
      vertex -30 4.70773 9.52963
      vertex -5 4.70773 9.52963
    endloop
  endfacet
  facet normal 0 0.968583 0.248689
    outer loop
      vertex -30 4.70773 9.52963
      vertex -5 4.86232 8.92754
      vertex -30 4.86232 8.92754
    endloop
  endfacet
  facet normal 0 -0.729011 0.684502
    outer loop
      vertex -30 -3.81404 11.1552
      vertex -5 -3.38851 11.6084
      vertex -30 -3.38851 11.6084
    endloop
  endfacet
  facet normal 0 -0.729011 0.684502
    outer loop
      vertex -5 -3.38851 11.6084
      vertex -30 -3.81404 11.1552
      vertex -5 -3.81404 11.1552
    endloop
  endfacet
  facet normal 0 -0.637425 -0.770512
    outer loop
      vertex -30 -3.38851 4.39161
      vertex -5 -2.90954 3.99537
      vertex -5 -3.38851 4.39161
    endloop
  endfacet
  facet normal -0 -0.637425 -0.770512
    outer loop
      vertex -5 -2.90954 3.99537
      vertex -30 -3.38851 4.39161
      vertex -30 -2.90954 3.99537
    endloop
  endfacet
  facet normal -2.99775e-06 -0.062787 -0.998027
    outer loop
      vertex -6.41262 -0.200533 3.06262
      vertex -5 0 3.05
      vertex -5 -0.620399 3.08903
    endloop
  endfacet
  facet normal -0 -0.062808 -0.998026
    outer loop
      vertex -5 0 3.05
      vertex -6.41262 -0.200533 3.06262
      vertex -6.4 0 3.05
    endloop
  endfacet
  facet normal 6.79082e-06 -0.0627542 -0.998029
    outer loop
      vertex -5 -0.620399 3.08903
      vertex -6.45027 -0.397903 3.07503
      vertex -6.41262 -0.200533 3.06262
    endloop
  endfacet
  facet normal -4.40048e-06 -0.0628269 -0.998024
    outer loop
      vertex -5 -0.620399 3.08903
      vertex -6.51236 -0.588999 3.08706
      vertex -6.45027 -0.397903 3.07503
    endloop
  endfacet
  facet normal 0 -0.0626157 -0.998038
    outer loop
      vertex -6.51236 -0.588999 3.08706
      vertex -5 -0.620399 3.08903
      vertex -6.52713 -0.620399 3.08903
    endloop
  endfacet
  facet normal 0 -0.0626157 -0.998038
    outer loop
      vertex -30 -0.620399 3.08903
      vertex -9.48764 -0.588999 3.08706
      vertex -9.47287 -0.620399 3.08903
    endloop
  endfacet
  facet normal 3.26471e-07 -0.0628282 -0.998024
    outer loop
      vertex -30 -0.620399 3.08903
      vertex -9.54973 -0.397903 3.07503
      vertex -9.48764 -0.588999 3.08706
    endloop
  endfacet
  facet normal -4.94651e-07 -0.062753 -0.998029
    outer loop
      vertex -30 -0.620399 3.08903
      vertex -9.58738 -0.200533 3.06262
      vertex -9.54973 -0.397903 3.07503
    endloop
  endfacet
  facet normal 6.40982e-07 -0.062808 -0.998026
    outer loop
      vertex -30 -0.620399 3.08903
      vertex -9.6 0 3.05
      vertex -9.58738 -0.200533 3.06262
    endloop
  endfacet
  facet normal -0 -0.062787 -0.998027
    outer loop
      vertex -9.6 0 3.05
      vertex -30 -0.620399 3.08903
      vertex -30 0 3.05
    endloop
  endfacet
  facet normal 0 -0.535831 -0.844325
    outer loop
      vertex -30 -2.90954 3.99537
      vertex -5 -2.38468 3.66228
      vertex -5 -2.90954 3.99537
    endloop
  endfacet
  facet normal -0 -0.535831 -0.844325
    outer loop
      vertex -5 -2.38468 3.66228
      vertex -30 -2.90954 3.99537
      vertex -30 -2.38468 3.66228
    endloop
  endfacet
  facet normal 0 -0.992115 -0.125331
    outer loop
      vertex -30 -4.86232 7.07246
      vertex -5 -4.94023 7.68919
      vertex -30 -4.94023 7.68919
    endloop
  endfacet
  facet normal 0 -0.992115 -0.125331
    outer loop
      vertex -5 -4.94023 7.68919
      vertex -30 -4.86232 7.07246
      vertex -5 -4.86232 7.07246
    endloop
  endfacet
  facet normal 0 0.062808 -0.998026
    outer loop
      vertex -6.41262 0.200533 3.06262
      vertex -5 0 3.05
      vertex -6.4 0 3.05
    endloop
  endfacet
  facet normal -2.99775e-06 0.062787 -0.998027
    outer loop
      vertex -5 0 3.05
      vertex -6.41262 0.200533 3.06262
      vertex -5 0.620399 3.08903
    endloop
  endfacet
  facet normal 6.79082e-06 0.0627542 -0.998029
    outer loop
      vertex -6.45027 0.397903 3.07503
      vertex -5 0.620399 3.08903
      vertex -6.41262 0.200533 3.06262
    endloop
  endfacet
  facet normal -4.40048e-06 0.0628269 -0.998024
    outer loop
      vertex -6.51236 0.588999 3.08706
      vertex -5 0.620399 3.08903
      vertex -6.45027 0.397903 3.07503
    endloop
  endfacet
  facet normal 0 0.0626157 -0.998038
    outer loop
      vertex -5 0.620399 3.08903
      vertex -6.51236 0.588999 3.08706
      vertex -6.52713 0.620399 3.08903
    endloop
  endfacet
  facet normal 0 0.062787 -0.998027
    outer loop
      vertex -30 0.620399 3.08903
      vertex -9.6 0 3.05
      vertex -30 0 3.05
    endloop
  endfacet
  facet normal 6.40982e-07 0.062808 -0.998026
    outer loop
      vertex -9.6 0 3.05
      vertex -30 0.620399 3.08903
      vertex -9.58738 0.200533 3.06262
    endloop
  endfacet
  facet normal -4.94651e-07 0.062753 -0.998029
    outer loop
      vertex -9.58738 0.200533 3.06262
      vertex -30 0.620399 3.08903
      vertex -9.54973 0.397903 3.07503
    endloop
  endfacet
  facet normal 3.26471e-07 0.0628282 -0.998024
    outer loop
      vertex -9.54973 0.397903 3.07503
      vertex -30 0.620399 3.08903
      vertex -9.48764 0.588999 3.08706
    endloop
  endfacet
  facet normal 0 0.0626157 -0.998038
    outer loop
      vertex -9.48764 0.588999 3.08706
      vertex -30 0.620399 3.08903
      vertex -9.47287 0.620399 3.08903
    endloop
  endfacet
  facet normal 0 -1 0
    outer loop
      vertex -30 -4.94023 7.68919
      vertex -5 -4.94023 8.31081
      vertex -30 -4.94023 8.31081
    endloop
  endfacet
  facet normal 0 -1 -0
    outer loop
      vertex -5 -4.94023 8.31081
      vertex -30 -4.94023 7.68919
      vertex -5 -4.94023 7.68919
    endloop
  endfacet
  facet normal 0 0.535831 -0.844325
    outer loop
      vertex -30 2.38468 3.66228
      vertex -5 2.90954 3.99537
      vertex -5 2.38468 3.66228
    endloop
  endfacet
  facet normal 0 0.535831 -0.844325
    outer loop
      vertex -5 2.90954 3.99537
      vertex -30 2.38468 3.66228
      vertex -30 2.90954 3.99537
    endloop
  endfacet
  facet normal 0 0.187381 -0.982287
    outer loop
      vertex -6.52713 0.620399 3.08903
      vertex -5 1.23101 3.20551
      vertex -5 0.620399 3.08903
    endloop
  endfacet
  facet normal 3.10007e-06 0.187373 -0.982289
    outer loop
      vertex -6.59791 0.770805 3.11772
      vertex -5 1.23101 3.20551
      vertex -6.52713 0.620399 3.08903
    endloop
  endfacet
  facet normal -9.72549e-06 0.187416 -0.982281
    outer loop
      vertex -6.70557 0.940456 3.15009
      vertex -5 1.23101 3.20551
      vertex -6.59791 0.770805 3.11772
    endloop
  endfacet
  facet normal -8.72994e-07 0.187366 -0.98229
    outer loop
      vertex -6.83365 1.09527 3.17962
      vertex -5 1.23101 3.20551
      vertex -6.70557 0.940456 3.15009
    endloop
  endfacet
  facet normal 0 0.187355 -0.982292
    outer loop
      vertex -5 1.23101 3.20551
      vertex -6.83365 1.09527 3.17962
      vertex -6.9782 1.23101 3.20551
    endloop
  endfacet
  facet normal 0 0.187381 -0.982287
    outer loop
      vertex -30 1.23101 3.20551
      vertex -9.47287 0.620399 3.08903
      vertex -30 0.620399 3.08903
    endloop
  endfacet
  facet normal -2.70245e-07 0.187372 -0.982289
    outer loop
      vertex -9.47287 0.620399 3.08903
      vertex -30 1.23101 3.20551
      vertex -9.40209 0.770805 3.11772
    endloop
  endfacet
  facet normal 8.79883e-07 0.187422 -0.98228
    outer loop
      vertex -9.40209 0.770805 3.11772
      vertex -30 1.23101 3.20551
      vertex -9.29443 0.940456 3.15009
    endloop
  endfacet
  facet normal 8.11041e-08 0.187367 -0.98229
    outer loop
      vertex -9.29443 0.940456 3.15009
      vertex -30 1.23101 3.20551
      vertex -9.16635 1.09527 3.17962
    endloop
  endfacet
  facet normal 0 0.187355 -0.982292
    outer loop
      vertex -9.16635 1.09527 3.17962
      vertex -30 1.23101 3.20551
      vertex -9.0218 1.23101 3.20551
    endloop
  endfacet
  facet normal 0 1 -0
    outer loop
      vertex -5 4.94023 7.68919
      vertex -30 4.94023 8.31081
      vertex -5 4.94023 8.31081
    endloop
  endfacet
  facet normal 0 1 0
    outer loop
      vertex -30 4.94023 8.31081
      vertex -5 4.94023 7.68919
      vertex -30 4.94023 7.68919
    endloop
  endfacet
  facet normal 0 -0.876294 0.481777
    outer loop
      vertex -30 -4.47889 10.1076
      vertex -5 -4.17942 10.6523
      vertex -30 -4.17942 10.6523
    endloop
  endfacet
  facet normal 0 -0.876294 0.481777
    outer loop
      vertex -5 -4.17942 10.6523
      vertex -30 -4.47889 10.1076
      vertex -5 -4.47889 10.1076
    endloop
  endfacet
  facet normal 0 0.425775 -0.904829
    outer loop
      vertex -30 1.82222 3.39761
      vertex -5 2.38468 3.66228
      vertex -5 1.82222 3.39761
    endloop
  endfacet
  facet normal 0 0.425775 -0.904829
    outer loop
      vertex -5 2.38468 3.66228
      vertex -30 1.82222 3.39761
      vertex -30 2.38468 3.66228
    endloop
  endfacet
  facet normal 0 0.637425 -0.770512
    outer loop
      vertex -30 2.90954 3.99537
      vertex -5 3.38851 4.39161
      vertex -5 2.90954 3.99537
    endloop
  endfacet
  facet normal 0 0.637425 -0.770512
    outer loop
      vertex -5 3.38851 4.39161
      vertex -30 2.90954 3.99537
      vertex -30 3.38851 4.39161
    endloop
  endfacet
  facet normal -0.770497 -0.637444 0
    outer loop
      vertex -6.70557 0.940456 3.15009
      vertex -6.83365 1.09527 12.8204
      vertex -6.83365 1.09527 3.17962
    endloop
  endfacet
  facet normal -0.770497 -0.637444 0
    outer loop
      vertex -6.83365 1.09527 12.8204
      vertex -6.70557 0.940456 3.15009
      vertex -6.70557 0.940456 12.8499
    endloop
  endfacet
  facet normal -0.982288 -0.18738 0
    outer loop
      vertex -6.41262 0.200533 3.06262
      vertex -6.45027 0.397903 12.925
      vertex -6.45027 0.397903 3.07503
    endloop
  endfacet
  facet normal -0.982288 -0.18738 0
    outer loop
      vertex -6.45027 0.397903 12.925
      vertex -6.41262 0.200533 3.06262
      vertex -6.41262 0.200533 12.9374
    endloop
  endfacet
  facet normal -0.998026 -0.062808 0
    outer loop
      vertex -6.4 0 3.05
      vertex -6.41262 0.200533 12.9374
      vertex -6.41262 0.200533 3.06262
    endloop
  endfacet
  facet normal -0.998026 -0.062808 0
    outer loop
      vertex -6.41262 0.200533 12.9374
      vertex -6.4 0 3.05
      vertex -6.4 0 12.95
    endloop
  endfacet
  facet normal -0.951058 -0.309013 0
    outer loop
      vertex -6.45027 0.397903 3.07503
      vertex -6.51236 0.588999 12.9129
      vertex -6.51236 0.588999 3.08706
    endloop
  endfacet
  facet normal -0.951058 -0.309013 0
    outer loop
      vertex -6.51236 0.588999 12.9129
      vertex -6.45027 0.397903 3.07503
      vertex -6.45027 0.397903 12.925
    endloop
  endfacet
  facet normal 0.125315 -0.992117 0
    outer loop
      vertex -8.29981 1.57166 12.6838
      vertex -8.10046 1.59684 3.32438
      vertex -8.10046 1.59684 12.6756
    endloop
  endfacet
  facet normal 0.125315 -0.992117 0
    outer loop
      vertex -8.10046 1.59684 3.32438
      vertex -8.29981 1.57166 12.6838
      vertex -8.29981 1.57166 3.3162
    endloop
  endfacet
  facet normal 0.368136 0.929772 -0
    outer loop
      vertex -8.49443 -1.52169 3.29996
      vertex -8.68125 -1.44772 12.7241
      vertex -8.49443 -1.52169 12.7
    endloop
  endfacet
  facet normal 0.368136 0.929772 0
    outer loop
      vertex -8.68125 -1.44772 12.7241
      vertex -8.49443 -1.52169 3.29996
      vertex -8.68125 -1.44772 3.27593
    endloop
  endfacet
  facet normal 0.24869 0.968583 -0
    outer loop
      vertex -8.29981 -1.57166 3.3162
      vertex -8.49443 -1.52169 12.7
      vertex -8.29981 -1.57166 12.6838
    endloop
  endfacet
  facet normal 0.24869 0.968583 0
    outer loop
      vertex -8.49443 -1.52169 12.7
      vertex -8.29981 -1.57166 3.3162
      vertex -8.49443 -1.52169 3.29996
    endloop
  endfacet
  facet normal -0.844336 -0.535813 0
    outer loop
      vertex -6.59791 0.770805 3.11772
      vertex -6.70557 0.940456 12.8499
      vertex -6.70557 0.940456 3.15009
    endloop
  endfacet
  facet normal -0.844336 -0.535813 0
    outer loop
      vertex -6.70557 0.940456 12.8499
      vertex -6.59791 0.770805 3.11772
      vertex -6.59791 0.770805 12.8823
    endloop
  endfacet
  facet normal -0.904926 -0.425567 -0.0014899
    outer loop
      vertex -6.51236 0.588999 3.08706
      vertex -6.59791 0.770805 3.11772
      vertex -6.52713 0.620399 3.08903
    endloop
  endfacet
  facet normal -0.90483 -0.425774 0
    outer loop
      vertex -6.59791 0.770805 3.11772
      vertex -6.51236 0.588999 3.08706
      vertex -6.59791 0.770805 12.8823
    endloop
  endfacet
  facet normal -0.90483 -0.425774 -0
    outer loop
      vertex -6.51236 0.588999 12.9129
      vertex -6.59791 0.770805 12.8823
      vertex -6.51236 0.588999 3.08706
    endloop
  endfacet
  facet normal -0.904924 -0.425571 0.00146365
    outer loop
      vertex -6.59791 0.770805 12.8823
      vertex -6.51236 0.588999 12.9129
      vertex -6.52713 0.620399 12.911
    endloop
  endfacet
  facet normal 0.951058 0.309013 0
    outer loop
      vertex -9.48764 -0.588999 12.9129
      vertex -9.54973 -0.397903 3.07503
      vertex -9.54973 -0.397903 12.925
    endloop
  endfacet
  facet normal 0.951058 0.309013 0
    outer loop
      vertex -9.54973 -0.397903 3.07503
      vertex -9.48764 -0.588999 12.9129
      vertex -9.48764 -0.588999 3.08706
    endloop
  endfacet
  facet normal 0.998026 -0.062808 0
    outer loop
      vertex -9.6 0 12.95
      vertex -9.58738 0.200533 3.06262
      vertex -9.58738 0.200533 12.9374
    endloop
  endfacet
  facet normal 0.998026 -0.062808 0
    outer loop
      vertex -9.58738 0.200533 3.06262
      vertex -9.6 0 12.95
      vertex -9.6 0 3.05
    endloop
  endfacet
  facet normal -0.951058 0.309013 0
    outer loop
      vertex -6.51236 -0.588999 3.08706
      vertex -6.45027 -0.397903 12.925
      vertex -6.45027 -0.397903 3.07503
    endloop
  endfacet
  facet normal -0.951058 0.309013 0
    outer loop
      vertex -6.45027 -0.397903 12.925
      vertex -6.51236 -0.588999 3.08706
      vertex -6.51236 -0.588999 12.9129
    endloop
  endfacet
  facet normal -0.770497 0.637444 0
    outer loop
      vertex -6.83365 -1.09527 3.17962
      vertex -6.70557 -0.940456 12.8499
      vertex -6.70557 -0.940456 3.15009
    endloop
  endfacet
  facet normal -0.770497 0.637444 0
    outer loop
      vertex -6.70557 -0.940456 12.8499
      vertex -6.83365 -1.09527 3.17962
      vertex -6.83365 -1.09527 12.8204
    endloop
  endfacet
  facet normal 0.587763 -0.809033 0
    outer loop
      vertex -9.01988 1.23282 12.7939
      vertex -8.85732 1.35092 3.24448
      vertex -8.85732 1.35092 12.7555
    endloop
  endfacet
  facet normal 0.587763 -0.809033 0
    outer loop
      vertex -8.85732 1.35092 3.24448
      vertex -9.01988 1.23282 12.7939
      vertex -9.01988 1.23282 3.2061
    endloop
  endfacet
  facet normal -0.844336 0.535813 0
    outer loop
      vertex -6.70557 -0.940456 3.15009
      vertex -6.59791 -0.770805 12.8823
      vertex -6.59791 -0.770805 3.11772
    endloop
  endfacet
  facet normal -0.844336 0.535813 0
    outer loop
      vertex -6.59791 -0.770805 12.8823
      vertex -6.70557 -0.940456 3.15009
      vertex -6.70557 -0.940456 12.8499
    endloop
  endfacet
  facet normal -0.481772 0.876297 0
    outer loop
      vertex -7.14268 -1.35092 12.7555
      vertex -7.31875 -1.44772 3.27593
      vertex -7.31875 -1.44772 12.7241
    endloop
  endfacet
  facet normal -0.481772 0.876297 0
    outer loop
      vertex -7.31875 -1.44772 3.27593
      vertex -7.14268 -1.35092 12.7555
      vertex -7.14268 -1.35092 3.24448
    endloop
  endfacet
  facet normal 0.24869 -0.968583 0
    outer loop
      vertex -8.49443 1.52169 12.7
      vertex -8.29981 1.57166 3.3162
      vertex -8.29981 1.57166 12.6838
    endloop
  endfacet
  facet normal 0.24869 -0.968583 0
    outer loop
      vertex -8.29981 1.57166 3.3162
      vertex -8.49443 1.52169 12.7
      vertex -8.49443 1.52169 3.29996
    endloop
  endfacet
  facet normal -0.587763 -0.809033 0
    outer loop
      vertex -7.14268 1.35092 3.24448
      vertex -6.98012 1.23282 12.7939
      vertex -7.14268 1.35092 12.7555
    endloop
  endfacet
  facet normal -0.587763 -0.809033 -0
    outer loop
      vertex -6.98012 1.23282 12.7939
      vertex -7.14268 1.35092 3.24448
      vertex -6.98012 1.23282 3.2061
    endloop
  endfacet
  facet normal -0.368136 0.929772 0
    outer loop
      vertex -7.31875 -1.44772 12.7241
      vertex -7.50557 -1.52169 3.29996
      vertex -7.50557 -1.52169 12.7
    endloop
  endfacet
  facet normal -0.368136 0.929772 0
    outer loop
      vertex -7.50557 -1.52169 3.29996
      vertex -7.31875 -1.44772 12.7241
      vertex -7.31875 -1.44772 3.27593
    endloop
  endfacet
  facet normal -0.481772 -0.876297 0
    outer loop
      vertex -7.31875 1.44772 3.27593
      vertex -7.14268 1.35092 12.7555
      vertex -7.31875 1.44772 12.7241
    endloop
  endfacet
  facet normal -0.481772 -0.876297 -0
    outer loop
      vertex -7.14268 1.35092 12.7555
      vertex -7.31875 1.44772 3.27593
      vertex -7.14268 1.35092 3.24448
    endloop
  endfacet
  facet normal 0.368136 -0.929772 0
    outer loop
      vertex -8.68125 1.44772 12.7241
      vertex -8.49443 1.52169 3.29996
      vertex -8.49443 1.52169 12.7
    endloop
  endfacet
  facet normal 0.368136 -0.929772 0
    outer loop
      vertex -8.49443 1.52169 3.29996
      vertex -8.68125 1.44772 12.7241
      vertex -8.68125 1.44772 3.27593
    endloop
  endfacet
  facet normal -0.125321 0.992116 0
    outer loop
      vertex -7.70019 -1.57166 12.6838
      vertex -7.89953 -1.59684 3.32438
      vertex -7.89953 -1.59684 12.6756
    endloop
  endfacet
  facet normal -0.125321 0.992116 0
    outer loop
      vertex -7.89953 -1.59684 3.32438
      vertex -7.70019 -1.57166 12.6838
      vertex -7.70019 -1.57166 3.3162
    endloop
  endfacet
  facet normal -0.998026 0.062808 0
    outer loop
      vertex -6.41262 -0.200533 3.06262
      vertex -6.4 0 12.95
      vertex -6.4 0 3.05
    endloop
  endfacet
  facet normal -0.998026 0.062808 0
    outer loop
      vertex -6.4 0 12.95
      vertex -6.41262 -0.200533 3.06262
      vertex -6.41262 -0.200533 12.9374
    endloop
  endfacet
  facet normal 0.982288 -0.18738 0
    outer loop
      vertex -9.58738 0.200533 12.9374
      vertex -9.54973 0.397903 3.07503
      vertex -9.54973 0.397903 12.925
    endloop
  endfacet
  facet normal 0.982288 -0.18738 0
    outer loop
      vertex -9.54973 0.397903 3.07503
      vertex -9.58738 0.200533 12.9374
      vertex -9.58738 0.200533 3.06262
    endloop
  endfacet
  facet normal 0.481772 -0.876297 0
    outer loop
      vertex -8.85732 1.35092 12.7555
      vertex -8.68125 1.44772 3.27593
      vertex -8.68125 1.44772 12.7241
    endloop
  endfacet
  facet normal 0.481772 -0.876297 0
    outer loop
      vertex -8.68125 1.44772 3.27593
      vertex -8.85732 1.35092 12.7555
      vertex -8.85732 1.35092 3.24448
    endloop
  endfacet
  facet normal 0.125315 0.992117 -0
    outer loop
      vertex -8.10046 -1.59684 3.32438
      vertex -8.29981 -1.57166 12.6838
      vertex -8.10046 -1.59684 12.6756
    endloop
  endfacet
  facet normal 0.125315 0.992117 0
    outer loop
      vertex -8.29981 -1.57166 12.6838
      vertex -8.10046 -1.59684 3.32438
      vertex -8.29981 -1.57166 3.3162
    endloop
  endfacet
  facet normal 0.904924 0.425571 0.00146365
    outer loop
      vertex -9.40209 -0.770805 12.8823
      vertex -9.48764 -0.588999 12.9129
      vertex -9.47287 -0.620399 12.911
    endloop
  endfacet
  facet normal 0.90483 0.425774 0
    outer loop
      vertex -9.48764 -0.588999 12.9129
      vertex -9.40209 -0.770805 12.8823
      vertex -9.48764 -0.588999 3.08706
    endloop
  endfacet
  facet normal 0.90483 0.425774 -0
    outer loop
      vertex -9.40209 -0.770805 3.11772
      vertex -9.48764 -0.588999 3.08706
      vertex -9.40209 -0.770805 12.8823
    endloop
  endfacet
  facet normal 0.904926 0.425567 -0.0014899
    outer loop
      vertex -9.48764 -0.588999 3.08706
      vertex -9.40209 -0.770805 3.11772
      vertex -9.47287 -0.620399 3.08903
    endloop
  endfacet
  facet normal -0.682496 -0.730615 -0.0200355
    outer loop
      vertex -6.98012 1.23282 12.7939
      vertex -6.83365 1.09527 12.8204
      vertex -6.9782 1.23101 12.7945
    endloop
  endfacet
  facet normal -0.684562 -0.728955 0
    outer loop
      vertex -6.98012 1.23282 3.2061
      vertex -6.83365 1.09527 12.8204
      vertex -6.98012 1.23282 12.7939
    endloop
  endfacet
  facet normal -0.682408 -0.730674 0.0208405
    outer loop
      vertex -6.83365 1.09527 3.17962
      vertex -6.98012 1.23282 3.2061
      vertex -6.9782 1.23101 3.20551
    endloop
  endfacet
  facet normal -0.684562 -0.728955 0
    outer loop
      vertex -6.98012 1.23282 3.2061
      vertex -6.83365 1.09527 3.17962
      vertex -6.83365 1.09527 12.8204
    endloop
  endfacet
  facet normal -0.682496 0.730615 -0.0200355
    outer loop
      vertex -6.83365 -1.09527 12.8204
      vertex -6.98012 -1.23282 12.7939
      vertex -6.9782 -1.23101 12.7945
    endloop
  endfacet
  facet normal -0.684562 0.728955 0
    outer loop
      vertex -6.83365 -1.09527 12.8204
      vertex -6.98012 -1.23282 3.2061
      vertex -6.98012 -1.23282 12.7939
    endloop
  endfacet
  facet normal -0.684562 0.728955 0
    outer loop
      vertex -6.83365 -1.09527 3.17962
      vertex -6.98012 -1.23282 3.2061
      vertex -6.83365 -1.09527 12.8204
    endloop
  endfacet
  facet normal -0.682408 0.730674 0.0208405
    outer loop
      vertex -6.98012 -1.23282 3.2061
      vertex -6.83365 -1.09527 3.17962
      vertex -6.9782 -1.23101 3.20551
    endloop
  endfacet
  facet normal -0.368136 -0.929772 0
    outer loop
      vertex -7.50557 1.52169 3.29996
      vertex -7.31875 1.44772 12.7241
      vertex -7.50557 1.52169 12.7
    endloop
  endfacet
  facet normal -0.368136 -0.929772 -0
    outer loop
      vertex -7.31875 1.44772 12.7241
      vertex -7.50557 1.52169 3.29996
      vertex -7.31875 1.44772 3.27593
    endloop
  endfacet
  facet normal -0.24869 -0.968583 0
    outer loop
      vertex -7.70019 1.57166 3.3162
      vertex -7.50557 1.52169 12.7
      vertex -7.70019 1.57166 12.6838
    endloop
  endfacet
  facet normal -0.24869 -0.968583 -0
    outer loop
      vertex -7.50557 1.52169 12.7
      vertex -7.70019 1.57166 3.3162
      vertex -7.50557 1.52169 3.29996
    endloop
  endfacet
  facet normal 0.770497 0.637444 0
    outer loop
      vertex -9.16635 -1.09527 12.8204
      vertex -9.29443 -0.940456 3.15009
      vertex -9.29443 -0.940456 12.8499
    endloop
  endfacet
  facet normal 0.770497 0.637444 0
    outer loop
      vertex -9.29443 -0.940456 3.15009
      vertex -9.16635 -1.09527 12.8204
      vertex -9.16635 -1.09527 3.17962
    endloop
  endfacet
  facet normal -0.125321 -0.992116 0
    outer loop
      vertex -7.89953 1.59684 3.32438
      vertex -7.70019 1.57166 12.6838
      vertex -7.89953 1.59684 12.6756
    endloop
  endfacet
  facet normal -0.125321 -0.992116 -0
    outer loop
      vertex -7.70019 1.57166 12.6838
      vertex -7.89953 1.59684 3.32438
      vertex -7.70019 1.57166 3.3162
    endloop
  endfacet
  facet normal -0.982288 0.18738 0
    outer loop
      vertex -6.45027 -0.397903 3.07503
      vertex -6.41262 -0.200533 12.9374
      vertex -6.41262 -0.200533 3.06262
    endloop
  endfacet
  facet normal -0.982288 0.18738 0
    outer loop
      vertex -6.41262 -0.200533 12.9374
      vertex -6.45027 -0.397903 3.07503
      vertex -6.45027 -0.397903 12.925
    endloop
  endfacet
  facet normal -0.24869 0.968583 0
    outer loop
      vertex -7.50557 -1.52169 12.7
      vertex -7.70019 -1.57166 3.3162
      vertex -7.70019 -1.57166 12.6838
    endloop
  endfacet
  facet normal -0.24869 0.968583 0
    outer loop
      vertex -7.70019 -1.57166 3.3162
      vertex -7.50557 -1.52169 12.7
      vertex -7.50557 -1.52169 3.29996
    endloop
  endfacet
  facet normal 0.998026 0.062808 0
    outer loop
      vertex -9.58738 -0.200533 12.9374
      vertex -9.6 0 3.05
      vertex -9.6 0 12.95
    endloop
  endfacet
  facet normal 0.998026 0.062808 0
    outer loop
      vertex -9.6 0 3.05
      vertex -9.58738 -0.200533 12.9374
      vertex -9.58738 -0.200533 3.06262
    endloop
  endfacet
  facet normal 0.844336 0.535813 0
    outer loop
      vertex -9.29443 -0.940456 12.8499
      vertex -9.40209 -0.770805 3.11772
      vertex -9.40209 -0.770805 12.8823
    endloop
  endfacet
  facet normal 0.844336 0.535813 0
    outer loop
      vertex -9.40209 -0.770805 3.11772
      vertex -9.29443 -0.940456 12.8499
      vertex -9.29443 -0.940456 3.15009
    endloop
  endfacet
  facet normal 0 -1 0
    outer loop
      vertex -8.10046 1.59684 3.32438
      vertex -7.89953 1.59684 12.6756
      vertex -8.10046 1.59684 12.6756
    endloop
  endfacet
  facet normal 0 -1 -0
    outer loop
      vertex -7.89953 1.59684 12.6756
      vertex -8.10046 1.59684 3.32438
      vertex -7.89953 1.59684 3.32438
    endloop
  endfacet
  facet normal 0.682496 0.730615 -0.0200355
    outer loop
      vertex -9.01988 -1.23282 12.7939
      vertex -9.16635 -1.09527 12.8204
      vertex -9.0218 -1.23101 12.7945
    endloop
  endfacet
  facet normal 0.684562 0.728955 -0
    outer loop
      vertex -9.01988 -1.23282 3.2061
      vertex -9.16635 -1.09527 12.8204
      vertex -9.01988 -1.23282 12.7939
    endloop
  endfacet
  facet normal 0.682408 0.730674 0.0208405
    outer loop
      vertex -9.16635 -1.09527 3.17962
      vertex -9.01988 -1.23282 3.2061
      vertex -9.0218 -1.23101 3.20551
    endloop
  endfacet
  facet normal 0.684562 0.728955 0
    outer loop
      vertex -9.01988 -1.23282 3.2061
      vertex -9.16635 -1.09527 3.17962
      vertex -9.16635 -1.09527 12.8204
    endloop
  endfacet
  facet normal -0.587763 0.809033 0
    outer loop
      vertex -6.98012 -1.23282 12.7939
      vertex -7.14268 -1.35092 3.24448
      vertex -7.14268 -1.35092 12.7555
    endloop
  endfacet
  facet normal -0.587763 0.809033 0
    outer loop
      vertex -7.14268 -1.35092 3.24448
      vertex -6.98012 -1.23282 12.7939
      vertex -6.98012 -1.23282 3.2061
    endloop
  endfacet
  facet normal -0.904926 0.425567 -0.0014899
    outer loop
      vertex -6.59791 -0.770805 3.11772
      vertex -6.51236 -0.588999 3.08706
      vertex -6.52713 -0.620399 3.08903
    endloop
  endfacet
  facet normal -0.90483 0.425774 0
    outer loop
      vertex -6.51236 -0.588999 3.08706
      vertex -6.59791 -0.770805 3.11772
      vertex -6.51236 -0.588999 12.9129
    endloop
  endfacet
  facet normal -0.90483 0.425774 0
    outer loop
      vertex -6.59791 -0.770805 12.8823
      vertex -6.51236 -0.588999 12.9129
      vertex -6.59791 -0.770805 3.11772
    endloop
  endfacet
  facet normal -0.904924 0.425571 0.00146365
    outer loop
      vertex -6.51236 -0.588999 12.9129
      vertex -6.59791 -0.770805 12.8823
      vertex -6.52713 -0.620399 12.911
    endloop
  endfacet
  facet normal 0.682496 -0.730615 -0.0200355
    outer loop
      vertex -9.16635 1.09527 12.8204
      vertex -9.01988 1.23282 12.7939
      vertex -9.0218 1.23101 12.7945
    endloop
  endfacet
  facet normal 0.684562 -0.728955 0
    outer loop
      vertex -9.16635 1.09527 12.8204
      vertex -9.01988 1.23282 3.2061
      vertex -9.01988 1.23282 12.7939
    endloop
  endfacet
  facet normal 0.684562 -0.728955 0
    outer loop
      vertex -9.16635 1.09527 3.17962
      vertex -9.01988 1.23282 3.2061
      vertex -9.16635 1.09527 12.8204
    endloop
  endfacet
  facet normal 0.682408 -0.730674 0.0208405
    outer loop
      vertex -9.01988 1.23282 3.2061
      vertex -9.16635 1.09527 3.17962
      vertex -9.0218 1.23101 3.20551
    endloop
  endfacet
  facet normal 0 1 -0
    outer loop
      vertex -7.89953 -1.59684 3.32438
      vertex -8.10046 -1.59684 12.6756
      vertex -7.89953 -1.59684 12.6756
    endloop
  endfacet
  facet normal 0 1 0
    outer loop
      vertex -8.10046 -1.59684 12.6756
      vertex -7.89953 -1.59684 3.32438
      vertex -8.10046 -1.59684 3.32438
    endloop
  endfacet
  facet normal 0.982288 0.18738 0
    outer loop
      vertex -9.54973 -0.397903 12.925
      vertex -9.58738 -0.200533 3.06262
      vertex -9.58738 -0.200533 12.9374
    endloop
  endfacet
  facet normal 0.982288 0.18738 0
    outer loop
      vertex -9.58738 -0.200533 3.06262
      vertex -9.54973 -0.397903 12.925
      vertex -9.54973 -0.397903 3.07503
    endloop
  endfacet
  facet normal 0.951058 -0.309013 0
    outer loop
      vertex -9.54973 0.397903 12.925
      vertex -9.48764 0.588999 3.08706
      vertex -9.48764 0.588999 12.9129
    endloop
  endfacet
  facet normal 0.951058 -0.309013 0
    outer loop
      vertex -9.48764 0.588999 3.08706
      vertex -9.54973 0.397903 12.925
      vertex -9.54973 0.397903 3.07503
    endloop
  endfacet
  facet normal 0.481772 0.876297 -0
    outer loop
      vertex -8.68125 -1.44772 3.27593
      vertex -8.85732 -1.35092 12.7555
      vertex -8.68125 -1.44772 12.7241
    endloop
  endfacet
  facet normal 0.481772 0.876297 0
    outer loop
      vertex -8.85732 -1.35092 12.7555
      vertex -8.68125 -1.44772 3.27593
      vertex -8.85732 -1.35092 3.24448
    endloop
  endfacet
  facet normal 0.770497 -0.637444 0
    outer loop
      vertex -9.29443 0.940456 12.8499
      vertex -9.16635 1.09527 3.17962
      vertex -9.16635 1.09527 12.8204
    endloop
  endfacet
  facet normal 0.770497 -0.637444 0
    outer loop
      vertex -9.16635 1.09527 3.17962
      vertex -9.29443 0.940456 12.8499
      vertex -9.29443 0.940456 3.15009
    endloop
  endfacet
  facet normal 0.587763 0.809033 -0
    outer loop
      vertex -8.85732 -1.35092 3.24448
      vertex -9.01988 -1.23282 12.7939
      vertex -8.85732 -1.35092 12.7555
    endloop
  endfacet
  facet normal 0.587763 0.809033 0
    outer loop
      vertex -9.01988 -1.23282 12.7939
      vertex -8.85732 -1.35092 3.24448
      vertex -9.01988 -1.23282 3.2061
    endloop
  endfacet
  facet normal 0.844336 -0.535813 0
    outer loop
      vertex -9.40209 0.770805 12.8823
      vertex -9.29443 0.940456 3.15009
      vertex -9.29443 0.940456 12.8499
    endloop
  endfacet
  facet normal 0.844336 -0.535813 0
    outer loop
      vertex -9.29443 0.940456 3.15009
      vertex -9.40209 0.770805 12.8823
      vertex -9.40209 0.770805 3.11772
    endloop
  endfacet
  facet normal 0.904924 -0.425571 0.00146365
    outer loop
      vertex -9.48764 0.588999 12.9129
      vertex -9.40209 0.770805 12.8823
      vertex -9.47287 0.620399 12.911
    endloop
  endfacet
  facet normal 0.90483 -0.425774 0
    outer loop
      vertex -9.40209 0.770805 12.8823
      vertex -9.48764 0.588999 12.9129
      vertex -9.40209 0.770805 3.11772
    endloop
  endfacet
  facet normal 0.90483 -0.425774 0
    outer loop
      vertex -9.48764 0.588999 3.08706
      vertex -9.40209 0.770805 3.11772
      vertex -9.48764 0.588999 12.9129
    endloop
  endfacet
  facet normal 0.904926 -0.425567 -0.0014899
    outer loop
      vertex -9.40209 0.770805 3.11772
      vertex -9.48764 0.588999 3.08706
      vertex -9.47287 0.620399 3.08903
    endloop
  endfacet
  facet normal 0 1 -0
    outer loop
      vertex -6.4 -2.77128 0
      vertex -9.6 -2.77128 2.45
      vertex -6.4 -2.77128 2.45
    endloop
  endfacet
  facet normal 0 1 0
    outer loop
      vertex -9.6 -2.77128 2.45
      vertex -6.4 -2.77128 0
      vertex -9.6 -2.77128 0
    endloop
  endfacet
  facet normal -0.866026 0.499999 0
    outer loop
      vertex -4.8 0 0
      vertex -5 -0.346411 1.97179
      vertex -4.8 0 2.45
    endloop
  endfacet
  facet normal -0.866029 0.499994 -1.28584e-06
    outer loop
      vertex -4.8 0 0
      vertex -5.23778 -0.758265 1.99771
      vertex -5 -0.346411 1.97179
    endloop
  endfacet
  facet normal -0.866025 0.5 2.04009e-06
    outer loop
      vertex -6.4 -2.77128 0
      vertex -5.23778 -0.758265 1.99771
      vertex -4.8 0 0
    endloop
  endfacet
  facet normal -0.866025 0.500001 1.31253e-06
    outer loop
      vertex -5.23778 -0.758265 1.99771
      vertex -6.4 -2.77128 0
      vertex -5.66866 -1.50457 2.14007
    endloop
  endfacet
  facet normal -0.866022 0.500007 -3.3291e-06
    outer loop
      vertex -5.66866 -1.50457 2.14007
      vertex -6.4 -2.77128 0
      vertex -6.08585 -2.22715 2.37485
    endloop
  endfacet
  facet normal -0.866028 0.499996 0
    outer loop
      vertex -6.4 -2.77128 2.45
      vertex -6.08585 -2.22715 2.37485
      vertex -6.4 -2.77128 0
    endloop
  endfacet
  facet normal -0.866026 0.499999 2.90475e-05
    outer loop
      vertex -6.08585 -2.22715 2.37485
      vertex -6.4 -2.77128 2.45
      vertex -6.17805 -2.38685 2.45
    endloop
  endfacet
  facet normal -0.866026 0.499999 0
    outer loop
      vertex -4.8 0 2.45
      vertex -5 -0.346411 1.97179
      vertex -5 -0.346411 2.45
    endloop
  endfacet
  facet normal 0 -1 0
    outer loop
      vertex -9.6 2.77128 0
      vertex -6.4 2.77128 2.45
      vertex -9.6 2.77128 2.45
    endloop
  endfacet
  facet normal 0 -1 -0
    outer loop
      vertex -6.4 2.77128 2.45
      vertex -9.6 2.77128 0
      vertex -6.4 2.77128 0
    endloop
  endfacet
  facet normal -0.866028 -0.499996 0
    outer loop
      vertex -6.08585 2.22715 2.37485
      vertex -6.4 2.77128 2.45
      vertex -6.4 2.77128 0
    endloop
  endfacet
  facet normal -0.866026 -0.499999 2.90475e-05
    outer loop
      vertex -6.4 2.77128 2.45
      vertex -6.08585 2.22715 2.37485
      vertex -6.17805 2.38685 2.45
    endloop
  endfacet
  facet normal -0.866022 -0.500007 -3.3291e-06
    outer loop
      vertex -6.4 2.77128 0
      vertex -5.66866 1.50457 2.14007
      vertex -6.08585 2.22715 2.37485
    endloop
  endfacet
  facet normal -0.866025 -0.500001 1.31253e-06
    outer loop
      vertex -6.4 2.77128 0
      vertex -5.23778 0.758265 1.99771
      vertex -5.66866 1.50457 2.14007
    endloop
  endfacet
  facet normal -0.866025 -0.5 2.04009e-06
    outer loop
      vertex -4.8 0 0
      vertex -5.23778 0.758265 1.99771
      vertex -6.4 2.77128 0
    endloop
  endfacet
  facet normal -0.866029 -0.499994 -1.28584e-06
    outer loop
      vertex -5.23778 0.758265 1.99771
      vertex -4.8 0 0
      vertex -5 0.346411 1.97179
    endloop
  endfacet
  facet normal -0.866026 -0.499999 -0
    outer loop
      vertex -4.8 0 2.45
      vertex -5 0.346411 1.97179
      vertex -4.8 0 0
    endloop
  endfacet
  facet normal -0.866026 -0.499999 0
    outer loop
      vertex -5 0.346411 1.97179
      vertex -4.8 0 2.45
      vertex -5 0.346411 2.45
    endloop
  endfacet
  facet normal 0.866026 -0.499999 2.90475e-05
    outer loop
      vertex -9.91415 2.22715 2.37485
      vertex -9.6 2.77128 2.45
      vertex -9.82195 2.38685 2.45
    endloop
  endfacet
  facet normal 0.866028 -0.499996 0
    outer loop
      vertex -9.6 2.77128 2.45
      vertex -9.91415 2.22715 2.37485
      vertex -9.6 2.77128 0
    endloop
  endfacet
  facet normal 0.866041 -0.499973 6.8942e-06
    outer loop
      vertex -10.3313 1.50457 2.14007
      vertex -9.6 2.77128 0
      vertex -9.91415 2.22715 2.37485
    endloop
  endfacet
  facet normal 0.866017 -0.500014 -2.55753e-05
    outer loop
      vertex -10.7622 0.758265 1.99771
      vertex -9.6 2.77128 0
      vertex -10.3313 1.50457 2.14007
    endloop
  endfacet
  facet normal 0.866018 -0.500013 0
    outer loop
      vertex -11.2 0 0
      vertex -10.7622 0.758265 1.99771
      vertex -11.2 0 1.95
    endloop
  endfacet
  facet normal 0.866025 -0.5 -6.63009e-06
    outer loop
      vertex -10.7622 0.758265 1.99771
      vertex -11.2 0 0
      vertex -9.6 2.77128 0
    endloop
  endfacet
  facet normal 0.866018 0.500013 0
    outer loop
      vertex -10.7622 -0.758265 1.99771
      vertex -11.2 0 0
      vertex -11.2 0 1.95
    endloop
  endfacet
  facet normal 0.866017 0.500014 -2.55753e-05
    outer loop
      vertex -9.6 -2.77128 0
      vertex -10.7622 -0.758265 1.99771
      vertex -10.3313 -1.50457 2.14007
    endloop
  endfacet
  facet normal 0.866041 0.499973 6.8942e-06
    outer loop
      vertex -9.6 -2.77128 0
      vertex -10.3313 -1.50457 2.14007
      vertex -9.91415 -2.22715 2.37485
    endloop
  endfacet
  facet normal 0.866026 0.499999 2.90475e-05
    outer loop
      vertex -9.6 -2.77128 2.45
      vertex -9.91415 -2.22715 2.37485
      vertex -9.82195 -2.38685 2.45
    endloop
  endfacet
  facet normal 0.866028 0.499996 0
    outer loop
      vertex -9.91415 -2.22715 2.37485
      vertex -9.6 -2.77128 2.45
      vertex -9.6 -2.77128 0
    endloop
  endfacet
  facet normal 0.866025 0.5 -6.63009e-06
    outer loop
      vertex -10.7622 -0.758265 1.99771
      vertex -9.6 -2.77128 0
      vertex -11.2 0 0
    endloop
  endfacet
  facet normal 0 0 -1
    outer loop
      vertex -9.6 -2.77128 2.45
      vertex -6.17805 -2.38685 2.45
      vertex -6.4 -2.77128 2.45
    endloop
  endfacet
  facet normal -0 0 -1
    outer loop
      vertex -6.17805 -2.38685 2.45
      vertex -9.6 -2.77128 2.45
      vertex -9.82195 -2.38685 2.45
    endloop
  endfacet
  facet normal 0 0 -1
    outer loop
      vertex -6.17805 2.38685 2.45
      vertex -9.6 2.77128 2.45
      vertex -6.4 2.77128 2.45
    endloop
  endfacet
  facet normal 0 -0 -1
    outer loop
      vertex -9.6 2.77128 2.45
      vertex -6.17805 2.38685 2.45
      vertex -9.82195 2.38685 2.45
    endloop
  endfacet
  facet normal 0 0 -1
    outer loop
      vertex -5 0.346411 2.45
      vertex -4.8 0 2.45
      vertex -5 -0.346411 2.45
    endloop
  endfacet
  facet normal -0.982293 -0.187352 0
    outer loop
      vertex 1.58738 14.8005 0
      vertex 1.54973 14.9979 4
      vertex 1.54973 14.9979 0
    endloop
  endfacet
  facet normal -0.982293 -0.187352 0
    outer loop
      vertex 1.54973 14.9979 4
      vertex 1.58738 14.8005 0
      vertex 1.58738 14.8005 4
    endloop
  endfacet
  facet normal -0.998025 -0.0628183 0
    outer loop
      vertex 1.6 14.6 0
      vertex 1.58738 14.8005 4
      vertex 1.58738 14.8005 0
    endloop
  endfacet
  facet normal -0.998025 -0.0628183 0
    outer loop
      vertex 1.58738 14.8005 4
      vertex 1.6 14.6 0
      vertex 1.6 14.6 4
    endloop
  endfacet
  facet normal -0.95106 -0.309007 0
    outer loop
      vertex 1.54973 14.9979 0
      vertex 1.48764 15.189 4
      vertex 1.48764 15.189 0
    endloop
  endfacet
  facet normal -0.95106 -0.309007 0
    outer loop
      vertex 1.48764 15.189 4
      vertex 1.54973 14.9979 0
      vertex 1.54973 14.9979 4
    endloop
  endfacet
  facet normal 0.248833 -0.968546 0
    outer loop
      vertex -0.494427 16.1217 0
      vertex -0.299809 16.1717 4
      vertex -0.494427 16.1217 4
    endloop
  endfacet
  facet normal 0.248833 -0.968546 0
    outer loop
      vertex -0.299809 16.1717 4
      vertex -0.494427 16.1217 0
      vertex -0.299809 16.1717 0
    endloop
  endfacet
  facet normal -0.124927 -0.992166 0
    outer loop
      vertex 0.100465 16.1968 0
      vertex 0.299809 16.1717 4
      vertex 0.100465 16.1968 4
    endloop
  endfacet
  facet normal -0.124927 -0.992166 -0
    outer loop
      vertex 0.299809 16.1717 4
      vertex 0.100465 16.1968 0
      vertex 0.299809 16.1717 0
    endloop
  endfacet
  facet normal 0.58777 -0.809028 0
    outer loop
      vertex -1.01988 15.8328 0
      vertex -0.857323 15.9509 4
      vertex -1.01988 15.8328 4
    endloop
  endfacet
  facet normal 0.58777 -0.809028 0
    outer loop
      vertex -0.857323 15.9509 4
      vertex -1.01988 15.8328 0
      vertex -0.857323 15.9509 0
    endloop
  endfacet
  facet normal -0.368265 -0.929721 0
    outer loop
      vertex 0.494427 16.1217 0
      vertex 0.681247 16.0477 4
      vertex 0.494427 16.1217 4
    endloop
  endfacet
  facet normal -0.368265 -0.929721 -0
    outer loop
      vertex 0.681247 16.0477 4
      vertex 0.494427 16.1217 0
      vertex 0.681247 16.0477 0
    endloop
  endfacet
  facet normal 0.481759 0.876304 -0
    outer loop
      vertex -0.681247 13.1523 0
      vertex -0.857323 13.2491 4
      vertex -0.681247 13.1523 4
    endloop
  endfacet
  facet normal 0.481759 0.876304 0
    outer loop
      vertex -0.857323 13.2491 4
      vertex -0.681247 13.1523 0
      vertex -0.857323 13.2491 0
    endloop
  endfacet
  facet normal -0.904824 -0.425785 0
    outer loop
      vertex 1.48764 15.189 0
      vertex 1.40209 15.3708 4
      vertex 1.40209 15.3708 0
    endloop
  endfacet
  facet normal -0.904824 -0.425785 0
    outer loop
      vertex 1.40209 15.3708 4
      vertex 1.48764 15.189 0
      vertex 1.48764 15.189 4
    endloop
  endfacet
  facet normal 0.124927 -0.992166 0
    outer loop
      vertex -0.299809 16.1717 0
      vertex -0.100465 16.1968 4
      vertex -0.299809 16.1717 4
    endloop
  endfacet
  facet normal 0.124927 -0.992166 0
    outer loop
      vertex -0.100465 16.1968 4
      vertex -0.299809 16.1717 0
      vertex -0.100465 16.1968 0
    endloop
  endfacet
  facet normal 0.770468 -0.637478 0
    outer loop
      vertex -1.29443 15.5405 4
      vertex -1.16635 15.6953 0
      vertex -1.16635 15.6953 4
    endloop
  endfacet
  facet normal 0.770468 -0.637478 0
    outer loop
      vertex -1.16635 15.6953 0
      vertex -1.29443 15.5405 4
      vertex -1.29443 15.5405 0
    endloop
  endfacet
  facet normal -0.770468 0.637478 0
    outer loop
      vertex 1.16635 13.5047 0
      vertex 1.29443 13.6595 4
      vertex 1.29443 13.6595 0
    endloop
  endfacet
  facet normal -0.770468 0.637478 0
    outer loop
      vertex 1.29443 13.6595 4
      vertex 1.16635 13.5047 0
      vertex 1.16635 13.5047 4
    endloop
  endfacet
  facet normal -0.844406 0.535703 0
    outer loop
      vertex 1.29443 13.6595 0
      vertex 1.40209 13.8292 4
      vertex 1.40209 13.8292 0
    endloop
  endfacet
  facet normal -0.844406 0.535703 0
    outer loop
      vertex 1.40209 13.8292 4
      vertex 1.29443 13.6595 0
      vertex 1.29443 13.6595 4
    endloop
  endfacet
  facet normal -0.95106 0.309007 0
    outer loop
      vertex 1.48764 14.011 0
      vertex 1.54973 14.2021 4
      vertex 1.54973 14.2021 0
    endloop
  endfacet
  facet normal -0.95106 0.309007 0
    outer loop
      vertex 1.54973 14.2021 4
      vertex 1.48764 14.011 0
      vertex 1.48764 14.011 4
    endloop
  endfacet
  facet normal 0.770468 0.637478 0
    outer loop
      vertex -1.16635 13.5047 4
      vertex -1.29443 13.6595 0
      vertex -1.29443 13.6595 4
    endloop
  endfacet
  facet normal 0.770468 0.637478 0
    outer loop
      vertex -1.29443 13.6595 0
      vertex -1.16635 13.5047 4
      vertex -1.16635 13.5047 0
    endloop
  endfacet
  facet normal 0.368265 0.929721 -0
    outer loop
      vertex -0.494427 13.0783 0
      vertex -0.681247 13.1523 4
      vertex -0.494427 13.0783 4
    endloop
  endfacet
  facet normal 0.368265 0.929721 0
    outer loop
      vertex -0.681247 13.1523 4
      vertex -0.494427 13.0783 0
      vertex -0.681247 13.1523 0
    endloop
  endfacet
  facet normal 0.904824 -0.425785 0
    outer loop
      vertex -1.48764 15.189 4
      vertex -1.40209 15.3708 0
      vertex -1.40209 15.3708 4
    endloop
  endfacet
  facet normal 0.904824 -0.425785 0
    outer loop
      vertex -1.40209 15.3708 0
      vertex -1.48764 15.189 4
      vertex -1.48764 15.189 0
    endloop
  endfacet
  facet normal -0.904824 0.425785 0
    outer loop
      vertex 1.40209 13.8292 0
      vertex 1.48764 14.011 4
      vertex 1.48764 14.011 0
    endloop
  endfacet
  facet normal -0.904824 0.425785 0
    outer loop
      vertex 1.48764 14.011 4
      vertex 1.40209 13.8292 0
      vertex 1.40209 13.8292 4
    endloop
  endfacet
  facet normal -0.58777 -0.809028 0
    outer loop
      vertex 0.857323 15.9509 0
      vertex 1.01988 15.8328 4
      vertex 0.857323 15.9509 4
    endloop
  endfacet
  facet normal -0.58777 -0.809028 -0
    outer loop
      vertex 1.01988 15.8328 4
      vertex 0.857323 15.9509 0
      vertex 1.01988 15.8328 0
    endloop
  endfacet
  facet normal -0.844406 -0.535703 0
    outer loop
      vertex 1.40209 15.3708 0
      vertex 1.29443 15.5405 4
      vertex 1.29443 15.5405 0
    endloop
  endfacet
  facet normal -0.844406 -0.535703 0
    outer loop
      vertex 1.29443 15.5405 4
      vertex 1.40209 15.3708 0
      vertex 1.40209 15.3708 4
    endloop
  endfacet
  facet normal 0.248833 0.968546 -0
    outer loop
      vertex -0.299809 13.0283 0
      vertex -0.494427 13.0783 4
      vertex -0.299809 13.0283 4
    endloop
  endfacet
  facet normal 0.248833 0.968546 0
    outer loop
      vertex -0.494427 13.0783 4
      vertex -0.299809 13.0283 0
      vertex -0.494427 13.0783 0
    endloop
  endfacet
  facet normal 0.58777 0.809028 -0
    outer loop
      vertex -0.857323 13.2491 0
      vertex -1.01988 13.3672 4
      vertex -0.857323 13.2491 4
    endloop
  endfacet
  facet normal 0.58777 0.809028 0
    outer loop
      vertex -1.01988 13.3672 4
      vertex -0.857323 13.2491 0
      vertex -1.01988 13.3672 0
    endloop
  endfacet
  facet normal -0.684429 -0.729079 0
    outer loop
      vertex 1.01988 15.8328 0
      vertex 1.16635 15.6953 4
      vertex 1.01988 15.8328 4
    endloop
  endfacet
  facet normal -0.684429 -0.729079 -0
    outer loop
      vertex 1.16635 15.6953 4
      vertex 1.01988 15.8328 0
      vertex 1.16635 15.6953 0
    endloop
  endfacet
  facet normal -0.998025 0.0628183 0
    outer loop
      vertex 1.58738 14.3995 0
      vertex 1.6 14.6 4
      vertex 1.6 14.6 0
    endloop
  endfacet
  facet normal -0.998025 0.0628183 0
    outer loop
      vertex 1.6 14.6 4
      vertex 1.58738 14.3995 0
      vertex 1.58738 14.3995 4
    endloop
  endfacet
  facet normal 0.481759 -0.876304 0
    outer loop
      vertex -0.857323 15.9509 0
      vertex -0.681247 16.0477 4
      vertex -0.857323 15.9509 4
    endloop
  endfacet
  facet normal 0.481759 -0.876304 0
    outer loop
      vertex -0.681247 16.0477 4
      vertex -0.857323 15.9509 0
      vertex -0.681247 16.0477 0
    endloop
  endfacet
  facet normal 0.998025 0.0628183 0
    outer loop
      vertex -1.58738 14.3995 4
      vertex -1.6 14.6 0
      vertex -1.6 14.6 4
    endloop
  endfacet
  facet normal 0.998025 0.0628183 0
    outer loop
      vertex -1.6 14.6 0
      vertex -1.58738 14.3995 4
      vertex -1.58738 14.3995 0
    endloop
  endfacet
  facet normal -0.124927 0.992166 0
    outer loop
      vertex 0.299809 13.0283 0
      vertex 0.100465 13.0032 4
      vertex 0.299809 13.0283 4
    endloop
  endfacet
  facet normal -0.124927 0.992166 0
    outer loop
      vertex 0.100465 13.0032 4
      vertex 0.299809 13.0283 0
      vertex 0.100465 13.0032 0
    endloop
  endfacet
  facet normal -0.982293 0.187352 0
    outer loop
      vertex 1.54973 14.2021 0
      vertex 1.58738 14.3995 4
      vertex 1.58738 14.3995 0
    endloop
  endfacet
  facet normal -0.982293 0.187352 0
    outer loop
      vertex 1.58738 14.3995 4
      vertex 1.54973 14.2021 0
      vertex 1.54973 14.2021 4
    endloop
  endfacet
  facet normal 0.684429 -0.729079 0
    outer loop
      vertex -1.16635 15.6953 0
      vertex -1.01988 15.8328 4
      vertex -1.16635 15.6953 4
    endloop
  endfacet
  facet normal 0.684429 -0.729079 0
    outer loop
      vertex -1.01988 15.8328 4
      vertex -1.16635 15.6953 0
      vertex -1.01988 15.8328 0
    endloop
  endfacet
  facet normal 0 -1 0
    outer loop
      vertex -0.100465 16.1968 0
      vertex 0.100465 16.1968 4
      vertex -0.100465 16.1968 4
    endloop
  endfacet
  facet normal 0 -1 -0
    outer loop
      vertex 0.100465 16.1968 4
      vertex -0.100465 16.1968 0
      vertex 0.100465 16.1968 0
    endloop
  endfacet
  facet normal -0.248833 0.968546 0
    outer loop
      vertex 0.494427 13.0783 0
      vertex 0.299809 13.0283 4
      vertex 0.494427 13.0783 4
    endloop
  endfacet
  facet normal -0.248833 0.968546 0
    outer loop
      vertex 0.299809 13.0283 4
      vertex 0.494427 13.0783 0
      vertex 0.299809 13.0283 0
    endloop
  endfacet
  facet normal -0.368265 0.929721 0
    outer loop
      vertex 0.681247 13.1523 0
      vertex 0.494427 13.0783 4
      vertex 0.681247 13.1523 4
    endloop
  endfacet
  facet normal -0.368265 0.929721 0
    outer loop
      vertex 0.494427 13.0783 4
      vertex 0.681247 13.1523 0
      vertex 0.494427 13.0783 0
    endloop
  endfacet
  facet normal 0.95106 -0.309007 0
    outer loop
      vertex -1.54973 14.9979 4
      vertex -1.48764 15.189 0
      vertex -1.48764 15.189 4
    endloop
  endfacet
  facet normal 0.95106 -0.309007 0
    outer loop
      vertex -1.48764 15.189 0
      vertex -1.54973 14.9979 4
      vertex -1.54973 14.9979 0
    endloop
  endfacet
  facet normal 0 1 -0
    outer loop
      vertex 0.100465 13.0032 0
      vertex -0.100465 13.0032 4
      vertex 0.100465 13.0032 4
    endloop
  endfacet
  facet normal 0 1 0
    outer loop
      vertex -0.100465 13.0032 4
      vertex 0.100465 13.0032 0
      vertex -0.100465 13.0032 0
    endloop
  endfacet
  facet normal 0.95106 0.309007 0
    outer loop
      vertex -1.48764 14.011 4
      vertex -1.54973 14.2021 0
      vertex -1.54973 14.2021 4
    endloop
  endfacet
  facet normal 0.95106 0.309007 0
    outer loop
      vertex -1.54973 14.2021 0
      vertex -1.48764 14.011 4
      vertex -1.48764 14.011 0
    endloop
  endfacet
  facet normal -0.58777 0.809028 0
    outer loop
      vertex 1.01988 13.3672 0
      vertex 0.857323 13.2491 4
      vertex 1.01988 13.3672 4
    endloop
  endfacet
  facet normal -0.58777 0.809028 0
    outer loop
      vertex 0.857323 13.2491 4
      vertex 1.01988 13.3672 0
      vertex 0.857323 13.2491 0
    endloop
  endfacet
  facet normal -0.684429 0.729079 0
    outer loop
      vertex 1.16635 13.5047 0
      vertex 1.01988 13.3672 4
      vertex 1.16635 13.5047 4
    endloop
  endfacet
  facet normal -0.684429 0.729079 0
    outer loop
      vertex 1.01988 13.3672 4
      vertex 1.16635 13.5047 0
      vertex 1.01988 13.3672 0
    endloop
  endfacet
  facet normal 0.684429 0.729079 -0
    outer loop
      vertex -1.01988 13.3672 0
      vertex -1.16635 13.5047 4
      vertex -1.01988 13.3672 4
    endloop
  endfacet
  facet normal 0.684429 0.729079 0
    outer loop
      vertex -1.16635 13.5047 4
      vertex -1.01988 13.3672 0
      vertex -1.16635 13.5047 0
    endloop
  endfacet
  facet normal -0.481759 -0.876304 0
    outer loop
      vertex 0.681247 16.0477 0
      vertex 0.857323 15.9509 4
      vertex 0.681247 16.0477 4
    endloop
  endfacet
  facet normal -0.481759 -0.876304 -0
    outer loop
      vertex 0.857323 15.9509 4
      vertex 0.681247 16.0477 0
      vertex 0.857323 15.9509 0
    endloop
  endfacet
  facet normal -0.770468 -0.637478 0
    outer loop
      vertex 1.29443 15.5405 0
      vertex 1.16635 15.6953 4
      vertex 1.16635 15.6953 0
    endloop
  endfacet
  facet normal -0.770468 -0.637478 0
    outer loop
      vertex 1.16635 15.6953 4
      vertex 1.29443 15.5405 0
      vertex 1.29443 15.5405 4
    endloop
  endfacet
  facet normal -0.248833 -0.968546 0
    outer loop
      vertex 0.299809 16.1717 0
      vertex 0.494427 16.1217 4
      vertex 0.299809 16.1717 4
    endloop
  endfacet
  facet normal -0.248833 -0.968546 -0
    outer loop
      vertex 0.494427 16.1217 4
      vertex 0.299809 16.1717 0
      vertex 0.494427 16.1217 0
    endloop
  endfacet
  facet normal 0.368265 -0.929721 0
    outer loop
      vertex -0.681247 16.0477 0
      vertex -0.494427 16.1217 4
      vertex -0.681247 16.0477 4
    endloop
  endfacet
  facet normal 0.368265 -0.929721 0
    outer loop
      vertex -0.494427 16.1217 4
      vertex -0.681247 16.0477 0
      vertex -0.494427 16.1217 0
    endloop
  endfacet
  facet normal 0.998025 -0.0628183 0
    outer loop
      vertex -1.6 14.6 4
      vertex -1.58738 14.8005 0
      vertex -1.58738 14.8005 4
    endloop
  endfacet
  facet normal 0.998025 -0.0628183 0
    outer loop
      vertex -1.58738 14.8005 0
      vertex -1.6 14.6 4
      vertex -1.6 14.6 0
    endloop
  endfacet
  facet normal 0.982293 -0.187352 0
    outer loop
      vertex -1.58738 14.8005 4
      vertex -1.54973 14.9979 0
      vertex -1.54973 14.9979 4
    endloop
  endfacet
  facet normal 0.982293 -0.187352 0
    outer loop
      vertex -1.54973 14.9979 0
      vertex -1.58738 14.8005 4
      vertex -1.58738 14.8005 0
    endloop
  endfacet
  facet normal 0.124927 0.992166 -0
    outer loop
      vertex -0.100465 13.0032 0
      vertex -0.299809 13.0283 4
      vertex -0.100465 13.0032 4
    endloop
  endfacet
  facet normal 0.124927 0.992166 0
    outer loop
      vertex -0.299809 13.0283 4
      vertex -0.100465 13.0032 0
      vertex -0.299809 13.0283 0
    endloop
  endfacet
  facet normal 0.982293 0.187352 0
    outer loop
      vertex -1.54973 14.2021 4
      vertex -1.58738 14.3995 0
      vertex -1.58738 14.3995 4
    endloop
  endfacet
  facet normal 0.982293 0.187352 0
    outer loop
      vertex -1.58738 14.3995 0
      vertex -1.54973 14.2021 4
      vertex -1.54973 14.2021 0
    endloop
  endfacet
  facet normal 0.844406 0.535703 0
    outer loop
      vertex -1.29443 13.6595 4
      vertex -1.40209 13.8292 0
      vertex -1.40209 13.8292 4
    endloop
  endfacet
  facet normal 0.844406 0.535703 0
    outer loop
      vertex -1.40209 13.8292 0
      vertex -1.29443 13.6595 4
      vertex -1.29443 13.6595 0
    endloop
  endfacet
  facet normal -0.481759 0.876304 0
    outer loop
      vertex 0.857323 13.2491 0
      vertex 0.681247 13.1523 4
      vertex 0.857323 13.2491 4
    endloop
  endfacet
  facet normal -0.481759 0.876304 0
    outer loop
      vertex 0.681247 13.1523 4
      vertex 0.857323 13.2491 0
      vertex 0.681247 13.1523 0
    endloop
  endfacet
  facet normal 0.904824 0.425785 0
    outer loop
      vertex -1.40209 13.8292 4
      vertex -1.48764 14.011 0
      vertex -1.48764 14.011 4
    endloop
  endfacet
  facet normal 0.904824 0.425785 0
    outer loop
      vertex -1.48764 14.011 0
      vertex -1.40209 13.8292 4
      vertex -1.40209 13.8292 0
    endloop
  endfacet
  facet normal 0.844406 -0.535703 0
    outer loop
      vertex -1.40209 15.3708 4
      vertex -1.29443 15.5405 0
      vertex -1.29443 15.5405 4
    endloop
  endfacet
  facet normal 0.844406 -0.535703 0
    outer loop
      vertex -1.29443 15.5405 0
      vertex -1.40209 15.3708 4
      vertex -1.40209 15.3708 0
    endloop
  endfacet
  facet normal -0.58777 0.809028 0
    outer loop
      vertex 1.01988 39.1672 0
      vertex 0.857323 39.0491 4
      vertex 1.01988 39.1672 4
    endloop
  endfacet
  facet normal -0.58777 0.809028 0
    outer loop
      vertex 0.857323 39.0491 4
      vertex 1.01988 39.1672 0
      vertex 0.857323 39.0491 0
    endloop
  endfacet
  facet normal -0.982293 -0.187352 0
    outer loop
      vertex 1.58738 40.6005 0
      vertex 1.54973 40.7979 4
      vertex 1.54973 40.7979 0
    endloop
  endfacet
  facet normal -0.982293 -0.187352 0
    outer loop
      vertex 1.54973 40.7979 4
      vertex 1.58738 40.6005 0
      vertex 1.58738 40.6005 4
    endloop
  endfacet
  facet normal -0.998025 -0.0628183 0
    outer loop
      vertex 1.6 40.4 0
      vertex 1.58738 40.6005 4
      vertex 1.58738 40.6005 0
    endloop
  endfacet
  facet normal -0.998025 -0.0628183 0
    outer loop
      vertex 1.58738 40.6005 4
      vertex 1.6 40.4 0
      vertex 1.6 40.4 4
    endloop
  endfacet
  facet normal -0.95106 -0.309007 0
    outer loop
      vertex 1.54973 40.7979 0
      vertex 1.48764 40.989 4
      vertex 1.48764 40.989 0
    endloop
  endfacet
  facet normal -0.95106 -0.309007 0
    outer loop
      vertex 1.48764 40.989 4
      vertex 1.54973 40.7979 0
      vertex 1.54973 40.7979 4
    endloop
  endfacet
  facet normal -0.998025 0.0628183 0
    outer loop
      vertex 1.58738 40.1995 0
      vertex 1.6 40.4 4
      vertex 1.6 40.4 0
    endloop
  endfacet
  facet normal -0.998025 0.0628183 0
    outer loop
      vertex 1.6 40.4 4
      vertex 1.58738 40.1995 0
      vertex 1.58738 40.1995 4
    endloop
  endfacet
  facet normal 0.58777 -0.809028 0
    outer loop
      vertex -1.01988 41.6328 0
      vertex -0.857323 41.7509 4
      vertex -1.01988 41.6328 4
    endloop
  endfacet
  facet normal 0.58777 -0.809028 0
    outer loop
      vertex -0.857323 41.7509 4
      vertex -1.01988 41.6328 0
      vertex -0.857323 41.7509 0
    endloop
  endfacet
  facet normal -0.844406 -0.535703 0
    outer loop
      vertex 1.40209 41.1708 0
      vertex 1.29443 41.3405 4
      vertex 1.29443 41.3405 0
    endloop
  endfacet
  facet normal -0.844406 -0.535703 0
    outer loop
      vertex 1.29443 41.3405 4
      vertex 1.40209 41.1708 0
      vertex 1.40209 41.1708 4
    endloop
  endfacet
  facet normal 0.684429 -0.729079 0
    outer loop
      vertex -1.16635 41.4953 0
      vertex -1.01988 41.6328 4
      vertex -1.16635 41.4953 4
    endloop
  endfacet
  facet normal 0.684429 -0.729079 0
    outer loop
      vertex -1.01988 41.6328 4
      vertex -1.16635 41.4953 0
      vertex -1.01988 41.6328 0
    endloop
  endfacet
  facet normal 0.844406 -0.535703 0
    outer loop
      vertex -1.40209 41.1708 4
      vertex -1.29443 41.3405 0
      vertex -1.29443 41.3405 4
    endloop
  endfacet
  facet normal 0.844406 -0.535703 0
    outer loop
      vertex -1.29443 41.3405 0
      vertex -1.40209 41.1708 4
      vertex -1.40209 41.1708 0
    endloop
  endfacet
  facet normal -0.481759 -0.876304 0
    outer loop
      vertex 0.681247 41.8477 0
      vertex 0.857323 41.7509 4
      vertex 0.681247 41.8477 4
    endloop
  endfacet
  facet normal -0.481759 -0.876304 -0
    outer loop
      vertex 0.857323 41.7509 4
      vertex 0.681247 41.8477 0
      vertex 0.857323 41.7509 0
    endloop
  endfacet
  facet normal -0.368265 -0.929721 0
    outer loop
      vertex 0.494427 41.9217 0
      vertex 0.681247 41.8477 4
      vertex 0.494427 41.9217 4
    endloop
  endfacet
  facet normal -0.368265 -0.929721 -0
    outer loop
      vertex 0.681247 41.8477 4
      vertex 0.494427 41.9217 0
      vertex 0.681247 41.8477 0
    endloop
  endfacet
  facet normal -0.904824 -0.425785 0
    outer loop
      vertex 1.48764 40.989 0
      vertex 1.40209 41.1708 4
      vertex 1.40209 41.1708 0
    endloop
  endfacet
  facet normal -0.904824 -0.425785 0
    outer loop
      vertex 1.40209 41.1708 4
      vertex 1.48764 40.989 0
      vertex 1.48764 40.989 4
    endloop
  endfacet
  facet normal -0.982293 0.187352 0
    outer loop
      vertex 1.54973 40.0021 0
      vertex 1.58738 40.1995 4
      vertex 1.58738 40.1995 0
    endloop
  endfacet
  facet normal -0.982293 0.187352 0
    outer loop
      vertex 1.58738 40.1995 4
      vertex 1.54973 40.0021 0
      vertex 1.54973 40.0021 4
    endloop
  endfacet
  facet normal -0.248833 -0.968546 0
    outer loop
      vertex 0.299809 41.9717 0
      vertex 0.494427 41.9217 4
      vertex 0.299809 41.9717 4
    endloop
  endfacet
  facet normal -0.248833 -0.968546 -0
    outer loop
      vertex 0.494427 41.9217 4
      vertex 0.299809 41.9717 0
      vertex 0.494427 41.9217 0
    endloop
  endfacet
  facet normal 0.998025 -0.0628183 0
    outer loop
      vertex -1.6 40.4 4
      vertex -1.58738 40.6005 0
      vertex -1.58738 40.6005 4
    endloop
  endfacet
  facet normal 0.998025 -0.0628183 0
    outer loop
      vertex -1.58738 40.6005 0
      vertex -1.6 40.4 4
      vertex -1.6 40.4 0
    endloop
  endfacet
  facet normal 0.481759 -0.876304 0
    outer loop
      vertex -0.857323 41.7509 0
      vertex -0.681247 41.8477 4
      vertex -0.857323 41.7509 4
    endloop
  endfacet
  facet normal 0.481759 -0.876304 0
    outer loop
      vertex -0.681247 41.8477 4
      vertex -0.857323 41.7509 0
      vertex -0.681247 41.8477 0
    endloop
  endfacet
  facet normal 0.904824 0.425785 0
    outer loop
      vertex -1.40209 39.6292 4
      vertex -1.48764 39.811 0
      vertex -1.48764 39.811 4
    endloop
  endfacet
  facet normal 0.904824 0.425785 0
    outer loop
      vertex -1.48764 39.811 0
      vertex -1.40209 39.6292 4
      vertex -1.40209 39.6292 0
    endloop
  endfacet
  facet normal -0.124927 0.992166 0
    outer loop
      vertex 0.299809 38.8283 0
      vertex 0.100465 38.8032 4
      vertex 0.299809 38.8283 4
    endloop
  endfacet
  facet normal -0.124927 0.992166 0
    outer loop
      vertex 0.100465 38.8032 4
      vertex 0.299809 38.8283 0
      vertex 0.100465 38.8032 0
    endloop
  endfacet
  facet normal 0.770468 0.637478 0
    outer loop
      vertex -1.16635 39.3047 4
      vertex -1.29443 39.4595 0
      vertex -1.29443 39.4595 4
    endloop
  endfacet
  facet normal 0.770468 0.637478 0
    outer loop
      vertex -1.29443 39.4595 0
      vertex -1.16635 39.3047 4
      vertex -1.16635 39.3047 0
    endloop
  endfacet
  facet normal 0.684429 0.729079 -0
    outer loop
      vertex -1.01988 39.1672 0
      vertex -1.16635 39.3047 4
      vertex -1.01988 39.1672 4
    endloop
  endfacet
  facet normal 0.684429 0.729079 0
    outer loop
      vertex -1.16635 39.3047 4
      vertex -1.01988 39.1672 0
      vertex -1.16635 39.3047 0
    endloop
  endfacet
  facet normal -0.95106 0.309007 0
    outer loop
      vertex 1.48764 39.811 0
      vertex 1.54973 40.0021 4
      vertex 1.54973 40.0021 0
    endloop
  endfacet
  facet normal -0.95106 0.309007 0
    outer loop
      vertex 1.54973 40.0021 4
      vertex 1.48764 39.811 0
      vertex 1.48764 39.811 4
    endloop
  endfacet
  facet normal 0.982293 0.187352 0
    outer loop
      vertex -1.54973 40.0021 4
      vertex -1.58738 40.1995 0
      vertex -1.58738 40.1995 4
    endloop
  endfacet
  facet normal 0.982293 0.187352 0
    outer loop
      vertex -1.58738 40.1995 0
      vertex -1.54973 40.0021 4
      vertex -1.54973 40.0021 0
    endloop
  endfacet
  facet normal -0.481759 0.876304 0
    outer loop
      vertex 0.857323 39.0491 0
      vertex 0.681247 38.9523 4
      vertex 0.857323 39.0491 4
    endloop
  endfacet
  facet normal -0.481759 0.876304 0
    outer loop
      vertex 0.681247 38.9523 4
      vertex 0.857323 39.0491 0
      vertex 0.681247 38.9523 0
    endloop
  endfacet
  facet normal -0.58777 -0.809028 0
    outer loop
      vertex 0.857323 41.7509 0
      vertex 1.01988 41.6328 4
      vertex 0.857323 41.7509 4
    endloop
  endfacet
  facet normal -0.58777 -0.809028 -0
    outer loop
      vertex 1.01988 41.6328 4
      vertex 0.857323 41.7509 0
      vertex 1.01988 41.6328 0
    endloop
  endfacet
  facet normal 0 -1 0
    outer loop
      vertex -0.100465 41.9968 0
      vertex 0.100465 41.9968 4
      vertex -0.100465 41.9968 4
    endloop
  endfacet
  facet normal 0 -1 -0
    outer loop
      vertex 0.100465 41.9968 4
      vertex -0.100465 41.9968 0
      vertex 0.100465 41.9968 0
    endloop
  endfacet
  facet normal 0.998025 0.0628183 0
    outer loop
      vertex -1.58738 40.1995 4
      vertex -1.6 40.4 0
      vertex -1.6 40.4 4
    endloop
  endfacet
  facet normal 0.998025 0.0628183 0
    outer loop
      vertex -1.6 40.4 0
      vertex -1.58738 40.1995 4
      vertex -1.58738 40.1995 0
    endloop
  endfacet
  facet normal 0.770468 -0.637478 0
    outer loop
      vertex -1.29443 41.3405 4
      vertex -1.16635 41.4953 0
      vertex -1.16635 41.4953 4
    endloop
  endfacet
  facet normal 0.770468 -0.637478 0
    outer loop
      vertex -1.16635 41.4953 0
      vertex -1.29443 41.3405 4
      vertex -1.29443 41.3405 0
    endloop
  endfacet
  facet normal -0.770468 0.637478 0
    outer loop
      vertex 1.16635 39.3047 0
      vertex 1.29443 39.4595 4
      vertex 1.29443 39.4595 0
    endloop
  endfacet
  facet normal -0.770468 0.637478 0
    outer loop
      vertex 1.29443 39.4595 4
      vertex 1.16635 39.3047 0
      vertex 1.16635 39.3047 4
    endloop
  endfacet
  facet normal 0.982293 -0.187352 0
    outer loop
      vertex -1.58738 40.6005 4
      vertex -1.54973 40.7979 0
      vertex -1.54973 40.7979 4
    endloop
  endfacet
  facet normal 0.982293 -0.187352 0
    outer loop
      vertex -1.54973 40.7979 0
      vertex -1.58738 40.6005 4
      vertex -1.58738 40.6005 0
    endloop
  endfacet
  facet normal 0.904824 -0.425785 0
    outer loop
      vertex -1.48764 40.989 4
      vertex -1.40209 41.1708 0
      vertex -1.40209 41.1708 4
    endloop
  endfacet
  facet normal 0.904824 -0.425785 0
    outer loop
      vertex -1.40209 41.1708 0
      vertex -1.48764 40.989 4
      vertex -1.48764 40.989 0
    endloop
  endfacet
  facet normal -0.368265 0.929721 0
    outer loop
      vertex 0.681247 38.9523 0
      vertex 0.494427 38.8783 4
      vertex 0.681247 38.9523 4
    endloop
  endfacet
  facet normal -0.368265 0.929721 0
    outer loop
      vertex 0.494427 38.8783 4
      vertex 0.681247 38.9523 0
      vertex 0.494427 38.8783 0
    endloop
  endfacet
  facet normal 0.95106 -0.309007 0
    outer loop
      vertex -1.54973 40.7979 4
      vertex -1.48764 40.989 0
      vertex -1.48764 40.989 4
    endloop
  endfacet
  facet normal 0.95106 -0.309007 0
    outer loop
      vertex -1.48764 40.989 0
      vertex -1.54973 40.7979 4
      vertex -1.54973 40.7979 0
    endloop
  endfacet
  facet normal 0.844406 0.535703 0
    outer loop
      vertex -1.29443 39.4595 4
      vertex -1.40209 39.6292 0
      vertex -1.40209 39.6292 4
    endloop
  endfacet
  facet normal 0.844406 0.535703 0
    outer loop
      vertex -1.40209 39.6292 0
      vertex -1.29443 39.4595 4
      vertex -1.29443 39.4595 0
    endloop
  endfacet
  facet normal 0.368265 -0.929721 0
    outer loop
      vertex -0.681247 41.8477 0
      vertex -0.494427 41.9217 4
      vertex -0.681247 41.8477 4
    endloop
  endfacet
  facet normal 0.368265 -0.929721 0
    outer loop
      vertex -0.494427 41.9217 4
      vertex -0.681247 41.8477 0
      vertex -0.494427 41.9217 0
    endloop
  endfacet
  facet normal -0.684429 -0.729079 0
    outer loop
      vertex 1.01988 41.6328 0
      vertex 1.16635 41.4953 4
      vertex 1.01988 41.6328 4
    endloop
  endfacet
  facet normal -0.684429 -0.729079 -0
    outer loop
      vertex 1.16635 41.4953 4
      vertex 1.01988 41.6328 0
      vertex 1.16635 41.4953 0
    endloop
  endfacet
  facet normal -0.248833 0.968546 0
    outer loop
      vertex 0.494427 38.8783 0
      vertex 0.299809 38.8283 4
      vertex 0.494427 38.8783 4
    endloop
  endfacet
  facet normal -0.248833 0.968546 0
    outer loop
      vertex 0.299809 38.8283 4
      vertex 0.494427 38.8783 0
      vertex 0.299809 38.8283 0
    endloop
  endfacet
  facet normal 0 1 -0
    outer loop
      vertex 0.100465 38.8032 0
      vertex -0.100465 38.8032 4
      vertex 0.100465 38.8032 4
    endloop
  endfacet
  facet normal 0 1 0
    outer loop
      vertex -0.100465 38.8032 4
      vertex 0.100465 38.8032 0
      vertex -0.100465 38.8032 0
    endloop
  endfacet
  facet normal -0.770468 -0.637478 0
    outer loop
      vertex 1.29443 41.3405 0
      vertex 1.16635 41.4953 4
      vertex 1.16635 41.4953 0
    endloop
  endfacet
  facet normal -0.770468 -0.637478 0
    outer loop
      vertex 1.16635 41.4953 4
      vertex 1.29443 41.3405 0
      vertex 1.29443 41.3405 4
    endloop
  endfacet
  facet normal -0.904824 0.425785 0
    outer loop
      vertex 1.40209 39.6292 0
      vertex 1.48764 39.811 4
      vertex 1.48764 39.811 0
    endloop
  endfacet
  facet normal -0.904824 0.425785 0
    outer loop
      vertex 1.48764 39.811 4
      vertex 1.40209 39.6292 0
      vertex 1.40209 39.6292 4
    endloop
  endfacet
  facet normal 0.58777 0.809028 -0
    outer loop
      vertex -0.857323 39.0491 0
      vertex -1.01988 39.1672 4
      vertex -0.857323 39.0491 4
    endloop
  endfacet
  facet normal 0.58777 0.809028 0
    outer loop
      vertex -1.01988 39.1672 4
      vertex -0.857323 39.0491 0
      vertex -1.01988 39.1672 0
    endloop
  endfacet
  facet normal 0.95106 0.309007 0
    outer loop
      vertex -1.48764 39.811 4
      vertex -1.54973 40.0021 0
      vertex -1.54973 40.0021 4
    endloop
  endfacet
  facet normal 0.95106 0.309007 0
    outer loop
      vertex -1.54973 40.0021 0
      vertex -1.48764 39.811 4
      vertex -1.48764 39.811 0
    endloop
  endfacet
  facet normal 0.124927 -0.992166 0
    outer loop
      vertex -0.299809 41.9717 0
      vertex -0.100465 41.9968 4
      vertex -0.299809 41.9717 4
    endloop
  endfacet
  facet normal 0.124927 -0.992166 0
    outer loop
      vertex -0.100465 41.9968 4
      vertex -0.299809 41.9717 0
      vertex -0.100465 41.9968 0
    endloop
  endfacet
  facet normal 0.248833 0.968546 -0
    outer loop
      vertex -0.299809 38.8283 0
      vertex -0.494427 38.8783 4
      vertex -0.299809 38.8283 4
    endloop
  endfacet
  facet normal 0.248833 0.968546 0
    outer loop
      vertex -0.494427 38.8783 4
      vertex -0.299809 38.8283 0
      vertex -0.494427 38.8783 0
    endloop
  endfacet
  facet normal 0.481759 0.876304 -0
    outer loop
      vertex -0.681247 38.9523 0
      vertex -0.857323 39.0491 4
      vertex -0.681247 38.9523 4
    endloop
  endfacet
  facet normal 0.481759 0.876304 0
    outer loop
      vertex -0.857323 39.0491 4
      vertex -0.681247 38.9523 0
      vertex -0.857323 39.0491 0
    endloop
  endfacet
  facet normal -0.684429 0.729079 0
    outer loop
      vertex 1.16635 39.3047 0
      vertex 1.01988 39.1672 4
      vertex 1.16635 39.3047 4
    endloop
  endfacet
  facet normal -0.684429 0.729079 0
    outer loop
      vertex 1.01988 39.1672 4
      vertex 1.16635 39.3047 0
      vertex 1.01988 39.1672 0
    endloop
  endfacet
  facet normal 0.124927 0.992166 -0
    outer loop
      vertex -0.100465 38.8032 0
      vertex -0.299809 38.8283 4
      vertex -0.100465 38.8032 4
    endloop
  endfacet
  facet normal 0.124927 0.992166 0
    outer loop
      vertex -0.299809 38.8283 4
      vertex -0.100465 38.8032 0
      vertex -0.299809 38.8283 0
    endloop
  endfacet
  facet normal 0.248833 -0.968546 0
    outer loop
      vertex -0.494427 41.9217 0
      vertex -0.299809 41.9717 4
      vertex -0.494427 41.9217 4
    endloop
  endfacet
  facet normal 0.248833 -0.968546 0
    outer loop
      vertex -0.299809 41.9717 4
      vertex -0.494427 41.9217 0
      vertex -0.299809 41.9717 0
    endloop
  endfacet
  facet normal -0.124927 -0.992166 0
    outer loop
      vertex 0.100465 41.9968 0
      vertex 0.299809 41.9717 4
      vertex 0.100465 41.9968 4
    endloop
  endfacet
  facet normal -0.124927 -0.992166 -0
    outer loop
      vertex 0.299809 41.9717 4
      vertex 0.100465 41.9968 0
      vertex 0.299809 41.9717 0
    endloop
  endfacet
  facet normal 0.368265 0.929721 -0
    outer loop
      vertex -0.494427 38.8783 0
      vertex -0.681247 38.9523 4
      vertex -0.494427 38.8783 4
    endloop
  endfacet
  facet normal 0.368265 0.929721 0
    outer loop
      vertex -0.681247 38.9523 4
      vertex -0.494427 38.8783 0
      vertex -0.681247 38.9523 0
    endloop
  endfacet
  facet normal -0.844406 0.535703 0
    outer loop
      vertex 1.29443 39.4595 0
      vertex 1.40209 39.6292 4
      vertex 1.40209 39.6292 0
    endloop
  endfacet
  facet normal -0.844406 0.535703 0
    outer loop
      vertex 1.40209 39.6292 4
      vertex 1.29443 39.4595 0
      vertex 1.29443 39.4595 4
    endloop
  endfacet
  facet normal -0.770497 -0.637444 0
    outer loop
      vertex 1.29443 0.940456 0
      vertex 1.16635 1.09527 13
      vertex 1.16635 1.09527 0
    endloop
  endfacet
  facet normal -0.770497 -0.637444 0
    outer loop
      vertex 1.16635 1.09527 13
      vertex 1.29443 0.940456 0
      vertex 1.29443 0.940456 13
    endloop
  endfacet
  facet normal -0.982288 -0.18738 0
    outer loop
      vertex 1.58738 0.200533 0
      vertex 1.54973 0.397903 13
      vertex 1.54973 0.397903 0
    endloop
  endfacet
  facet normal -0.982288 -0.18738 0
    outer loop
      vertex 1.54973 0.397903 13
      vertex 1.58738 0.200533 0
      vertex 1.58738 0.200533 13
    endloop
  endfacet
  facet normal -0.998026 -0.062808 0
    outer loop
      vertex 1.6 0 0
      vertex 1.58738 0.200533 13
      vertex 1.58738 0.200533 0
    endloop
  endfacet
  facet normal -0.998026 -0.062808 0
    outer loop
      vertex 1.58738 0.200533 13
      vertex 1.6 0 0
      vertex 1.6 0 13
    endloop
  endfacet
  facet normal -0.951058 -0.309013 0
    outer loop
      vertex 1.54973 0.397903 0
      vertex 1.48764 0.588999 13
      vertex 1.48764 0.588999 0
    endloop
  endfacet
  facet normal -0.951058 -0.309013 0
    outer loop
      vertex 1.48764 0.588999 13
      vertex 1.54973 0.397903 0
      vertex 1.54973 0.397903 13
    endloop
  endfacet
  facet normal 0.125319 -0.992117 0
    outer loop
      vertex -0.299809 1.57166 0
      vertex -0.100465 1.59684 13
      vertex -0.299809 1.57166 13
    endloop
  endfacet
  facet normal 0.125319 -0.992117 0
    outer loop
      vertex -0.100465 1.59684 13
      vertex -0.299809 1.57166 0
      vertex -0.100465 1.59684 0
    endloop
  endfacet
  facet normal 0.368136 0.929772 -0
    outer loop
      vertex -0.494427 -1.52169 0
      vertex -0.681247 -1.44772 13
      vertex -0.494427 -1.52169 13
    endloop
  endfacet
  facet normal 0.368136 0.929772 0
    outer loop
      vertex -0.681247 -1.44772 13
      vertex -0.494427 -1.52169 0
      vertex -0.681247 -1.44772 0
    endloop
  endfacet
  facet normal 0.248693 0.968582 -0
    outer loop
      vertex -0.299809 -1.57166 0
      vertex -0.494427 -1.52169 13
      vertex -0.299809 -1.57166 13
    endloop
  endfacet
  facet normal 0.248693 0.968582 0
    outer loop
      vertex -0.494427 -1.52169 13
      vertex -0.299809 -1.57166 0
      vertex -0.494427 -1.52169 0
    endloop
  endfacet
  facet normal -0.844336 -0.535813 0
    outer loop
      vertex 1.40209 0.770805 0
      vertex 1.29443 0.940456 13
      vertex 1.29443 0.940456 0
    endloop
  endfacet
  facet normal -0.844336 -0.535813 0
    outer loop
      vertex 1.29443 0.940456 13
      vertex 1.40209 0.770805 0
      vertex 1.40209 0.770805 13
    endloop
  endfacet
  facet normal -0.90483 -0.425774 0
    outer loop
      vertex 1.48764 0.588999 0
      vertex 1.40209 0.770805 13
      vertex 1.40209 0.770805 0
    endloop
  endfacet
  facet normal -0.90483 -0.425774 0
    outer loop
      vertex 1.40209 0.770805 13
      vertex 1.48764 0.588999 0
      vertex 1.48764 0.588999 13
    endloop
  endfacet
  facet normal 0.951058 0.309013 0
    outer loop
      vertex -1.48764 -0.588999 13
      vertex -1.54973 -0.397903 0
      vertex -1.54973 -0.397903 13
    endloop
  endfacet
  facet normal 0.951058 0.309013 0
    outer loop
      vertex -1.54973 -0.397903 0
      vertex -1.48764 -0.588999 13
      vertex -1.48764 -0.588999 0
    endloop
  endfacet
  facet normal 0.998026 -0.062808 0
    outer loop
      vertex -1.6 0 13
      vertex -1.58738 0.200533 0
      vertex -1.58738 0.200533 13
    endloop
  endfacet
  facet normal 0.998026 -0.062808 0
    outer loop
      vertex -1.58738 0.200533 0
      vertex -1.6 0 13
      vertex -1.6 0 0
    endloop
  endfacet
  facet normal -0.951058 0.309013 0
    outer loop
      vertex 1.48764 -0.588999 0
      vertex 1.54973 -0.397903 13
      vertex 1.54973 -0.397903 0
    endloop
  endfacet
  facet normal -0.951058 0.309013 0
    outer loop
      vertex 1.54973 -0.397903 13
      vertex 1.48764 -0.588999 0
      vertex 1.48764 -0.588999 13
    endloop
  endfacet
  facet normal -0.770497 0.637444 0
    outer loop
      vertex 1.16635 -1.09527 0
      vertex 1.29443 -0.940456 13
      vertex 1.29443 -0.940456 0
    endloop
  endfacet
  facet normal -0.770497 0.637444 0
    outer loop
      vertex 1.29443 -0.940456 13
      vertex 1.16635 -1.09527 0
      vertex 1.16635 -1.09527 13
    endloop
  endfacet
  facet normal 0.58777 -0.809028 0
    outer loop
      vertex -1.01988 1.23282 0
      vertex -0.857323 1.35092 13
      vertex -1.01988 1.23282 13
    endloop
  endfacet
  facet normal 0.58777 -0.809028 0
    outer loop
      vertex -0.857323 1.35092 13
      vertex -1.01988 1.23282 0
      vertex -0.857323 1.35092 0
    endloop
  endfacet
  facet normal -0.844336 0.535813 0
    outer loop
      vertex 1.29443 -0.940456 0
      vertex 1.40209 -0.770805 13
      vertex 1.40209 -0.770805 0
    endloop
  endfacet
  facet normal -0.844336 0.535813 0
    outer loop
      vertex 1.40209 -0.770805 13
      vertex 1.29443 -0.940456 0
      vertex 1.29443 -0.940456 13
    endloop
  endfacet
  facet normal -0.481759 0.876304 0
    outer loop
      vertex 0.857323 -1.35092 0
      vertex 0.681247 -1.44772 13
      vertex 0.857323 -1.35092 13
    endloop
  endfacet
  facet normal -0.481759 0.876304 0
    outer loop
      vertex 0.681247 -1.44772 13
      vertex 0.857323 -1.35092 0
      vertex 0.681247 -1.44772 0
    endloop
  endfacet
  facet normal 0.248693 -0.968582 0
    outer loop
      vertex -0.494427 1.52169 0
      vertex -0.299809 1.57166 13
      vertex -0.494427 1.52169 13
    endloop
  endfacet
  facet normal 0.248693 -0.968582 0
    outer loop
      vertex -0.299809 1.57166 13
      vertex -0.494427 1.52169 0
      vertex -0.299809 1.57166 0
    endloop
  endfacet
  facet normal -0.58777 -0.809028 0
    outer loop
      vertex 0.857323 1.35092 0
      vertex 1.01988 1.23282 13
      vertex 0.857323 1.35092 13
    endloop
  endfacet
  facet normal -0.58777 -0.809028 -0
    outer loop
      vertex 1.01988 1.23282 13
      vertex 0.857323 1.35092 0
      vertex 1.01988 1.23282 0
    endloop
  endfacet
  facet normal -0.368136 0.929772 0
    outer loop
      vertex 0.681247 -1.44772 0
      vertex 0.494427 -1.52169 13
      vertex 0.681247 -1.44772 13
    endloop
  endfacet
  facet normal -0.368136 0.929772 0
    outer loop
      vertex 0.494427 -1.52169 13
      vertex 0.681247 -1.44772 0
      vertex 0.494427 -1.52169 0
    endloop
  endfacet
  facet normal -0.481759 -0.876304 0
    outer loop
      vertex 0.681247 1.44772 0
      vertex 0.857323 1.35092 13
      vertex 0.681247 1.44772 13
    endloop
  endfacet
  facet normal -0.481759 -0.876304 -0
    outer loop
      vertex 0.857323 1.35092 13
      vertex 0.681247 1.44772 0
      vertex 0.857323 1.35092 0
    endloop
  endfacet
  facet normal 0.368136 -0.929772 0
    outer loop
      vertex -0.681247 1.44772 0
      vertex -0.494427 1.52169 13
      vertex -0.681247 1.44772 13
    endloop
  endfacet
  facet normal 0.368136 -0.929772 0
    outer loop
      vertex -0.494427 1.52169 13
      vertex -0.681247 1.44772 0
      vertex -0.494427 1.52169 0
    endloop
  endfacet
  facet normal -0.125319 0.992117 0
    outer loop
      vertex 0.299809 -1.57166 0
      vertex 0.100465 -1.59684 13
      vertex 0.299809 -1.57166 13
    endloop
  endfacet
  facet normal -0.125319 0.992117 0
    outer loop
      vertex 0.100465 -1.59684 13
      vertex 0.299809 -1.57166 0
      vertex 0.100465 -1.59684 0
    endloop
  endfacet
  facet normal -0.998026 0.062808 0
    outer loop
      vertex 1.58738 -0.200533 0
      vertex 1.6 0 13
      vertex 1.6 0 0
    endloop
  endfacet
  facet normal -0.998026 0.062808 0
    outer loop
      vertex 1.6 0 13
      vertex 1.58738 -0.200533 0
      vertex 1.58738 -0.200533 13
    endloop
  endfacet
  facet normal 0.982288 -0.18738 0
    outer loop
      vertex -1.58738 0.200533 13
      vertex -1.54973 0.397903 0
      vertex -1.54973 0.397903 13
    endloop
  endfacet
  facet normal 0.982288 -0.18738 0
    outer loop
      vertex -1.54973 0.397903 0
      vertex -1.58738 0.200533 13
      vertex -1.58738 0.200533 0
    endloop
  endfacet
  facet normal 0.481759 -0.876304 0
    outer loop
      vertex -0.857323 1.35092 0
      vertex -0.681247 1.44772 13
      vertex -0.857323 1.35092 13
    endloop
  endfacet
  facet normal 0.481759 -0.876304 0
    outer loop
      vertex -0.681247 1.44772 13
      vertex -0.857323 1.35092 0
      vertex -0.681247 1.44772 0
    endloop
  endfacet
  facet normal 0.125319 0.992117 -0
    outer loop
      vertex -0.100465 -1.59684 0
      vertex -0.299809 -1.57166 13
      vertex -0.100465 -1.59684 13
    endloop
  endfacet
  facet normal 0.125319 0.992117 0
    outer loop
      vertex -0.299809 -1.57166 13
      vertex -0.100465 -1.59684 0
      vertex -0.299809 -1.57166 0
    endloop
  endfacet
  facet normal 0.90483 0.425774 0
    outer loop
      vertex -1.40209 -0.770805 13
      vertex -1.48764 -0.588999 0
      vertex -1.48764 -0.588999 13
    endloop
  endfacet
  facet normal 0.90483 0.425774 0
    outer loop
      vertex -1.48764 -0.588999 0
      vertex -1.40209 -0.770805 13
      vertex -1.40209 -0.770805 0
    endloop
  endfacet
  facet normal -0.684562 -0.728955 0
    outer loop
      vertex 1.01988 1.23282 0
      vertex 1.16635 1.09527 13
      vertex 1.01988 1.23282 13
    endloop
  endfacet
  facet normal -0.684562 -0.728955 -0
    outer loop
      vertex 1.16635 1.09527 13
      vertex 1.01988 1.23282 0
      vertex 1.16635 1.09527 0
    endloop
  endfacet
  facet normal -0.684562 0.728955 0
    outer loop
      vertex 1.16635 -1.09527 0
      vertex 1.01988 -1.23282 13
      vertex 1.16635 -1.09527 13
    endloop
  endfacet
  facet normal -0.684562 0.728955 0
    outer loop
      vertex 1.01988 -1.23282 13
      vertex 1.16635 -1.09527 0
      vertex 1.01988 -1.23282 0
    endloop
  endfacet
  facet normal -0.368136 -0.929772 0
    outer loop
      vertex 0.494427 1.52169 0
      vertex 0.681247 1.44772 13
      vertex 0.494427 1.52169 13
    endloop
  endfacet
  facet normal -0.368136 -0.929772 -0
    outer loop
      vertex 0.681247 1.44772 13
      vertex 0.494427 1.52169 0
      vertex 0.681247 1.44772 0
    endloop
  endfacet
  facet normal -0.248693 -0.968582 0
    outer loop
      vertex 0.299809 1.57166 0
      vertex 0.494427 1.52169 13
      vertex 0.299809 1.57166 13
    endloop
  endfacet
  facet normal -0.248693 -0.968582 -0
    outer loop
      vertex 0.494427 1.52169 13
      vertex 0.299809 1.57166 0
      vertex 0.494427 1.52169 0
    endloop
  endfacet
  facet normal 0.770497 0.637444 0
    outer loop
      vertex -1.16635 -1.09527 13
      vertex -1.29443 -0.940456 0
      vertex -1.29443 -0.940456 13
    endloop
  endfacet
  facet normal 0.770497 0.637444 0
    outer loop
      vertex -1.29443 -0.940456 0
      vertex -1.16635 -1.09527 13
      vertex -1.16635 -1.09527 0
    endloop
  endfacet
  facet normal -0.125319 -0.992117 0
    outer loop
      vertex 0.100465 1.59684 0
      vertex 0.299809 1.57166 13
      vertex 0.100465 1.59684 13
    endloop
  endfacet
  facet normal -0.125319 -0.992117 -0
    outer loop
      vertex 0.299809 1.57166 13
      vertex 0.100465 1.59684 0
      vertex 0.299809 1.57166 0
    endloop
  endfacet
  facet normal -0.982288 0.18738 0
    outer loop
      vertex 1.54973 -0.397903 0
      vertex 1.58738 -0.200533 13
      vertex 1.58738 -0.200533 0
    endloop
  endfacet
  facet normal -0.982288 0.18738 0
    outer loop
      vertex 1.58738 -0.200533 13
      vertex 1.54973 -0.397903 0
      vertex 1.54973 -0.397903 13
    endloop
  endfacet
  facet normal -0.248693 0.968582 0
    outer loop
      vertex 0.494427 -1.52169 0
      vertex 0.299809 -1.57166 13
      vertex 0.494427 -1.52169 13
    endloop
  endfacet
  facet normal -0.248693 0.968582 0
    outer loop
      vertex 0.299809 -1.57166 13
      vertex 0.494427 -1.52169 0
      vertex 0.299809 -1.57166 0
    endloop
  endfacet
  facet normal 0.998026 0.062808 0
    outer loop
      vertex -1.58738 -0.200533 13
      vertex -1.6 0 0
      vertex -1.6 0 13
    endloop
  endfacet
  facet normal 0.998026 0.062808 0
    outer loop
      vertex -1.6 0 0
      vertex -1.58738 -0.200533 13
      vertex -1.58738 -0.200533 0
    endloop
  endfacet
  facet normal 0.844336 0.535813 0
    outer loop
      vertex -1.29443 -0.940456 13
      vertex -1.40209 -0.770805 0
      vertex -1.40209 -0.770805 13
    endloop
  endfacet
  facet normal 0.844336 0.535813 0
    outer loop
      vertex -1.40209 -0.770805 0
      vertex -1.29443 -0.940456 13
      vertex -1.29443 -0.940456 0
    endloop
  endfacet
  facet normal 0.684562 0.728955 -0
    outer loop
      vertex -1.01988 -1.23282 0
      vertex -1.16635 -1.09527 13
      vertex -1.01988 -1.23282 13
    endloop
  endfacet
  facet normal 0.684562 0.728955 0
    outer loop
      vertex -1.16635 -1.09527 13
      vertex -1.01988 -1.23282 0
      vertex -1.16635 -1.09527 0
    endloop
  endfacet
  facet normal -0.58777 0.809028 0
    outer loop
      vertex 1.01988 -1.23282 0
      vertex 0.857323 -1.35092 13
      vertex 1.01988 -1.23282 13
    endloop
  endfacet
  facet normal -0.58777 0.809028 0
    outer loop
      vertex 0.857323 -1.35092 13
      vertex 1.01988 -1.23282 0
      vertex 0.857323 -1.35092 0
    endloop
  endfacet
  facet normal -0.90483 0.425774 0
    outer loop
      vertex 1.40209 -0.770805 0
      vertex 1.48764 -0.588999 13
      vertex 1.48764 -0.588999 0
    endloop
  endfacet
  facet normal -0.90483 0.425774 0
    outer loop
      vertex 1.48764 -0.588999 13
      vertex 1.40209 -0.770805 0
      vertex 1.40209 -0.770805 13
    endloop
  endfacet
  facet normal 0.684562 -0.728955 0
    outer loop
      vertex -1.16635 1.09527 0
      vertex -1.01988 1.23282 13
      vertex -1.16635 1.09527 13
    endloop
  endfacet
  facet normal 0.684562 -0.728955 0
    outer loop
      vertex -1.01988 1.23282 13
      vertex -1.16635 1.09527 0
      vertex -1.01988 1.23282 0
    endloop
  endfacet
  facet normal 0 1 -0
    outer loop
      vertex 0.100465 -1.59684 0
      vertex -0.100465 -1.59684 13
      vertex 0.100465 -1.59684 13
    endloop
  endfacet
  facet normal 0 1 0
    outer loop
      vertex -0.100465 -1.59684 13
      vertex 0.100465 -1.59684 0
      vertex -0.100465 -1.59684 0
    endloop
  endfacet
  facet normal 0.982288 0.18738 0
    outer loop
      vertex -1.54973 -0.397903 13
      vertex -1.58738 -0.200533 0
      vertex -1.58738 -0.200533 13
    endloop
  endfacet
  facet normal 0.982288 0.18738 0
    outer loop
      vertex -1.58738 -0.200533 0
      vertex -1.54973 -0.397903 13
      vertex -1.54973 -0.397903 0
    endloop
  endfacet
  facet normal 0.951058 -0.309013 0
    outer loop
      vertex -1.54973 0.397903 13
      vertex -1.48764 0.588999 0
      vertex -1.48764 0.588999 13
    endloop
  endfacet
  facet normal 0.951058 -0.309013 0
    outer loop
      vertex -1.48764 0.588999 0
      vertex -1.54973 0.397903 13
      vertex -1.54973 0.397903 0
    endloop
  endfacet
  facet normal 0.481759 0.876304 -0
    outer loop
      vertex -0.681247 -1.44772 0
      vertex -0.857323 -1.35092 13
      vertex -0.681247 -1.44772 13
    endloop
  endfacet
  facet normal 0.481759 0.876304 0
    outer loop
      vertex -0.857323 -1.35092 13
      vertex -0.681247 -1.44772 0
      vertex -0.857323 -1.35092 0
    endloop
  endfacet
  facet normal 0 -1 0
    outer loop
      vertex -0.100465 1.59684 0
      vertex 0.100465 1.59684 13
      vertex -0.100465 1.59684 13
    endloop
  endfacet
  facet normal 0 -1 -0
    outer loop
      vertex 0.100465 1.59684 13
      vertex -0.100465 1.59684 0
      vertex 0.100465 1.59684 0
    endloop
  endfacet
  facet normal 0.770497 -0.637444 0
    outer loop
      vertex -1.29443 0.940456 13
      vertex -1.16635 1.09527 0
      vertex -1.16635 1.09527 13
    endloop
  endfacet
  facet normal 0.770497 -0.637444 0
    outer loop
      vertex -1.16635 1.09527 0
      vertex -1.29443 0.940456 13
      vertex -1.29443 0.940456 0
    endloop
  endfacet
  facet normal 0.58777 0.809028 -0
    outer loop
      vertex -0.857323 -1.35092 0
      vertex -1.01988 -1.23282 13
      vertex -0.857323 -1.35092 13
    endloop
  endfacet
  facet normal 0.58777 0.809028 0
    outer loop
      vertex -1.01988 -1.23282 13
      vertex -0.857323 -1.35092 0
      vertex -1.01988 -1.23282 0
    endloop
  endfacet
  facet normal 0.844336 -0.535813 0
    outer loop
      vertex -1.40209 0.770805 13
      vertex -1.29443 0.940456 0
      vertex -1.29443 0.940456 13
    endloop
  endfacet
  facet normal 0.844336 -0.535813 0
    outer loop
      vertex -1.29443 0.940456 0
      vertex -1.40209 0.770805 13
      vertex -1.40209 0.770805 0
    endloop
  endfacet
  facet normal 0.90483 -0.425774 0
    outer loop
      vertex -1.48764 0.588999 13
      vertex -1.40209 0.770805 0
      vertex -1.40209 0.770805 13
    endloop
  endfacet
  facet normal 0.90483 -0.425774 0
    outer loop
      vertex -1.40209 0.770805 0
      vertex -1.48764 0.588999 13
      vertex -1.48764 0.588999 0
    endloop
  endfacet
  facet normal -0.767642 -0.146348 0.623946
    outer loop
      vertex 11.8729 2.92672 13.294
      vertex 13.9476 3.58113 16
      vertex 11.8001 3.02975 13.2286
    endloop
  endfacet
  facet normal -0.767622 -0.14643 0.623951
    outer loop
      vertex 13.9476 3.58113 16
      vertex 11.8729 2.92672 13.294
      vertex 14.1735 2.39691 16
    endloop
  endfacet
  facet normal -0.779927 -0.049102 0.623942
    outer loop
      vertex 14.4 0 16
      vertex 12.7935 0.410755 14.0242
      vertex 12.84 0 14.05
    endloop
  endfacet
  facet normal -0.779925 -0.0490694 0.623947
    outer loop
      vertex 12.7935 0.410755 14.0242
      vertex 14.4 0 16
      vertex 14.3243 1.2032 16
    endloop
  endfacet
  facet normal -0.779868 -0.0496147 0.623975
    outer loop
      vertex 12.5933 1.50457 13.8599
      vertex 14.2865 1.8048 16
      vertex 12.5665 1.58752 13.833
    endloop
  endfacet
  facet normal -0.779933 -0.0490051 0.623941
    outer loop
      vertex 12.5933 1.50457 13.8599
      vertex 14.3243 1.2032 16
      vertex 14.2865 1.8048 16
    endloop
  endfacet
  facet normal -0.779933 -0.0489932 0.623942
    outer loop
      vertex 12.7541 0.758265 14.0023
      vertex 14.3243 1.2032 16
      vertex 12.5933 1.50457 13.8599
    endloop
  endfacet
  facet normal -0.779917 -0.049104 0.623954
    outer loop
      vertex 14.3243 1.2032 16
      vertex 12.7541 0.758265 14.0023
      vertex 12.7935 0.410755 14.0242
    endloop
  endfacet
  facet normal -0.767657 0.146328 0.623932
    outer loop
      vertex 14.1735 -2.39691 16
      vertex 12.5665 -1.58752 13.833
      vertex 12.2756 -2.22715 13.6251
    endloop
  endfacet
  facet normal -0.767606 0.146492 0.623956
    outer loop
      vertex 12.5665 -1.58752 13.833
      vertex 14.1735 -2.39691 16
      vertex 14.2865 -1.8048 16
    endloop
  endfacet
  facet normal -0.767624 0.146546 0.623921
    outer loop
      vertex 11.8815 -2.91461 13.3017
      vertex 14.1735 -2.39691 16
      vertex 12.2756 -2.22715 13.6251
    endloop
  endfacet
  facet normal -0.767578 0.148672 0.623475
    outer loop
      vertex 14.1735 -2.39691 16
      vertex 11.8815 -2.91461 13.3017
      vertex 11.8729 -2.92672 13.294
    endloop
  endfacet
  facet normal 0.659815 0.418743 0.623937
    outer loop
      vertex -12.6188 -6.93725 16
      vertex -9.7082 -7.05342 13
      vertex -10.5157 -5.78104 13
    endloop
  endfacet
  facet normal 0.659815 0.418745 0.623937
    outer loop
      vertex -9.7082 -7.05342 13
      vertex -12.6188 -6.93725 16
      vertex -12.2958 -7.4462 16
    endloop
  endfacet
  facet normal -0.767642 0.146348 0.623946
    outer loop
      vertex 13.9476 -3.58113 16
      vertex 11.8729 -2.92672 13.294
      vertex 11.8001 -3.02975 13.2286
    endloop
  endfacet
  facet normal -0.767622 0.14643 0.623951
    outer loop
      vertex 11.8729 -2.92672 13.294
      vertex 13.9476 -3.58113 16
      vertex 14.1735 -2.39691 16
    endloop
  endfacet
  facet normal -0.707094 0.332726 0.623948
    outer loop
      vertex 12.8755 -6.39183 16
      vertex 13.3888 -5.30099 16
      vertex 11.1573 -4.41749 13
    endloop
  endfacet
  facet normal 0.602106 -0.498147 0.623954
    outer loop
      vertex -9.7082 7.05342 13
      vertex -10.1829 8 14.2138
      vertex -11.0111 8 15.013
    endloop
  endfacet
  facet normal -0.779917 0.049104 0.623954
    outer loop
      vertex 12.7541 -0.758265 14.0023
      vertex 14.3243 -1.2032 16
      vertex 12.7935 -0.410755 14.0242
    endloop
  endfacet
  facet normal -0.779933 0.0489932 0.623942
    outer loop
      vertex 12.5933 -1.50457 13.8599
      vertex 14.3243 -1.2032 16
      vertex 12.7541 -0.758265 14.0023
    endloop
  endfacet
  facet normal -0.779868 0.0496147 0.623975
    outer loop
      vertex 14.2865 -1.8048 16
      vertex 12.5933 -1.50457 13.8599
      vertex 12.5665 -1.58752 13.833
    endloop
  endfacet
  facet normal -0.779933 0.0490051 0.623941
    outer loop
      vertex 12.5933 -1.50457 13.8599
      vertex 14.2865 -1.8048 16
      vertex 14.3243 -1.2032 16
    endloop
  endfacet
  facet normal 0.779925 -0.0490694 0.623947
    outer loop
      vertex -14.4 0 16
      vertex -12.7935 0.410755 14.0242
      vertex -14.3243 1.2032 16
    endloop
  endfacet
  facet normal 0.779927 -0.049102 0.623942
    outer loop
      vertex -12.7935 0.410755 14.0242
      vertex -14.4 0 16
      vertex -12.84 0 14.05
    endloop
  endfacet
  facet normal 0.602134 -0.498123 0.623946
    outer loop
      vertex -9.7082 7.05342 13
      vertex -8.92513 8 13
      vertex -10.1829 8 14.2138
    endloop
  endfacet
  facet normal 0.659844 0.418688 0.623944
    outer loop
      vertex -11.0111 -8 15.013
      vertex -12.2958 -7.4462 16
      vertex -11.9444 -8 16
    endloop
  endfacet
  facet normal 0.659845 0.418672 0.623954
    outer loop
      vertex -12.2958 -7.4462 16
      vertex -11.0111 -8 15.013
      vertex -9.7082 -7.05342 13
    endloop
  endfacet
  facet normal -0.743243 0.241515 0.623907
    outer loop
      vertex 11.1573 -4.41749 13
      vertex 11.7454 -3.09358 13.1881
      vertex 11.4912 -3.38994 13
    endloop
  endfacet
  facet normal -0.743212 0.241495 0.623952
    outer loop
      vertex 11.1573 -4.41749 13
      vertex 13.5751 -4.72771 16
      vertex 11.7454 -3.09358 13.1881
    endloop
  endfacet
  facet normal -0.743206 0.241521 0.623949
    outer loop
      vertex 13.5751 -4.72771 16
      vertex 11.1573 -4.41749 13
      vertex 13.3888 -5.30099 16
    endloop
  endfacet
  facet normal -0.659845 0.418672 0.623954
    outer loop
      vertex 11.0111 -8 15.013
      vertex 12.2958 -7.4462 16
      vertex 9.7082 -7.05342 13
    endloop
  endfacet
  facet normal -0.659844 0.418688 0.623944
    outer loop
      vertex 12.2958 -7.4462 16
      vertex 11.0111 -8 15.013
      vertex 11.9444 -8 16
    endloop
  endfacet
  facet normal 0.779917 0.049104 0.623954
    outer loop
      vertex -14.3243 -1.2032 16
      vertex -12.7541 -0.758265 14.0023
      vertex -12.7935 -0.410755 14.0242
    endloop
  endfacet
  facet normal 0.779933 0.0489932 0.623942
    outer loop
      vertex -14.3243 -1.2032 16
      vertex -12.5933 -1.50457 13.8599
      vertex -12.7541 -0.758265 14.0023
    endloop
  endfacet
  facet normal 0.779933 0.0490051 0.623941
    outer loop
      vertex -14.2865 -1.8048 16
      vertex -12.5933 -1.50457 13.8599
      vertex -14.3243 -1.2032 16
    endloop
  endfacet
  facet normal 0.779868 0.0496147 0.623975
    outer loop
      vertex -12.5933 -1.50457 13.8599
      vertex -14.2865 -1.8048 16
      vertex -12.5665 -1.58752 13.833
    endloop
  endfacet
  facet normal 0.779927 0.049102 0.623942
    outer loop
      vertex -14.4 0 16
      vertex -12.7935 -0.410755 14.0242
      vertex -12.84 0 14.05
    endloop
  endfacet
  facet normal 0.779925 0.0490694 0.623947
    outer loop
      vertex -12.7935 -0.410755 14.0242
      vertex -14.4 0 16
      vertex -14.3243 -1.2032 16
    endloop
  endfacet
  facet normal -0.743331 0.241106 0.623961
    outer loop
      vertex 11.7454 -3.09358 13.1881
      vertex 13.9476 -3.58113 16
      vertex 11.8001 -3.02975 13.2286
    endloop
  endfacet
  facet normal -0.743231 0.24146 0.623943
    outer loop
      vertex 13.9476 -3.58113 16
      vertex 11.7454 -3.09358 13.1881
      vertex 13.5751 -4.72771 16
    endloop
  endfacet
  facet normal -0.779927 0.049102 0.623942
    outer loop
      vertex 12.7935 -0.410755 14.0242
      vertex 14.4 0 16
      vertex 12.84 0 14.05
    endloop
  endfacet
  facet normal -0.779925 0.0490694 0.623947
    outer loop
      vertex 14.4 0 16
      vertex 12.7935 -0.410755 14.0242
      vertex 14.3243 -1.2032 16
    endloop
  endfacet
  facet normal -0.659815 0.418743 0.623937
    outer loop
      vertex 9.7082 -7.05342 13
      vertex 12.6188 -6.93725 16
      vertex 10.5157 -5.78104 13
    endloop
  endfacet
  facet normal -0.659815 0.418745 0.623937
    outer loop
      vertex 12.6188 -6.93725 16
      vertex 9.7082 -7.05342 13
      vertex 12.2958 -7.4462 16
    endloop
  endfacet
  facet normal 0.659815 -0.418745 0.623937
    outer loop
      vertex -12.6188 6.93725 16
      vertex -9.7082 7.05342 13
      vertex -12.2958 7.4462 16
    endloop
  endfacet
  facet normal 0.659815 -0.418743 0.623937
    outer loop
      vertex -9.7082 7.05342 13
      vertex -12.6188 6.93725 16
      vertex -10.5157 5.78104 13
    endloop
  endfacet
  facet normal -0.602106 0.498147 0.623954
    outer loop
      vertex 10.1829 -8 14.2138
      vertex 11.0111 -8 15.013
      vertex 9.7082 -7.05342 13
    endloop
  endfacet
  facet normal 0.767622 0.14643 0.623951
    outer loop
      vertex -13.9476 -3.58113 16
      vertex -11.8729 -2.92672 13.294
      vertex -14.1735 -2.39691 16
    endloop
  endfacet
  facet normal 0.767642 0.146348 0.623946
    outer loop
      vertex -11.8729 -2.92672 13.294
      vertex -13.9476 -3.58113 16
      vertex -11.8001 -3.02975 13.2286
    endloop
  endfacet
  facet normal -0.602134 0.498123 0.623946
    outer loop
      vertex 10.1829 -8 14.2138
      vertex 9.7082 -7.05342 13
      vertex 8.92513 -8 13
    endloop
  endfacet
  facet normal 0.743206 -0.241521 0.623949
    outer loop
      vertex -13.5751 4.72771 16
      vertex -11.1573 4.41749 13
      vertex -13.3888 5.30099 16
    endloop
  endfacet
  facet normal 0.743212 -0.241495 0.623952
    outer loop
      vertex -11.7454 3.09358 13.1881
      vertex -11.1573 4.41749 13
      vertex -13.5751 4.72771 16
    endloop
  endfacet
  facet normal 0.743243 -0.241515 0.623907
    outer loop
      vertex -11.1573 4.41749 13
      vertex -11.7454 3.09358 13.1881
      vertex -11.4912 3.38994 13
    endloop
  endfacet
  facet normal 0.743231 -0.24146 0.623943
    outer loop
      vertex -13.9476 3.58113 16
      vertex -11.7454 3.09358 13.1881
      vertex -13.5751 4.72771 16
    endloop
  endfacet
  facet normal 0.743331 -0.241106 0.623961
    outer loop
      vertex -11.7454 3.09358 13.1881
      vertex -13.9476 3.58113 16
      vertex -11.8001 3.02975 13.2286
    endloop
  endfacet
  facet normal 0.767606 0.146492 0.623956
    outer loop
      vertex -14.1735 -2.39691 16
      vertex -12.5665 -1.58752 13.833
      vertex -14.2865 -1.8048 16
    endloop
  endfacet
  facet normal 0.767657 0.146328 0.623932
    outer loop
      vertex -12.5665 -1.58752 13.833
      vertex -14.1735 -2.39691 16
      vertex -12.2756 -2.22715 13.6251
    endloop
  endfacet
  facet normal 0.767624 0.146546 0.623921
    outer loop
      vertex -14.1735 -2.39691 16
      vertex -11.8815 -2.91461 13.3017
      vertex -12.2756 -2.22715 13.6251
    endloop
  endfacet
  facet normal 0.767578 0.148672 0.623475
    outer loop
      vertex -11.8815 -2.91461 13.3017
      vertex -14.1735 -2.39691 16
      vertex -11.8729 -2.92672 13.294
    endloop
  endfacet
  facet normal 0.743331 0.241106 0.623961
    outer loop
      vertex -13.9476 -3.58113 16
      vertex -11.7454 -3.09358 13.1881
      vertex -11.8001 -3.02975 13.2286
    endloop
  endfacet
  facet normal 0.743231 0.24146 0.623943
    outer loop
      vertex -11.7454 -3.09358 13.1881
      vertex -13.9476 -3.58113 16
      vertex -13.5751 -4.72771 16
    endloop
  endfacet
  facet normal 0.707094 0.332726 0.623948
    outer loop
      vertex -12.8755 -6.39183 16
      vertex -11.1573 -4.41749 13
      vertex -13.3888 -5.30099 16
    endloop
  endfacet
  facet normal 0.743243 0.241515 0.623907
    outer loop
      vertex -11.7454 -3.09358 13.1881
      vertex -11.1573 -4.41749 13
      vertex -11.4912 -3.38994 13
    endloop
  endfacet
  facet normal 0.743212 0.241495 0.623952
    outer loop
      vertex -13.5751 -4.72771 16
      vertex -11.1573 -4.41749 13
      vertex -11.7454 -3.09358 13.1881
    endloop
  endfacet
  facet normal 0.743206 0.241521 0.623949
    outer loop
      vertex -11.1573 -4.41749 13
      vertex -13.5751 -4.72771 16
      vertex -13.3888 -5.30099 16
    endloop
  endfacet
  facet normal -0.707076 -0.332783 0.623939
    outer loop
      vertex 10.5157 5.78104 13
      vertex 12.8755 6.39183 16
      vertex 12.6188 6.93725 16
    endloop
  endfacet
  facet normal -0.707101 -0.332717 0.623946
    outer loop
      vertex 12.8755 6.39183 16
      vertex 10.5157 5.78104 13
      vertex 11.1573 4.41749 13
    endloop
  endfacet
  facet normal 0.767642 -0.146348 0.623946
    outer loop
      vertex -13.9476 3.58113 16
      vertex -11.8729 2.92672 13.294
      vertex -11.8001 3.02975 13.2286
    endloop
  endfacet
  facet normal 0.767622 -0.14643 0.623951
    outer loop
      vertex -11.8729 2.92672 13.294
      vertex -13.9476 3.58113 16
      vertex -14.1735 2.39691 16
    endloop
  endfacet
  facet normal 0.767578 -0.148672 0.623475
    outer loop
      vertex -14.1735 2.39691 16
      vertex -11.8815 2.91461 13.3017
      vertex -11.8729 2.92672 13.294
    endloop
  endfacet
  facet normal 0.767624 -0.146546 0.623921
    outer loop
      vertex -14.1735 2.39691 16
      vertex -12.2756 2.22715 13.6251
      vertex -11.8815 2.91461 13.3017
    endloop
  endfacet
  facet normal 0.767606 -0.146492 0.623956
    outer loop
      vertex -12.5665 1.58752 13.833
      vertex -14.1735 2.39691 16
      vertex -14.2865 1.8048 16
    endloop
  endfacet
  facet normal 0.767657 -0.146328 0.623932
    outer loop
      vertex -14.1735 2.39691 16
      vertex -12.5665 1.58752 13.833
      vertex -12.2756 2.22715 13.6251
    endloop
  endfacet
  facet normal 0.707094 -0.332726 0.623948
    outer loop
      vertex -11.1573 4.41749 13
      vertex -12.8755 6.39183 16
      vertex -13.3888 5.30099 16
    endloop
  endfacet
  facet normal -0.707101 0.332717 0.623946
    outer loop
      vertex 10.5157 -5.78104 13
      vertex 12.8755 -6.39183 16
      vertex 11.1573 -4.41749 13
    endloop
  endfacet
  facet normal -0.707076 0.332783 0.623939
    outer loop
      vertex 12.8755 -6.39183 16
      vertex 10.5157 -5.78104 13
      vertex 12.6188 -6.93725 16
    endloop
  endfacet
  facet normal -0.743231 -0.24146 0.623943
    outer loop
      vertex 11.7454 3.09358 13.1881
      vertex 13.9476 3.58113 16
      vertex 13.5751 4.72771 16
    endloop
  endfacet
  facet normal -0.743331 -0.241106 0.623961
    outer loop
      vertex 13.9476 3.58113 16
      vertex 11.7454 3.09358 13.1881
      vertex 11.8001 3.02975 13.2286
    endloop
  endfacet
  facet normal 0.707101 0.332717 0.623946
    outer loop
      vertex -12.8755 -6.39183 16
      vertex -10.5157 -5.78104 13
      vertex -11.1573 -4.41749 13
    endloop
  endfacet
  facet normal 0.707076 0.332783 0.623939
    outer loop
      vertex -10.5157 -5.78104 13
      vertex -12.8755 -6.39183 16
      vertex -12.6188 -6.93725 16
    endloop
  endfacet
  facet normal 0.779868 -0.0496147 0.623975
    outer loop
      vertex -14.2865 1.8048 16
      vertex -12.5933 1.50457 13.8599
      vertex -12.5665 1.58752 13.833
    endloop
  endfacet
  facet normal 0.779933 -0.0490051 0.623941
    outer loop
      vertex -14.3243 1.2032 16
      vertex -12.5933 1.50457 13.8599
      vertex -14.2865 1.8048 16
    endloop
  endfacet
  facet normal 0.779933 -0.0489932 0.623942
    outer loop
      vertex -14.3243 1.2032 16
      vertex -12.7541 0.758265 14.0023
      vertex -12.5933 1.50457 13.8599
    endloop
  endfacet
  facet normal 0.779917 -0.049104 0.623954
    outer loop
      vertex -12.7541 0.758265 14.0023
      vertex -14.3243 1.2032 16
      vertex -12.7935 0.410755 14.0242
    endloop
  endfacet
  facet normal 0.659844 -0.418688 0.623944
    outer loop
      vertex -12.2958 7.4462 16
      vertex -11.0111 8 15.013
      vertex -11.9444 8 16
    endloop
  endfacet
  facet normal 0.659845 -0.418672 0.623954
    outer loop
      vertex -11.0111 8 15.013
      vertex -12.2958 7.4462 16
      vertex -9.7082 7.05342 13
    endloop
  endfacet
  facet normal -0.767578 -0.148672 0.623475
    outer loop
      vertex 11.8815 2.91461 13.3017
      vertex 14.1735 2.39691 16
      vertex 11.8729 2.92672 13.294
    endloop
  endfacet
  facet normal -0.767624 -0.146546 0.623921
    outer loop
      vertex 12.2756 2.22715 13.6251
      vertex 14.1735 2.39691 16
      vertex 11.8815 2.91461 13.3017
    endloop
  endfacet
  facet normal -0.767657 -0.146328 0.623932
    outer loop
      vertex 12.5665 1.58752 13.833
      vertex 14.1735 2.39691 16
      vertex 12.2756 2.22715 13.6251
    endloop
  endfacet
  facet normal -0.767606 -0.146492 0.623956
    outer loop
      vertex 14.1735 2.39691 16
      vertex 12.5665 1.58752 13.833
      vertex 14.2865 1.8048 16
    endloop
  endfacet
  facet normal -0.602134 -0.498123 0.623946
    outer loop
      vertex 9.7082 7.05342 13
      vertex 10.1829 8 14.2138
      vertex 8.92513 8 13
    endloop
  endfacet
  facet normal 0 0 1
    outer loop
      vertex 5 3.38994 13
      vertex 11.1573 4.41749 13
      vertex 10.5157 5.78104 13
    endloop
  endfacet
  facet normal 0 0 1
    outer loop
      vertex 5 3.38994 13
      vertex 10.5157 5.78104 13
      vertex 9.7082 7.05342 13
    endloop
  endfacet
  facet normal 0 0 1
    outer loop
      vertex 5 3.38994 13
      vertex 9.7082 7.05342 13
      vertex 8.92513 8 13
    endloop
  endfacet
  facet normal 0 0 1
    outer loop
      vertex 11.1573 4.41749 13
      vertex 5 3.38994 13
      vertex 11.4912 3.38994 13
    endloop
  endfacet
  facet normal 0 0 1
    outer loop
      vertex 5 3.38994 13
      vertex 1.6 0 13
      vertex 5 -3.38994 13
    endloop
  endfacet
  facet normal 0 0 1
    outer loop
      vertex -5 3.38994 13
      vertex 5 3.38994 13
      vertex 8.92513 8 13
    endloop
  endfacet
  facet normal 0 0 1
    outer loop
      vertex 5 3.38994 13
      vertex 1.58738 0.200533 13
      vertex 1.6 0 13
    endloop
  endfacet
  facet normal 0 0 1
    outer loop
      vertex 5 3.38994 13
      vertex 1.54973 0.397903 13
      vertex 1.58738 0.200533 13
    endloop
  endfacet
  facet normal 0 0 1
    outer loop
      vertex 5 3.38994 13
      vertex 1.48764 0.588999 13
      vertex 1.54973 0.397903 13
    endloop
  endfacet
  facet normal 0 0 1
    outer loop
      vertex 5 3.38994 13
      vertex 1.40209 0.770805 13
      vertex 1.48764 0.588999 13
    endloop
  endfacet
  facet normal 0 0 1
    outer loop
      vertex 5 3.38994 13
      vertex 1.29443 0.940456 13
      vertex 1.40209 0.770805 13
    endloop
  endfacet
  facet normal 0 0 1
    outer loop
      vertex 5 3.38994 13
      vertex 1.16635 1.09527 13
      vertex 1.29443 0.940456 13
    endloop
  endfacet
  facet normal 0 0 1
    outer loop
      vertex 5 3.38994 13
      vertex 1.01988 1.23282 13
      vertex 1.16635 1.09527 13
    endloop
  endfacet
  facet normal 0 0 1
    outer loop
      vertex 5 3.38994 13
      vertex 0.857323 1.35092 13
      vertex 1.01988 1.23282 13
    endloop
  endfacet
  facet normal 0 0 1
    outer loop
      vertex 5 3.38994 13
      vertex 0.681247 1.44772 13
      vertex 0.857323 1.35092 13
    endloop
  endfacet
  facet normal 0 0 1
    outer loop
      vertex 5 3.38994 13
      vertex 0.494427 1.52169 13
      vertex 0.681247 1.44772 13
    endloop
  endfacet
  facet normal 0 0 1
    outer loop
      vertex 5 3.38994 13
      vertex 0.299809 1.57166 13
      vertex 0.494427 1.52169 13
    endloop
  endfacet
  facet normal 0 0 1
    outer loop
      vertex 5 3.38994 13
      vertex 0.100465 1.59684 13
      vertex 0.299809 1.57166 13
    endloop
  endfacet
  facet normal 0 0 1
    outer loop
      vertex 5 3.38994 13
      vertex -5 3.38994 13
      vertex 0.100465 1.59684 13
    endloop
  endfacet
  facet normal 0 0 1
    outer loop
      vertex 0.100465 1.59684 13
      vertex -5 3.38994 13
      vertex -0.100465 1.59684 13
    endloop
  endfacet
  facet normal 0 0 1
    outer loop
      vertex -0.100465 1.59684 13
      vertex -5 3.38994 13
      vertex -0.299809 1.57166 13
    endloop
  endfacet
  facet normal 0 0 1
    outer loop
      vertex -0.299809 1.57166 13
      vertex -5 3.38994 13
      vertex -0.494427 1.52169 13
    endloop
  endfacet
  facet normal 0 0 1
    outer loop
      vertex -0.494427 1.52169 13
      vertex -5 3.38994 13
      vertex -0.681247 1.44772 13
    endloop
  endfacet
  facet normal 0 0 1
    outer loop
      vertex -1.58738 0.200533 13
      vertex -5 3.38994 13
      vertex -1.6 0 13
    endloop
  endfacet
  facet normal 0 0 1
    outer loop
      vertex -1.54973 0.397903 13
      vertex -5 3.38994 13
      vertex -1.58738 0.200533 13
    endloop
  endfacet
  facet normal 0 0 1
    outer loop
      vertex -1.48764 0.588999 13
      vertex -5 3.38994 13
      vertex -1.54973 0.397903 13
    endloop
  endfacet
  facet normal 0 0 1
    outer loop
      vertex -1.40209 0.770805 13
      vertex -5 3.38994 13
      vertex -1.48764 0.588999 13
    endloop
  endfacet
  facet normal 0 0 1
    outer loop
      vertex -1.29443 0.940456 13
      vertex -5 3.38994 13
      vertex -1.40209 0.770805 13
    endloop
  endfacet
  facet normal 0 0 1
    outer loop
      vertex -1.16635 1.09527 13
      vertex -5 3.38994 13
      vertex -1.29443 0.940456 13
    endloop
  endfacet
  facet normal 0 0 1
    outer loop
      vertex -1.01988 1.23282 13
      vertex -5 3.38994 13
      vertex -1.16635 1.09527 13
    endloop
  endfacet
  facet normal 0 0 1
    outer loop
      vertex -0.857323 1.35092 13
      vertex -5 3.38994 13
      vertex -1.01988 1.23282 13
    endloop
  endfacet
  facet normal 0 0 1
    outer loop
      vertex -0.681247 1.44772 13
      vertex -5 3.38994 13
      vertex -0.857323 1.35092 13
    endloop
  endfacet
  facet normal -0 0 1
    outer loop
      vertex -8.92513 8 13
      vertex -5 3.38994 13
      vertex 8.92513 8 13
    endloop
  endfacet
  facet normal -0 0 1
    outer loop
      vertex -9.7082 7.05342 13
      vertex -5 3.38994 13
      vertex -8.92513 8 13
    endloop
  endfacet
  facet normal -0 0 1
    outer loop
      vertex -10.5157 5.78104 13
      vertex -5 3.38994 13
      vertex -9.7082 7.05342 13
    endloop
  endfacet
  facet normal -0 0 1
    outer loop
      vertex -11.1573 4.41749 13
      vertex -5 3.38994 13
      vertex -10.5157 5.78104 13
    endloop
  endfacet
  facet normal 0 0 1
    outer loop
      vertex -5 3.38994 13
      vertex -11.1573 4.41749 13
      vertex -11.4912 3.38994 13
    endloop
  endfacet
  facet normal -0 0 1
    outer loop
      vertex 5 -3.38994 13
      vertex 11.1573 -4.41749 13
      vertex 11.4912 -3.38994 13
    endloop
  endfacet
  facet normal 0 0 1
    outer loop
      vertex 11.1573 -4.41749 13
      vertex 5 -3.38994 13
      vertex 10.5157 -5.78104 13
    endloop
  endfacet
  facet normal 0 0 1
    outer loop
      vertex 10.5157 -5.78104 13
      vertex 5 -3.38994 13
      vertex 9.7082 -7.05342 13
    endloop
  endfacet
  facet normal 0 0 1
    outer loop
      vertex 9.7082 -7.05342 13
      vertex 5 -3.38994 13
      vertex 8.92513 -8 13
    endloop
  endfacet
  facet normal -0 0 1
    outer loop
      vertex 1.58738 -0.200533 13
      vertex 5 -3.38994 13
      vertex 1.6 0 13
    endloop
  endfacet
  facet normal -0 0 1
    outer loop
      vertex 1.54973 -0.397903 13
      vertex 5 -3.38994 13
      vertex 1.58738 -0.200533 13
    endloop
  endfacet
  facet normal -0 0 1
    outer loop
      vertex 1.48764 -0.588999 13
      vertex 5 -3.38994 13
      vertex 1.54973 -0.397903 13
    endloop
  endfacet
  facet normal -0 0 1
    outer loop
      vertex 1.40209 -0.770805 13
      vertex 5 -3.38994 13
      vertex 1.48764 -0.588999 13
    endloop
  endfacet
  facet normal -0 0 1
    outer loop
      vertex 1.29443 -0.940456 13
      vertex 5 -3.38994 13
      vertex 1.40209 -0.770805 13
    endloop
  endfacet
  facet normal -0 0 1
    outer loop
      vertex 1.16635 -1.09527 13
      vertex 5 -3.38994 13
      vertex 1.29443 -0.940456 13
    endloop
  endfacet
  facet normal -0 0 1
    outer loop
      vertex 1.01988 -1.23282 13
      vertex 5 -3.38994 13
      vertex 1.16635 -1.09527 13
    endloop
  endfacet
  facet normal -0 0 1
    outer loop
      vertex 0.857323 -1.35092 13
      vertex 5 -3.38994 13
      vertex 1.01988 -1.23282 13
    endloop
  endfacet
  facet normal -0 0 1
    outer loop
      vertex 0.681247 -1.44772 13
      vertex 5 -3.38994 13
      vertex 0.857323 -1.35092 13
    endloop
  endfacet
  facet normal -0 0 1
    outer loop
      vertex 0.494427 -1.52169 13
      vertex 5 -3.38994 13
      vertex 0.681247 -1.44772 13
    endloop
  endfacet
  facet normal -0 0 1
    outer loop
      vertex 0.299809 -1.57166 13
      vertex 5 -3.38994 13
      vertex 0.494427 -1.52169 13
    endloop
  endfacet
  facet normal -0 0 1
    outer loop
      vertex 0.100465 -1.59684 13
      vertex 5 -3.38994 13
      vertex 0.299809 -1.57166 13
    endloop
  endfacet
  facet normal 0 0 1
    outer loop
      vertex -5 -3.38994 13
      vertex 5 -3.38994 13
      vertex 0.100465 -1.59684 13
    endloop
  endfacet
  facet normal 0 0 1
    outer loop
      vertex -5 -3.38994 13
      vertex 0.100465 -1.59684 13
      vertex -0.100465 -1.59684 13
    endloop
  endfacet
  facet normal 0 0 1
    outer loop
      vertex -5 -3.38994 13
      vertex -0.100465 -1.59684 13
      vertex -0.299809 -1.57166 13
    endloop
  endfacet
  facet normal 0 0 1
    outer loop
      vertex -5 -3.38994 13
      vertex -0.299809 -1.57166 13
      vertex -0.494427 -1.52169 13
    endloop
  endfacet
  facet normal 0 0 1
    outer loop
      vertex -5 -3.38994 13
      vertex -0.494427 -1.52169 13
      vertex -0.681247 -1.44772 13
    endloop
  endfacet
  facet normal 0 0 1
    outer loop
      vertex -5 -3.38994 13
      vertex -0.681247 -1.44772 13
      vertex -0.857323 -1.35092 13
    endloop
  endfacet
  facet normal 0 0 1
    outer loop
      vertex -5 -3.38994 13
      vertex -1.6 0 13
      vertex -5 3.38994 13
    endloop
  endfacet
  facet normal 0 0 1
    outer loop
      vertex -1.6 0 13
      vertex -5 -3.38994 13
      vertex -1.58738 -0.200533 13
    endloop
  endfacet
  facet normal 0 0 1
    outer loop
      vertex -1.58738 -0.200533 13
      vertex -5 -3.38994 13
      vertex -1.54973 -0.397903 13
    endloop
  endfacet
  facet normal 0 0 1
    outer loop
      vertex -1.54973 -0.397903 13
      vertex -5 -3.38994 13
      vertex -1.48764 -0.588999 13
    endloop
  endfacet
  facet normal 0 0 1
    outer loop
      vertex -1.48764 -0.588999 13
      vertex -5 -3.38994 13
      vertex -1.40209 -0.770805 13
    endloop
  endfacet
  facet normal 0 0 1
    outer loop
      vertex -1.40209 -0.770805 13
      vertex -5 -3.38994 13
      vertex -1.29443 -0.940456 13
    endloop
  endfacet
  facet normal 0 0 1
    outer loop
      vertex -1.29443 -0.940456 13
      vertex -5 -3.38994 13
      vertex -1.16635 -1.09527 13
    endloop
  endfacet
  facet normal 0 0 1
    outer loop
      vertex -5 -3.38994 13
      vertex -1.01988 -1.23282 13
      vertex -1.16635 -1.09527 13
    endloop
  endfacet
  facet normal 0 0 1
    outer loop
      vertex -5 -3.38994 13
      vertex -0.857323 -1.35092 13
      vertex -1.01988 -1.23282 13
    endloop
  endfacet
  facet normal 0 0 1
    outer loop
      vertex 5 -3.38994 13
      vertex -5 -3.38994 13
      vertex 8.92513 -8 13
    endloop
  endfacet
  facet normal 0 0 1
    outer loop
      vertex -5 -3.38994 13
      vertex -8.92513 -8 13
      vertex 8.92513 -8 13
    endloop
  endfacet
  facet normal 0 0 1
    outer loop
      vertex -5 -3.38994 13
      vertex -9.7082 -7.05342 13
      vertex -8.92513 -8 13
    endloop
  endfacet
  facet normal 0 0 1
    outer loop
      vertex -5 -3.38994 13
      vertex -10.5157 -5.78104 13
      vertex -9.7082 -7.05342 13
    endloop
  endfacet
  facet normal 0 0 1
    outer loop
      vertex -5 -3.38994 13
      vertex -11.1573 -4.41749 13
      vertex -10.5157 -5.78104 13
    endloop
  endfacet
  facet normal 0 -0 1
    outer loop
      vertex -11.1573 -4.41749 13
      vertex -5 -3.38994 13
      vertex -11.4912 -3.38994 13
    endloop
  endfacet
  facet normal -0.659815 -0.418745 0.623937
    outer loop
      vertex 9.7082 7.05342 13
      vertex 12.6188 6.93725 16
      vertex 12.2958 7.4462 16
    endloop
  endfacet
  facet normal -0.659815 -0.418743 0.623937
    outer loop
      vertex 12.6188 6.93725 16
      vertex 9.7082 7.05342 13
      vertex 10.5157 5.78104 13
    endloop
  endfacet
  facet normal 0.602134 0.498123 0.623946
    outer loop
      vertex -8.92513 -8 13
      vertex -9.7082 -7.05342 13
      vertex -10.1829 -8 14.2138
    endloop
  endfacet
  facet normal -0.707094 -0.332726 0.623948
    outer loop
      vertex 13.3888 5.30099 16
      vertex 12.8755 6.39183 16
      vertex 11.1573 4.41749 13
    endloop
  endfacet
  facet normal 0.707076 -0.332783 0.623939
    outer loop
      vertex -12.8755 6.39183 16
      vertex -10.5157 5.78104 13
      vertex -12.6188 6.93725 16
    endloop
  endfacet
  facet normal 0.707101 -0.332717 0.623946
    outer loop
      vertex -10.5157 5.78104 13
      vertex -12.8755 6.39183 16
      vertex -11.1573 4.41749 13
    endloop
  endfacet
  facet normal -0.602106 -0.498147 0.623954
    outer loop
      vertex 11.0111 8 15.013
      vertex 10.1829 8 14.2138
      vertex 9.7082 7.05342 13
    endloop
  endfacet
  facet normal 0.602106 0.498147 0.623954
    outer loop
      vertex -10.1829 -8 14.2138
      vertex -9.7082 -7.05342 13
      vertex -11.0111 -8 15.013
    endloop
  endfacet
  facet normal -0.743206 -0.241521 0.623949
    outer loop
      vertex 11.1573 4.41749 13
      vertex 13.5751 4.72771 16
      vertex 13.3888 5.30099 16
    endloop
  endfacet
  facet normal -0.743243 -0.241515 0.623907
    outer loop
      vertex 11.7454 3.09358 13.1881
      vertex 11.1573 4.41749 13
      vertex 11.4912 3.38994 13
    endloop
  endfacet
  facet normal -0.743212 -0.241495 0.623952
    outer loop
      vertex 11.1573 4.41749 13
      vertex 11.7454 3.09358 13.1881
      vertex 13.5751 4.72771 16
    endloop
  endfacet
  facet normal -0.659844 -0.418688 0.623944
    outer loop
      vertex 11.0111 8 15.013
      vertex 12.2958 7.4462 16
      vertex 11.9444 8 16
    endloop
  endfacet
  facet normal -0.659845 -0.418672 0.623954
    outer loop
      vertex 12.2958 7.4462 16
      vertex 11.0111 8 15.013
      vertex 9.7082 7.05342 13
    endloop
  endfacet
endsolid OpenSCAD_Model
